customer_id,first_name,last_name,email,city,region,country,signup_date,loyalty_tier,age_group
CUST_00001,Ruth,Griffiths,ruth.griffiths54@virgilio.it,Firenze,Toscana,Italy,2024-01-10,Silver,36-50
CUST_00002,Eugenia,Caracciolo,eugenia.caracciolo44@hotmail.it,Roma,Lazio,Italy,2024-05-24,Platinum,26-35
CUST_00003,Alfio,Leone,alfio.leone48@outlook.com,Roma,Lazio,Italy,2023-03-29,Gold,50+
CUST_00004,Henry,Smith,henry.smith93@icloud.com,Torino,Piemonte,Italy,2023-05-05,Gold,36-50
CUST_00005,Gioele,Garozzo,gioele.garozzo73@yahoo.it,Catania,Sicilia,Italy,2023-02-19,Gold,26-35
CUST_00006,Elladio,Camicione,elladio.camicione7@hotmail.it,Roma,Lazio,Italy,2023-02-16,Bronze,36-50
CUST_00007,Giorgia,Verdone,giorgia.verdone21@gmail.com,Torino,Piemonte,Italy,2020-06-28,Bronze,50+
CUST_00008,Calogero,Querini,calogero.querini87@yahoo.it,Torino,Piemonte,Italy,2022-10-16,Bronze,18-25
CUST_00009,Amedeo,Baggio,amedeo.baggio35@virgilio.it,Lecce,Puglia,Italy,2022-01-14,Bronze,36-50
CUST_00010,Carmelo,Galeati,carmelo.galeati85@email.it,Ancona,Marche,Italy,2022-04-28,Silver,36-50
CUST_00011,Gianpaolo,Tirabassi,gianpaolo.tirabassi63@virgilio.it,Verona,Veneto,Italy,2022-09-13,Silver,26-35
CUST_00012,Chiara,Avogadro,chiara.avogadro54@outlook.com,Roma,Lazio,Italy,2020-04-29,Silver,50+
CUST_00013,Bradley,Newman,bradley.newman28@yahoo.it,Milano,Lombardia,Italy,2021-11-23,Platinum,26-35
CUST_00014,Annamaria,Filangieri,annamaria.filangieri45@email.it,Firenze,Toscana,Italy,2019-08-21,Gold,26-35
CUST_00015,Sian,Cox,sian.cox15@outlook.com,Roma,Lazio,Italy,2024-06-06,Bronze,50+
CUST_00016,Lauretta,Verdone,lauretta.verdone87@virgilio.it,Napoli,Campania,Italy,2020-03-27,Bronze,36-50
CUST_00017,Piero,Galuppi,piero.galuppi68@outlook.com,Verona,Veneto,Italy,2021-04-21,Bronze,50+
CUST_00018,Janice,Hopkins,janice.hopkins6@libero.it,Trieste,Friuli-Venezia Giulia,Italy,2024-02-19,Bronze,36-50
CUST_00019,Ricciotti,Lettiere,ricciotti.lettiere51@gmail.com,Padova,Veneto,Italy,2022-07-07,Silver,36-50
CUST_00020,Mary,Higgins,mary.higgins1@libero.it,Torino,Piemonte,Italy,2020-05-23,Silver,50+
CUST_00021,Paloma,Alboni,paloma.alboni39@libero.it,Palermo,Sicilia,Italy,2022-01-10,Silver,18-25
CUST_00022,Colin,Lloyd,colin.lloyd99@hotmail.it,Firenze,Toscana,Italy,2020-03-18,Gold,36-50
CUST_00023,Maria,Cuomo,maria.cuomo98@outlook.com,Milano,Lombardia,Italy,2020-11-27,Gold,36-50
CUST_00024,Leanne,Foster,leanne.foster38@icloud.com,Catania,Sicilia,Italy,2019-06-25,Bronze,18-25
CUST_00025,Ilaria,Raimondi,ilaria.raimondi16@gmail.com,Milano,Lombardia,Italy,2022-04-20,Silver,36-50
CUST_00026,Chelsea,Ryan,chelsea.ryan64@email.it,Torino,Piemonte,Italy,2023-11-02,Bronze,18-25
CUST_00027,Massimiliano,Lettiere,massimiliano.lettiere23@hotmail.it,Firenze,Toscana,Italy,2022-12-22,Bronze,36-50
CUST_00028,Ermanno,Gabrieli,ermanno.gabrieli49@libero.it,Palermo,Sicilia,Italy,2023-01-22,Bronze,36-50
CUST_00029,Francesca,Harrison,francesca.harrison65@icloud.com,Bari,Puglia,Italy,2020-11-28,Bronze,50+
CUST_00030,Mariana,Morandini,mariana.morandini10@email.it,Firenze,Toscana,Italy,2021-10-23,Bronze,26-35
CUST_00031,Claudio,Cabibbo,claudio.cabibbo95@gmail.com,Verona,Veneto,Italy,2023-12-22,Bronze,36-50
CUST_00032,Nino,Cagnin,nino.cagnin56@gmail.com,Firenze,Toscana,Italy,2019-12-05,Silver,26-35
CUST_00033,Micheletto,Muratori,micheletto.muratori59@yahoo.it,Napoli,Campania,Italy,2024-01-07,Silver,36-50
CUST_00034,Claudia,Iannucci,claudia.iannucci41@email.it,Catania,Sicilia,Italy,2022-07-09,Bronze,36-50
CUST_00035,Ornella,Battaglia,ornella.battaglia74@email.it,Palermo,Sicilia,Italy,2023-12-12,Bronze,36-50
CUST_00036,Samantha,Quinn,samantha.quinn91@email.it,Reggio Calabria,Calabria,Italy,2021-08-30,Gold,50+
CUST_00037,Lina,Sauro,lina.sauro38@yahoo.it,Roma,Lazio,Italy,2021-10-13,Bronze,50+
CUST_00038,Adelasia,Cattaneo,adelasia.cattaneo52@gmail.com,Palermo,Sicilia,Italy,2023-08-20,Gold,18-25
CUST_00039,Joan,White,joan.white42@hotmail.it,Venezia,Veneto,Italy,2023-10-04,Silver,26-35
CUST_00040,Thomas,Reed,thomas.reed80@virgilio.it,Cagliari,Sardegna,Italy,2021-02-10,Bronze,36-50
CUST_00041,Nicolò,Bosurgi,nicolò.bosurgi89@icloud.com,Roma,Lazio,Italy,2024-05-29,Bronze,36-50
CUST_00042,Amanda,Magnani,amanda.magnani12@email.it,Bari,Puglia,Italy,2019-11-21,Bronze,26-35
CUST_00043,Renata,Opizzi,renata.opizzi14@libero.it,Bologna,Emilia-Romagna,Italy,2019-09-13,Bronze,36-50
CUST_00044,Aurora,Ferrabosco,aurora.ferrabosco56@email.it,Firenze,Toscana,Italy,2023-01-06,Bronze,26-35
CUST_00045,Irma,Bonanno,irma.bonanno68@yahoo.it,Napoli,Campania,Italy,2023-07-11,Silver,26-35
CUST_00046,Antonino,Gentilini,antonino.gentilini51@outlook.com,Firenze,Toscana,Italy,2024-05-15,Bronze,50+
CUST_00047,Martina,Luxardo,martina.luxardo96@icloud.com,Venezia,Veneto,Italy,2022-02-18,Silver,26-35
CUST_00048,Bernardo,Giannini,bernardo.giannini29@icloud.com,Trento,Trentino-Alto Adige,Italy,2019-01-12,Silver,18-25
CUST_00049,Sam,Harrison,sam.harrison22@yahoo.it,Bologna,Emilia-Romagna,Italy,2023-01-17,Bronze,18-25
CUST_00050,Maurice,White,maurice.white66@yahoo.it,Genova,Liguria,Italy,2021-06-30,Bronze,50+
CUST_00051,Stefania,Callegaro,stefania.callegaro68@libero.it,Bologna,Emilia-Romagna,Italy,2022-04-11,Bronze,50+
CUST_00052,Nino,Lettiere,nino.lettiere45@icloud.com,Milano,Lombardia,Italy,2022-07-17,Bronze,36-50
CUST_00053,Rodolfo,Ossani,rodolfo.ossani94@hotmail.it,Roma,Lazio,Italy,2019-08-26,Silver,26-35
CUST_00054,Robin,Andrews,robin.andrews31@yahoo.it,Napoli,Campania,Italy,2022-07-13,Bronze,50+
CUST_00055,Ettore,Paganini,ettore.paganini19@outlook.com,Firenze,Toscana,Italy,2022-03-30,Silver,36-50
CUST_00056,Michelangelo,Foscari,michelangelo.foscari26@hotmail.it,Roma,Lazio,Italy,2023-06-27,Bronze,50+
CUST_00057,Tom,Warner,tom.warner78@hotmail.it,Napoli,Campania,Italy,2023-03-22,Bronze,36-50
CUST_00058,Jessica,Glover,jessica.glover98@yahoo.it,Firenze,Toscana,Italy,2020-10-17,Silver,26-35
CUST_00059,Leigh,Butler,leigh.butler23@virgilio.it,Roma,Lazio,Italy,2020-12-13,Silver,36-50
CUST_00060,Samuel,Elliott,samuel.elliott60@virgilio.it,Napoli,Campania,Italy,2021-04-03,Bronze,26-35
CUST_00061,Germana,Interiano,germana.interiano88@icloud.com,Milano,Lombardia,Italy,2020-09-30,Bronze,26-35
CUST_00062,Iolanda,Bongiorno,iolanda.bongiorno81@icloud.com,Perugia,Umbria,Italy,2023-04-08,Silver,36-50
CUST_00063,Paula,Harvey,paula.harvey20@virgilio.it,Trieste,Friuli-Venezia Giulia,Italy,2024-06-24,Bronze,50+
CUST_00064,Gemma,Ferguson,gemma.ferguson9@virgilio.it,Catania,Sicilia,Italy,2023-04-01,Bronze,36-50
CUST_00065,Concetta,Donini,concetta.donini57@outlook.com,Milano,Lombardia,Italy,2023-01-23,Silver,36-50
CUST_00066,Vittorio,Gotti,vittorio.gotti36@gmail.com,Bari,Puglia,Italy,2022-02-28,Bronze,18-25
CUST_00067,Ettore,Scamarcio,ettore.scamarcio46@yahoo.it,Verona,Veneto,Italy,2021-08-19,Silver,18-25
CUST_00068,Billy,Norton,billy.norton40@virgilio.it,Bari,Puglia,Italy,2024-03-15,Silver,26-35
CUST_00069,Marian,Young,marian.young58@gmail.com,Milano,Lombardia,Italy,2024-05-24,Silver,36-50
CUST_00070,Nino,Jilani,nino.jilani8@icloud.com,Genova,Liguria,Italy,2022-07-31,Silver,36-50
CUST_00071,Eugenia,Volta,eugenia.volta37@yahoo.it,Padova,Veneto,Italy,2021-07-02,Silver,18-25
CUST_00072,Giancarlo,Mocenigo,giancarlo.mocenigo83@yahoo.it,Venezia,Veneto,Italy,2023-09-14,Silver,50+
CUST_00073,Linda,Mellor,linda.mellor79@email.it,Genova,Liguria,Italy,2020-05-13,Gold,26-35
CUST_00074,Geraldine,Rees,geraldine.rees60@gmail.com,Napoli,Campania,Italy,2023-09-08,Bronze,50+
CUST_00075,Irene,Wilson,irene.wilson58@libero.it,Bologna,Emilia-Romagna,Italy,2023-11-18,Bronze,36-50
CUST_00076,Rosaria,Bertolucci,rosaria.bertolucci42@virgilio.it,Milano,Lombardia,Italy,2020-04-18,Silver,18-25
CUST_00077,Gianmarco,Balbi,gianmarco.balbi65@hotmail.it,Genova,Liguria,Italy,2024-06-03,Silver,36-50
CUST_00078,Olga,Mennea,olga.mennea8@virgilio.it,Milano,Lombardia,Italy,2024-06-13,Bronze,36-50
CUST_00079,Pasquale,Interminelli,pasquale.interminelli14@icloud.com,Napoli,Campania,Italy,2024-04-15,Gold,36-50
CUST_00080,Gregory,Robinson,gregory.robinson92@yahoo.it,Firenze,Toscana,Italy,2022-07-30,Bronze,36-50
CUST_00081,Donald,Taylor,donald.taylor65@hotmail.it,Bologna,Emilia-Romagna,Italy,2021-03-22,Silver,18-25
CUST_00082,Jessica,White,jessica.white6@libero.it,Milano,Lombardia,Italy,2022-12-16,Silver,36-50
CUST_00083,Heather,Lee,heather.lee91@virgilio.it,Palermo,Sicilia,Italy,2022-03-18,Platinum,50+
CUST_00084,Baccio,Franceschi,baccio.franceschi57@hotmail.it,Verona,Veneto,Italy,2020-12-12,Bronze,18-25
CUST_00085,Ben,Middleton,ben.middleton47@icloud.com,Roma,Lazio,Italy,2022-03-25,Silver,26-35
CUST_00086,Rhys,Davies,rhys.davies37@email.it,Milano,Lombardia,Italy,2023-04-18,Bronze,50+
CUST_00087,Rita,Cross,rita.cross53@icloud.com,Roma,Lazio,Italy,2019-09-24,Bronze,26-35
CUST_00088,Antonella,Medici,antonella.medici87@gmail.com,Trieste,Friuli-Venezia Giulia,Italy,2021-10-02,Bronze,36-50
CUST_00089,Giacomo,Tarchetti,giacomo.tarchetti81@icloud.com,Bologna,Emilia-Romagna,Italy,2018-11-13,Silver,36-50
CUST_00090,Paolo,Sauli,paolo.sauli9@icloud.com,Napoli,Campania,Italy,2023-08-17,Bronze,36-50
CUST_00091,Eileen,Hammond,eileen.hammond13@email.it,Milano,Lombardia,Italy,2023-03-15,Bronze,26-35
CUST_00092,Emilio,Iannuzzi,emilio.iannuzzi37@outlook.com,Genova,Liguria,Italy,2019-08-17,Silver,26-35
CUST_00093,Elladio,Gradenigo,elladio.gradenigo93@hotmail.it,Trieste,Friuli-Venezia Giulia,Italy,2024-05-19,Silver,18-25
CUST_00094,Lucrezia,Zamorani,lucrezia.zamorani43@yahoo.it,Padova,Veneto,Italy,2018-12-23,Silver,36-50
CUST_00095,Adele,Iadanza,adele.iadanza75@hotmail.it,Genova,Liguria,Italy,2022-12-28,Gold,36-50
CUST_00096,Ludovica,Renzi,ludovica.renzi45@outlook.com,Milano,Lombardia,Italy,2023-09-22,Bronze,36-50
CUST_00097,Viridiana,Piane,viridiana.piane84@email.it,Milano,Lombardia,Italy,2023-10-08,Platinum,36-50
CUST_00098,Milo,Galilei,milo.galilei17@yahoo.it,Milano,Lombardia,Italy,2019-03-15,Gold,26-35
CUST_00099,Edoardo,Tommaseo,edoardo.tommaseo40@email.it,Roma,Lazio,Italy,2024-03-09,Bronze,18-25
CUST_00100,Heather,Thompson,heather.thompson83@icloud.com,Milano,Lombardia,Italy,2024-03-24,Bronze,50+
CUST_00101,Silvio,Burcardo,silvio.burcardo17@yahoo.it,Roma,Lazio,Italy,2022-11-13,Bronze,36-50
CUST_00102,Duncan,Humphries,duncan.humphries83@email.it,Torino,Piemonte,Italy,2022-07-06,Bronze,26-35
CUST_00103,Margherita,Bellini,margherita.bellini66@icloud.com,Ancona,Marche,Italy,2019-05-18,Silver,18-25
CUST_00104,Sonia,Capecchi,sonia.capecchi3@icloud.com,Venezia,Veneto,Italy,2022-11-14,Silver,18-25
CUST_00105,Jessica,Dixon,jessica.dixon40@hotmail.it,Padova,Veneto,Italy,2022-02-27,Silver,26-35
CUST_00106,Eraldo,Curatoli,eraldo.curatoli28@icloud.com,Catania,Sicilia,Italy,2023-09-18,Silver,50+
CUST_00107,Morena,Querini,morena.querini99@virgilio.it,Milano,Lombardia,Italy,2022-02-16,Bronze,50+
CUST_00108,Cassandra,Boccaccio,cassandra.boccaccio25@libero.it,Catania,Sicilia,Italy,2023-05-16,Gold,50+
CUST_00109,Ruth,Holmes,ruth.holmes18@hotmail.it,Firenze,Toscana,Italy,2020-01-26,Bronze,50+
CUST_00110,Orlando,Paruta,orlando.paruta10@outlook.com,Genova,Liguria,Italy,2020-05-14,Platinum,50+
CUST_00111,Gerald,Richardson,gerald.richardson13@gmail.com,Torino,Piemonte,Italy,2020-06-05,Bronze,36-50
CUST_00112,Cassandra,Scialpi,cassandra.scialpi85@icloud.com,Reggio Calabria,Calabria,Italy,2019-05-21,Platinum,26-35
CUST_00113,Vincenzo,Gregorio,vincenzo.gregorio99@hotmail.it,Roma,Lazio,Italy,2022-10-12,Bronze,36-50
CUST_00114,Angelica,Amato,angelica.amato77@email.it,Firenze,Toscana,Italy,2023-10-16,Bronze,26-35
CUST_00115,Giulia,Carocci,giulia.carocci20@hotmail.it,Perugia,Umbria,Italy,2023-01-28,Bronze,26-35
CUST_00116,Giuliana,Valier,giuliana.valier24@hotmail.it,Milano,Lombardia,Italy,2022-12-05,Silver,26-35
CUST_00117,Luisa,Interiano,luisa.interiano93@virgilio.it,Palermo,Sicilia,Italy,2023-05-12,Gold,36-50
CUST_00118,Marissa,Morpurgo,marissa.morpurgo6@email.it,Catania,Sicilia,Italy,2021-10-14,Bronze,26-35
CUST_00119,William,Wilson,william.wilson47@libero.it,Padova,Veneto,Italy,2021-11-28,Gold,26-35
CUST_00120,Costanzo,Magrassi,costanzo.magrassi57@outlook.com,Lecce,Puglia,Italy,2021-08-23,Silver,36-50
CUST_00121,Raffaellino,Cuda,raffaellino.cuda97@virgilio.it,Lecce,Puglia,Italy,2023-06-26,Silver,50+
CUST_00122,Ryan,Nelson,ryan.nelson30@libero.it,Milano,Lombardia,Italy,2020-08-11,Gold,36-50
CUST_00123,Rodolfo,Adinolfi,rodolfo.adinolfi40@virgilio.it,Padova,Veneto,Italy,2018-09-28,Bronze,50+
CUST_00124,Licia,Iannelli,licia.iannelli25@icloud.com,Genova,Liguria,Italy,2023-01-07,Bronze,26-35
CUST_00125,Joanne,Phillips,joanne.phillips87@virgilio.it,Genova,Liguria,Italy,2024-04-22,Gold,26-35
CUST_00126,Phillip,Johnston,phillip.johnston60@outlook.com,Milano,Lombardia,Italy,2023-01-27,Gold,36-50
CUST_00127,Temistocle,Emo,temistocle.emo49@email.it,Genova,Liguria,Italy,2023-10-01,Platinum,36-50
CUST_00128,Kirsty,Hawkins,kirsty.hawkins21@libero.it,Reggio Calabria,Calabria,Italy,2023-05-01,Gold,36-50
CUST_00129,Tonino,Canali,tonino.canali78@hotmail.it,Cagliari,Sardegna,Italy,2022-08-01,Bronze,36-50
CUST_00130,Susanna,Mancini,susanna.mancini33@gmail.com,Napoli,Campania,Italy,2023-07-05,Gold,36-50
CUST_00131,Rosalia,Tomaselli,rosalia.tomaselli83@virgilio.it,Milano,Lombardia,Italy,2023-11-25,Bronze,50+
CUST_00132,Guy,Kelly,guy.kelly48@yahoo.it,Torino,Piemonte,Italy,2021-01-29,Platinum,26-35
CUST_00133,Concetta,Filangieri,concetta.filangieri92@yahoo.it,Padova,Veneto,Italy,2021-10-07,Bronze,26-35
CUST_00134,Eraldo,Paltrinieri,eraldo.paltrinieri37@yahoo.it,Catania,Sicilia,Italy,2021-01-27,Silver,36-50
CUST_00135,Mariana,Cusano,mariana.cusano98@hotmail.it,Napoli,Campania,Italy,2022-05-15,Silver,18-25
CUST_00136,Adriana,Turchetta,adriana.turchetta35@virgilio.it,Milano,Lombardia,Italy,2024-02-11,Bronze,26-35
CUST_00137,Achille,Moccia,achille.moccia66@hotmail.it,Napoli,Campania,Italy,2021-10-26,Bronze,26-35
CUST_00138,Severino,Antonioni,severino.antonioni56@yahoo.it,Napoli,Campania,Italy,2021-12-22,Gold,26-35
CUST_00139,Costanzo,Orsini,costanzo.orsini29@virgilio.it,Perugia,Umbria,Italy,2024-01-11,Gold,18-25
CUST_00140,Tina,Martucci,tina.martucci45@gmail.com,Genova,Liguria,Italy,2022-08-31,Bronze,18-25
CUST_00141,Gino,Bevilacqua,gino.bevilacqua54@gmail.com,Firenze,Toscana,Italy,2022-10-03,Silver,36-50
CUST_00142,Gioacchino,Zola,gioacchino.zola51@icloud.com,Bologna,Emilia-Romagna,Italy,2024-01-11,Silver,36-50
CUST_00143,Bernardo,Briccialdi,bernardo.briccialdi31@email.it,Milano,Lombardia,Italy,2022-07-20,Bronze,36-50
CUST_00144,Lisa,Speri,lisa.speri11@icloud.com,Lecce,Puglia,Italy,2023-05-13,Bronze,36-50
CUST_00145,Dawn,Byrne,dawn.byrne29@gmail.com,Torino,Piemonte,Italy,2019-11-26,Gold,18-25
CUST_00146,Patrizia,Bompiani,patrizia.bompiani41@yahoo.it,Napoli,Campania,Italy,2020-09-29,Silver,26-35
CUST_00147,Maria,Tutino,maria.tutino92@icloud.com,Torino,Piemonte,Italy,2022-02-17,Silver,18-25
CUST_00148,Marisa,Cavanna,marisa.cavanna19@hotmail.it,Palermo,Sicilia,Italy,2022-07-28,Silver,50+
CUST_00149,Dionigi,Siffredi,dionigi.siffredi5@outlook.com,Palermo,Sicilia,Italy,2024-05-20,Bronze,36-50
CUST_00150,Amalia,Deledda,amalia.deledda61@hotmail.it,Catania,Sicilia,Italy,2024-05-26,Bronze,26-35
CUST_00151,Giustino,Tron,giustino.tron98@virgilio.it,Roma,Lazio,Italy,2023-12-30,Bronze,26-35
CUST_00152,Sylvia,Ramazzotti,sylvia.ramazzotti58@gmail.com,Firenze,Toscana,Italy,2021-08-25,Bronze,50+
CUST_00153,Giacomo,Vattimo,giacomo.vattimo11@gmail.com,Milano,Lombardia,Italy,2024-05-18,Silver,36-50
CUST_00154,Margherita,Filzi,margherita.filzi33@libero.it,Palermo,Sicilia,Italy,2023-05-25,Gold,50+
CUST_00155,Laura,Mazzacurati,laura.mazzacurati20@email.it,Milano,Lombardia,Italy,2022-01-27,Bronze,26-35
CUST_00156,Pasqual,Palombi,pasqual.palombi15@outlook.com,Venezia,Veneto,Italy,2023-06-11,Bronze,26-35
CUST_00157,Raimondo,Trapanese,raimondo.trapanese31@outlook.com,Trieste,Friuli-Venezia Giulia,Italy,2018-11-01,Silver,36-50
CUST_00158,Rocco,Casini,rocco.casini16@gmail.com,Trento,Trentino-Alto Adige,Italy,2020-06-25,Gold,36-50
CUST_00159,Gioffre,Gasperi,gioffre.gasperi31@email.it,Napoli,Campania,Italy,2023-12-02,Silver,36-50
CUST_00160,Azeglio,Moretti,azeglio.moretti82@virgilio.it,Napoli,Campania,Italy,2023-03-22,Gold,36-50
CUST_00161,Alessandro,Visintini,alessandro.visintini9@yahoo.it,Milano,Lombardia,Italy,2021-12-02,Silver,36-50
CUST_00162,Carly,Hale,carly.hale64@gmail.com,Palermo,Sicilia,Italy,2022-08-06,Silver,36-50
CUST_00163,Gianmarco,Galuppi,gianmarco.galuppi81@libero.it,Padova,Veneto,Italy,2024-03-07,Bronze,26-35
CUST_00164,Adriano,Bondumier,adriano.bondumier92@hotmail.it,Roma,Lazio,Italy,2023-03-01,Bronze,26-35
CUST_00165,Arthur,Davidson,arthur.davidson38@email.it,Napoli,Campania,Italy,2022-02-06,Bronze,50+
CUST_00166,Chelsea,Powell,chelsea.powell1@icloud.com,Padova,Veneto,Italy,2020-04-02,Silver,26-35
CUST_00167,Isabella,Biagiotti,isabella.biagiotti31@email.it,Trieste,Friuli-Venezia Giulia,Italy,2021-07-09,Gold,36-50
CUST_00168,Gianmarco,Boito,gianmarco.boito24@yahoo.it,Roma,Lazio,Italy,2024-06-05,Gold,36-50
CUST_00169,Fiona,Rowe,fiona.rowe68@icloud.com,Bologna,Emilia-Romagna,Italy,2022-04-19,Bronze,50+
CUST_00170,Carole,Matthews,carole.matthews9@gmail.com,Roma,Lazio,Italy,2022-06-18,Bronze,26-35
CUST_00171,Amedeo,Montalcini,amedeo.montalcini50@virgilio.it,Milano,Lombardia,Italy,2022-08-03,Bronze,26-35
CUST_00172,Benedetto,Tosi,benedetto.tosi6@email.it,Cagliari,Sardegna,Italy,2024-02-10,Bronze,50+
CUST_00173,Gilberto,Ligorio,gilberto.ligorio48@outlook.com,Padova,Veneto,Italy,2023-01-19,Silver,50+
CUST_00174,Gemma,Spanevello,gemma.spanevello96@gmail.com,Bari,Puglia,Italy,2023-05-31,Gold,36-50
CUST_00175,Giampaolo,Vattimo,giampaolo.vattimo46@yahoo.it,Milano,Lombardia,Italy,2022-01-20,Platinum,36-50
CUST_00176,Donatello,Serraglio,donatello.serraglio45@libero.it,Padova,Veneto,Italy,2019-02-09,Silver,26-35
CUST_00177,Gioachino,Serraglio,gioachino.serraglio94@yahoo.it,Napoli,Campania,Italy,2024-04-08,Gold,36-50
CUST_00178,Gerald,Turner,gerald.turner99@icloud.com,Torino,Piemonte,Italy,2024-04-30,Silver,50+
CUST_00179,Ornella,Pisaroni,ornella.pisaroni18@gmail.com,Bologna,Emilia-Romagna,Italy,2024-04-30,Bronze,50+
CUST_00180,Franco,Caccioppoli,franco.caccioppoli46@icloud.com,Milano,Lombardia,Italy,2024-04-24,Silver,18-25
CUST_00181,Ashley,Bond,ashley.bond83@hotmail.it,Bari,Puglia,Italy,2023-11-13,Silver,26-35
CUST_00182,George,Davey,george.davey88@virgilio.it,Venezia,Veneto,Italy,2023-05-18,Silver,36-50
CUST_00183,Cipriano,Ricciardi,cipriano.ricciardi90@virgilio.it,Roma,Lazio,Italy,2023-12-21,Bronze,50+
CUST_00184,Michelangelo,Randazzo,michelangelo.randazzo81@hotmail.it,Roma,Lazio,Italy,2023-01-13,Bronze,36-50
CUST_00185,Piergiorgio,Schiavone,piergiorgio.schiavone18@yahoo.it,Roma,Lazio,Italy,2020-05-19,Bronze,26-35
CUST_00186,Stefani,Bernini,stefani.bernini92@virgilio.it,Milano,Lombardia,Italy,2022-01-24,Platinum,18-25
CUST_00187,Giada,Caironi,giada.caironi5@outlook.com,Venezia,Veneto,Italy,2024-05-27,Bronze,36-50
CUST_00188,Augusto,Pinamonte,augusto.pinamonte26@gmail.com,Padova,Veneto,Italy,2021-11-06,Silver,18-25
CUST_00189,Lilla,Morlacchi,lilla.morlacchi26@gmail.com,Milano,Lombardia,Italy,2024-01-20,Silver,50+
CUST_00190,Nicoletta,Cantimori,nicoletta.cantimori41@outlook.com,Milano,Lombardia,Italy,2019-12-26,Bronze,36-50
CUST_00191,Gionata,Fermi,gionata.fermi66@email.it,Bologna,Emilia-Romagna,Italy,2021-10-03,Silver,36-50
CUST_00192,Franco,Valguarnera,franco.valguarnera70@virgilio.it,Padova,Veneto,Italy,2021-11-06,Gold,26-35
CUST_00193,Ricciotti,Cimarosa,ricciotti.cimarosa33@gmail.com,Firenze,Toscana,Italy,2019-06-23,Bronze,50+
CUST_00194,Piersanti,Falcone,piersanti.falcone97@libero.it,Torino,Piemonte,Italy,2020-03-29,Gold,26-35
CUST_00195,Gustavo,Scandone,gustavo.scandone37@icloud.com,Venezia,Veneto,Italy,2020-11-08,Bronze,26-35
CUST_00196,Jamie,Gould,jamie.gould7@icloud.com,Firenze,Toscana,Italy,2023-12-13,Bronze,50+
CUST_00197,Gionata,Borromini,gionata.borromini35@yahoo.it,Milano,Lombardia,Italy,2019-08-21,Gold,50+
CUST_00198,Rembrandt,Vigliotti,rembrandt.vigliotti48@email.it,Catania,Sicilia,Italy,2021-07-20,Gold,50+
CUST_00199,Sam,James,sam.james52@virgilio.it,Genova,Liguria,Italy,2018-08-27,Platinum,26-35
CUST_00200,Cirillo,Benussi,cirillo.benussi50@icloud.com,Venezia,Veneto,Italy,2023-06-03,Silver,18-25
CUST_00201,Fernanda,Veltroni,fernanda.veltroni24@virgilio.it,Bari,Puglia,Italy,2023-02-12,Gold,18-25
CUST_00202,Romina,Anguillara,romina.anguillara89@virgilio.it,Palermo,Sicilia,Italy,2023-03-21,Gold,26-35
CUST_00203,Carmelo,Ginese,carmelo.ginese48@outlook.com,Roma,Lazio,Italy,2021-12-22,Gold,36-50
CUST_00204,Mary,Anderson,mary.anderson11@email.it,Torino,Piemonte,Italy,2020-12-18,Silver,26-35
CUST_00205,Fabio,Pisano,fabio.pisano11@email.it,Milano,Lombardia,Italy,2023-07-07,Bronze,36-50
CUST_00206,Sebastiano,Sollima,sebastiano.sollima78@hotmail.it,Milano,Lombardia,Italy,2023-11-08,Gold,26-35
CUST_00207,Giampaolo,Pietrangeli,giampaolo.pietrangeli70@outlook.com,Palermo,Sicilia,Italy,2020-06-02,Bronze,26-35
CUST_00208,Atenulf,Dandolo,atenulf.dandolo42@yahoo.it,Trieste,Friuli-Venezia Giulia,Italy,2022-07-14,Silver,50+
CUST_00209,Nino,Accardo,nino.accardo11@icloud.com,Lecce,Puglia,Italy,2021-03-29,Bronze,26-35
CUST_00210,Ottavio,Impastato,ottavio.impastato85@outlook.com,Genova,Liguria,Italy,2020-08-30,Silver,26-35
CUST_00211,Mercedes,Santorio,mercedes.santorio40@virgilio.it,Roma,Lazio,Italy,2023-07-27,Bronze,26-35
CUST_00212,Emma,Palmer,emma.palmer78@email.it,Milano,Lombardia,Italy,2022-10-07,Bronze,18-25
CUST_00213,Ivan,Ramazzotti,ivan.ramazzotti22@virgilio.it,Verona,Veneto,Italy,2021-01-08,Gold,36-50
CUST_00214,Ida,Vivaldi,ida.vivaldi45@virgilio.it,Venezia,Veneto,Italy,2021-08-14,Bronze,26-35
CUST_00215,Fortunata,Spinelli,fortunata.spinelli6@icloud.com,Genova,Liguria,Italy,2024-05-22,Silver,36-50
CUST_00216,Ermanno,Faugno,ermanno.faugno79@email.it,Verona,Veneto,Italy,2023-12-27,Bronze,50+
CUST_00217,Laureano,Gaiatto,laureano.gaiatto36@gmail.com,Catania,Sicilia,Italy,2024-02-04,Bronze,36-50
CUST_00218,Arturo,Veneziano,arturo.veneziano10@email.it,Padova,Veneto,Italy,2022-05-29,Bronze,18-25
CUST_00219,Augusto,Mazzini,augusto.mazzini47@hotmail.it,Milano,Lombardia,Italy,2023-02-18,Silver,36-50
CUST_00220,Arturo,Benigni,arturo.benigni4@hotmail.it,Bari,Puglia,Italy,2021-12-27,Bronze,18-25
CUST_00221,Bettina,Sinisi,bettina.sinisi78@virgilio.it,Padova,Veneto,Italy,2019-10-24,Gold,36-50
CUST_00222,Jade,Hill,jade.hill5@hotmail.it,Firenze,Toscana,Italy,2022-02-11,Bronze,36-50
CUST_00223,Tiziano,Turchi,tiziano.turchi9@libero.it,Genova,Liguria,Italy,2023-01-03,Bronze,26-35
CUST_00224,Ermenegildo,Bettin,ermenegildo.bettin83@icloud.com,Firenze,Toscana,Italy,2021-06-25,Bronze,50+
CUST_00225,Torquato,Botticelli,torquato.botticelli47@email.it,Ancona,Marche,Italy,2023-12-26,Bronze,50+
CUST_00226,Andrea,Taylor,andrea.taylor73@gmail.com,Milano,Lombardia,Italy,2020-07-11,Silver,50+
CUST_00227,Serafina,Fantoni,serafina.fantoni78@hotmail.it,Venezia,Veneto,Italy,2021-12-08,Gold,26-35
CUST_00228,Bartolomeo,Boldù,bartolomeo.boldù87@virgilio.it,Roma,Lazio,Italy,2020-04-18,Silver,36-50
CUST_00229,Mark,Davies,mark.davies48@icloud.com,Catania,Sicilia,Italy,2022-02-18,Bronze,50+
CUST_00230,Geoffrey,Richardson,geoffrey.richardson57@yahoo.it,Roma,Lazio,Italy,2019-04-18,Bronze,26-35
CUST_00231,Paula,Myers,paula.myers74@hotmail.it,Roma,Lazio,Italy,2021-05-23,Bronze,50+
CUST_00232,Gianna,Gibilisco,gianna.gibilisco68@icloud.com,Napoli,Campania,Italy,2022-02-11,Platinum,18-25
CUST_00233,Patrizio,Casarin,patrizio.casarin51@icloud.com,Cagliari,Sardegna,Italy,2022-06-29,Bronze,18-25
CUST_00234,Veronica,Gozzi,veronica.gozzi84@outlook.com,Roma,Lazio,Italy,2022-10-16,Silver,36-50
CUST_00235,Jemma,Cook,jemma.cook32@yahoo.it,Roma,Lazio,Italy,2021-05-29,Bronze,36-50
CUST_00236,Barbara,Barsanti,barbara.barsanti4@hotmail.it,Bari,Puglia,Italy,2022-09-13,Bronze,36-50
CUST_00237,Donatella,Bragadin,donatella.bragadin64@email.it,Napoli,Campania,Italy,2022-08-20,Bronze,50+
CUST_00238,Piero,Zetticci,piero.zetticci72@yahoo.it,Cagliari,Sardegna,Italy,2021-08-27,Bronze,18-25
CUST_00239,Billy,Williams,billy.williams34@outlook.com,Roma,Lazio,Italy,2023-12-03,Silver,26-35
CUST_00240,Valerio,Mercadante,valerio.mercadante91@virgilio.it,Genova,Liguria,Italy,2022-10-19,Bronze,50+
CUST_00241,Giulio,Fittipaldi,giulio.fittipaldi28@outlook.com,Roma,Lazio,Italy,2021-09-29,Silver,26-35
CUST_00242,Gemma,Mazzocchi,gemma.mazzocchi89@virgilio.it,Roma,Lazio,Italy,2024-04-28,Bronze,36-50
CUST_00243,Gino,Impastato,gino.impastato26@yahoo.it,Palermo,Sicilia,Italy,2023-12-22,Platinum,36-50
CUST_00244,Paolo,Chechi,paolo.chechi18@yahoo.it,Venezia,Veneto,Italy,2024-06-10,Bronze,18-25
CUST_00245,Germana,Mantegazza,germana.mantegazza58@hotmail.it,Bari,Puglia,Italy,2023-05-29,Gold,26-35
CUST_00246,Roman,Mercadante,roman.mercadante92@virgilio.it,Firenze,Toscana,Italy,2021-12-30,Gold,36-50
CUST_00247,Luisa,Bonolis,luisa.bonolis12@icloud.com,Napoli,Campania,Italy,2021-06-11,Platinum,50+
CUST_00248,Agnolo,Satta,agnolo.satta86@icloud.com,Torino,Piemonte,Italy,2023-04-17,Bronze,36-50
CUST_00249,Donna,Zanzi,donna.zanzi91@yahoo.it,Reggio Calabria,Calabria,Italy,2024-06-08,Silver,36-50
CUST_00250,Ciro,Borghese,ciro.borghese71@outlook.com,Firenze,Toscana,Italy,2023-02-22,Bronze,36-50
CUST_00251,Adele,Fusani,adele.fusani39@hotmail.it,Firenze,Toscana,Italy,2024-02-07,Bronze,26-35
CUST_00252,Tonino,Impastato,tonino.impastato92@hotmail.it,Torino,Piemonte,Italy,2021-09-23,Bronze,18-25
CUST_00253,Donatello,Navone,donatello.navone47@libero.it,Bologna,Emilia-Romagna,Italy,2022-02-22,Bronze,26-35
CUST_00254,Tonia,Bombieri,tonia.bombieri16@libero.it,Roma,Lazio,Italy,2024-03-09,Platinum,18-25
CUST_00255,Tiziana,Gottardi,tiziana.gottardi18@libero.it,Cagliari,Sardegna,Italy,2023-08-27,Bronze,26-35
CUST_00256,Sandra,Harper,sandra.harper64@gmail.com,Roma,Lazio,Italy,2024-06-08,Silver,26-35
CUST_00257,Napoleone,Lucarelli,napoleone.lucarelli47@icloud.com,Trento,Trentino-Alto Adige,Italy,2023-09-20,Silver,26-35
CUST_00258,Marcus,Page,marcus.page60@hotmail.it,Milano,Lombardia,Italy,2022-05-09,Silver,18-25
CUST_00259,Ermenegildo,Roncalli,ermenegildo.roncalli79@yahoo.it,Palermo,Sicilia,Italy,2022-09-26,Silver,36-50
CUST_00260,Roberta,Vento,roberta.vento9@outlook.com,Cagliari,Sardegna,Italy,2024-03-01,Bronze,36-50
CUST_00261,Antony,Buckley,antony.buckley51@virgilio.it,Roma,Lazio,Italy,2022-10-29,Silver,18-25
CUST_00262,Irma,Marazzi,irma.marazzi68@email.it,Lecce,Puglia,Italy,2021-04-13,Bronze,50+
CUST_00263,Daria,Trupiano,daria.trupiano99@email.it,Napoli,Campania,Italy,2022-04-16,Gold,18-25
CUST_00264,Agnolo,Vismara,agnolo.vismara74@yahoo.it,Ancona,Marche,Italy,2022-09-01,Silver,50+
CUST_00265,Leonardo,Cammarata,leonardo.cammarata17@icloud.com,Palermo,Sicilia,Italy,2020-01-08,Platinum,18-25
CUST_00266,Kenneth,Taylor,kenneth.taylor83@yahoo.it,Firenze,Toscana,Italy,2023-08-09,Bronze,50+
CUST_00267,Joel,Gray,joel.gray58@virgilio.it,Roma,Lazio,Italy,2020-02-24,Bronze,18-25
CUST_00268,Kathleen,John,kathleen.john88@icloud.com,Firenze,Toscana,Italy,2022-02-18,Bronze,36-50
CUST_00269,Tina,Chindamo,tina.chindamo17@hotmail.it,Milano,Lombardia,Italy,2023-10-30,Bronze,26-35
CUST_00270,Carl,Patel,carl.patel99@hotmail.it,Roma,Lazio,Italy,2022-06-11,Bronze,36-50
CUST_00271,Shaun,Powell,shaun.powell56@gmail.com,Milano,Lombardia,Italy,2023-12-18,Silver,26-35
CUST_00272,Giustino,Carpaccio,giustino.carpaccio16@hotmail.it,Napoli,Campania,Italy,2021-10-19,Bronze,18-25
CUST_00273,Veronica,Canevascini,veronica.canevascini39@hotmail.it,Verona,Veneto,Italy,2024-05-11,Silver,36-50
CUST_00274,Melanie,Bell,melanie.bell21@icloud.com,Roma,Lazio,Italy,2020-12-21,Gold,18-25
CUST_00275,Luciana,Visconti,luciana.visconti91@libero.it,Milano,Lombardia,Italy,2019-04-09,Silver,50+
CUST_00276,June,Duncan,june.duncan45@outlook.com,Genova,Liguria,Italy,2024-01-26,Bronze,18-25
CUST_00277,Ermanno,Lanfranchi,ermanno.lanfranchi11@outlook.com,Roma,Lazio,Italy,2023-08-21,Bronze,36-50
CUST_00278,Jack,Griffiths,jack.griffiths26@outlook.com,Milano,Lombardia,Italy,2021-02-16,Bronze,36-50
CUST_00279,Ignazio,Fracci,ignazio.fracci17@outlook.com,Roma,Lazio,Italy,2024-06-12,Bronze,26-35
CUST_00280,Letizia,Mozart,letizia.mozart79@yahoo.it,Perugia,Umbria,Italy,2022-08-09,Silver,26-35
CUST_00281,Gastone,Iannotti,gastone.iannotti65@hotmail.it,Padova,Veneto,Italy,2024-05-03,Bronze,36-50
CUST_00282,Linda,Shaw,linda.shaw76@hotmail.it,Torino,Piemonte,Italy,2022-08-14,Gold,36-50
CUST_00283,Toni,Staglieno,toni.staglieno22@icloud.com,Palermo,Sicilia,Italy,2022-06-18,Silver,50+
CUST_00284,Giorgio,Berengario,giorgio.berengario73@gmail.com,Bologna,Emilia-Romagna,Italy,2022-05-10,Silver,26-35
CUST_00285,Carmelo,Randazzo,carmelo.randazzo4@yahoo.it,Palermo,Sicilia,Italy,2021-10-05,Bronze,36-50
CUST_00286,Mohammad,Smith,mohammad.smith6@outlook.com,Palermo,Sicilia,Italy,2022-09-30,Bronze,26-35
CUST_00287,Renata,Lercari,renata.lercari84@libero.it,Genova,Liguria,Italy,2022-05-16,Silver,26-35
CUST_00288,Cameron,Shaw,cameron.shaw99@email.it,Roma,Lazio,Italy,2019-03-31,Bronze,36-50
CUST_00289,Antonello,Agazzi,antonello.agazzi80@gmail.com,Milano,Lombardia,Italy,2021-04-25,Bronze,26-35
CUST_00290,Mariano,Ceschi,mariano.ceschi64@outlook.com,Napoli,Campania,Italy,2020-12-31,Bronze,26-35
CUST_00291,Etta,Iacobucci,etta.iacobucci83@outlook.com,Trento,Trentino-Alto Adige,Italy,2024-01-20,Bronze,26-35
CUST_00292,Ernesto,Rossini,ernesto.rossini62@libero.it,Bologna,Emilia-Romagna,Italy,2023-01-11,Silver,36-50
CUST_00293,Jason,Cunningham,jason.cunningham88@email.it,Padova,Veneto,Italy,2023-09-05,Bronze,50+
CUST_00294,Amanda,Renier,amanda.renier39@virgilio.it,Reggio Calabria,Calabria,Italy,2024-05-10,Silver,36-50
CUST_00295,Annamaria,Aloisio,annamaria.aloisio10@gmail.com,Roma,Lazio,Italy,2023-03-20,Bronze,36-50
CUST_00296,Danielle,Sharp,danielle.sharp21@virgilio.it,Palermo,Sicilia,Italy,2024-06-10,Silver,36-50
CUST_00297,Costanzo,Borromini,costanzo.borromini54@virgilio.it,Palermo,Sicilia,Italy,2021-08-17,Gold,36-50
CUST_00298,Valentina,Contarini,valentina.contarini60@libero.it,Lecce,Puglia,Italy,2020-10-20,Gold,18-25
CUST_00299,Stacey,Miller,stacey.miller44@hotmail.it,Reggio Calabria,Calabria,Italy,2022-02-15,Bronze,18-25
CUST_00300,Alina,Barcaccia,alina.barcaccia41@icloud.com,Palermo,Sicilia,Italy,2022-06-17,Bronze,18-25
CUST_00301,Romana,Pacomio,romana.pacomio94@icloud.com,Roma,Lazio,Italy,2024-02-24,Bronze,36-50
CUST_00302,Scott,Knowles,scott.knowles52@hotmail.it,Verona,Veneto,Italy,2022-11-11,Silver,50+
CUST_00303,Berenice,Viola,berenice.viola98@icloud.com,Milano,Lombardia,Italy,2021-07-06,Silver,26-35
CUST_00304,Enrico,Riccati,enrico.riccati66@yahoo.it,Verona,Veneto,Italy,2023-08-07,Silver,26-35
CUST_00305,Dionigi,Bassi,dionigi.bassi41@libero.it,Cagliari,Sardegna,Italy,2022-08-15,Bronze,50+
CUST_00306,Georgina,O'Brien,georgina.obrien60@yahoo.it,Torino,Piemonte,Italy,2020-08-13,Silver,50+
CUST_00307,Livio,Oscuro,livio.oscuro35@virgilio.it,Genova,Liguria,Italy,2022-12-08,Bronze,36-50
CUST_00308,Vittoria,Barsanti,vittoria.barsanti32@hotmail.it,Napoli,Campania,Italy,2024-03-15,Silver,26-35
CUST_00309,Debra,Carr,debra.carr13@gmail.com,Napoli,Campania,Italy,2023-12-19,Bronze,18-25
CUST_00310,Mary,Arnold,mary.arnold38@email.it,Firenze,Toscana,Italy,2022-12-23,Silver,18-25
CUST_00311,Vittoria,Nugnes,vittoria.nugnes79@email.it,Bari,Puglia,Italy,2021-12-27,Bronze,18-25
CUST_00312,Giacobbe,Greco,giacobbe.greco32@hotmail.it,Perugia,Umbria,Italy,2019-12-01,Bronze,26-35
CUST_00313,Gelsomina,Camilleri,gelsomina.camilleri42@icloud.com,Perugia,Umbria,Italy,2022-06-15,Silver,36-50
CUST_00314,Sheila,Mitchell,sheila.mitchell25@hotmail.it,Roma,Lazio,Italy,2023-08-20,Bronze,18-25
CUST_00315,Michelangelo,Zacco,michelangelo.zacco64@virgilio.it,Trieste,Friuli-Venezia Giulia,Italy,2021-11-25,Silver,18-25
CUST_00316,Valentina,Pisano,valentina.pisano64@outlook.com,Catania,Sicilia,Italy,2021-02-25,Silver,26-35
CUST_00317,Hollie,Lawson,hollie.lawson64@gmail.com,Roma,Lazio,Italy,2024-04-09,Silver,36-50
CUST_00318,Graeme,Matthews,graeme.matthews12@email.it,Milano,Lombardia,Italy,2023-11-21,Bronze,36-50
CUST_00319,Donatella,Costalonga,donatella.costalonga65@virgilio.it,Roma,Lazio,Italy,2023-03-11,Bronze,36-50
CUST_00320,Vanessa,Brooks,vanessa.brooks31@libero.it,Cagliari,Sardegna,Italy,2020-05-27,Silver,26-35
CUST_00321,Gilberto,Cutuli,gilberto.cutuli75@icloud.com,Genova,Liguria,Italy,2020-06-22,Bronze,26-35
CUST_00322,Jennifer,Lyons,jennifer.lyons7@gmail.com,Catania,Sicilia,Italy,2020-02-02,Silver,18-25
CUST_00323,Nicoletta,Eco,nicoletta.eco37@virgilio.it,Roma,Lazio,Italy,2023-02-06,Bronze,26-35
CUST_00324,Tonia,Pometta,tonia.pometta77@virgilio.it,Catania,Sicilia,Italy,2020-03-17,Bronze,50+
CUST_00325,Alison,O'Neill,alison.oneill37@gmail.com,Milano,Lombardia,Italy,2023-12-19,Bronze,50+
CUST_00326,Alfio,Errani,alfio.errani14@email.it,Torino,Piemonte,Italy,2024-06-22,Bronze,36-50
CUST_00327,Loredana,Montanelli,loredana.montanelli18@outlook.com,Genova,Liguria,Italy,2021-12-07,Bronze,50+
CUST_00328,Eric,Collins,eric.collins94@icloud.com,Roma,Lazio,Italy,2022-05-18,Silver,36-50
CUST_00329,Michael,Fox,michael.fox98@email.it,Padova,Veneto,Italy,2023-06-25,Silver,18-25
CUST_00330,Melissa,Polizzi,melissa.polizzi47@gmail.com,Roma,Lazio,Italy,2024-04-16,Bronze,50+
CUST_00331,Nina,Grassi,nina.grassi52@gmail.com,Palermo,Sicilia,Italy,2024-02-22,Platinum,18-25
CUST_00332,Goffredo,Cuomo,goffredo.cuomo73@libero.it,Torino,Piemonte,Italy,2019-07-24,Silver,36-50
CUST_00333,Milena,Cannizzaro,milena.cannizzaro47@outlook.com,Venezia,Veneto,Italy,2020-09-02,Gold,26-35
CUST_00334,Orazio,Barozzi,orazio.barozzi10@email.it,Milano,Lombardia,Italy,2023-08-24,Silver,26-35
CUST_00335,Sole,Segrè,sole.segrè65@virgilio.it,Milano,Lombardia,Italy,2023-05-24,Silver,36-50
CUST_00336,Bernard,Fox,bernard.fox98@outlook.com,Cagliari,Sardegna,Italy,2020-05-15,Bronze,26-35
CUST_00337,Gianfrancesco,Filippelli,gianfrancesco.filippelli80@yahoo.it,Roma,Lazio,Italy,2022-08-09,Bronze,26-35
CUST_00338,Paulina,Sbarbaro,paulina.sbarbaro17@yahoo.it,Padova,Veneto,Italy,2023-09-28,Bronze,26-35
CUST_00339,Maurizio,Marino,maurizio.marino51@icloud.com,Reggio Calabria,Calabria,Italy,2021-01-14,Silver,26-35
CUST_00340,Thomas,Hammond,thomas.hammond44@icloud.com,Roma,Lazio,Italy,2024-01-24,Bronze,50+
CUST_00341,Pina,Gentilini,pina.gentilini97@hotmail.it,Roma,Lazio,Italy,2019-06-30,Silver,36-50
CUST_00342,Gianfranco,Ariosto,gianfranco.ariosto26@email.it,Palermo,Sicilia,Italy,2023-09-30,Bronze,36-50
CUST_00343,Flora,Ferragni,flora.ferragni65@gmail.com,Lecce,Puglia,Italy,2023-02-06,Gold,26-35
CUST_00344,Pasqual,Mondaini,pasqual.mondaini6@gmail.com,Cagliari,Sardegna,Italy,2021-08-25,Bronze,50+
CUST_00345,Gustavo,Bonanno,gustavo.bonanno18@icloud.com,Napoli,Campania,Italy,2023-07-08,Bronze,26-35
CUST_00346,Julia,Howard,julia.howard61@virgilio.it,Verona,Veneto,Italy,2023-09-30,Bronze,26-35
CUST_00347,Joseph,Howe,joseph.howe20@hotmail.it,Milano,Lombardia,Italy,2024-04-12,Bronze,26-35
CUST_00348,Martina,Liguori,martina.liguori42@icloud.com,Lecce,Puglia,Italy,2021-12-09,Bronze,50+
CUST_00349,Maurizio,Tommaseo,maurizio.tommaseo21@email.it,Lecce,Puglia,Italy,2023-05-20,Silver,18-25
CUST_00350,Mohamed,Bruce,mohamed.bruce79@outlook.com,Roma,Lazio,Italy,2023-01-17,Bronze,18-25
CUST_00351,Frank,White,frank.white76@icloud.com,Firenze,Toscana,Italy,2022-09-16,Bronze,36-50
CUST_00352,Pasqual,Valguarnera,pasqual.valguarnera65@virgilio.it,Milano,Lombardia,Italy,2024-02-18,Gold,26-35
CUST_00353,Marco,Babato,marco.babato91@outlook.com,Roma,Lazio,Italy,2018-05-14,Bronze,36-50
CUST_00354,Daniele,Gulotta,daniele.gulotta61@gmail.com,Padova,Veneto,Italy,2021-06-14,Gold,36-50
CUST_00355,Ferdinando,Impastato,ferdinando.impastato48@icloud.com,Torino,Piemonte,Italy,2022-10-07,Platinum,26-35
CUST_00356,Danielle,Stevens,danielle.stevens87@yahoo.it,Milano,Lombardia,Italy,2020-09-28,Bronze,18-25
CUST_00357,Wayne,Wood,wayne.wood54@outlook.com,Torino,Piemonte,Italy,2024-03-11,Bronze,18-25
CUST_00358,Alexandra,Allen,alexandra.allen93@gmail.com,Reggio Calabria,Calabria,Italy,2023-03-25,Bronze,50+
CUST_00359,Angelo,Canova,angelo.canova77@virgilio.it,Genova,Liguria,Italy,2022-06-29,Silver,50+
CUST_00360,Cassandra,Rizzo,cassandra.rizzo34@libero.it,Torino,Piemonte,Italy,2023-11-12,Silver,26-35
CUST_00361,Norman,McKenzie,norman.mckenzie93@gmail.com,Roma,Lazio,Italy,2022-05-13,Silver,18-25
CUST_00362,Jane,Bates,jane.bates75@virgilio.it,Reggio Calabria,Calabria,Italy,2022-11-09,Silver,18-25
CUST_00363,Matteo,Mazzini,matteo.mazzini22@email.it,Padova,Veneto,Italy,2018-05-04,Bronze,36-50
CUST_00364,Lewis,Slater,lewis.slater19@libero.it,Firenze,Toscana,Italy,2021-12-05,Gold,36-50
CUST_00365,Owen,Davison,owen.davison5@yahoo.it,Milano,Lombardia,Italy,2020-06-02,Silver,26-35
CUST_00366,Raffaello,Tornatore,raffaello.tornatore25@gmail.com,Milano,Lombardia,Italy,2023-05-25,Silver,36-50
CUST_00367,Daniele,Pavanello,daniele.pavanello57@icloud.com,Milano,Lombardia,Italy,2022-07-01,Gold,36-50
CUST_00368,Vittoria,Favata,vittoria.favata54@hotmail.it,Venezia,Veneto,Italy,2021-07-27,Silver,50+
CUST_00369,Giovanni,Battisti,giovanni.battisti53@libero.it,Perugia,Umbria,Italy,2022-06-11,Bronze,18-25
CUST_00370,Isabella,Roero,isabella.roero53@virgilio.it,Napoli,Campania,Italy,2020-12-22,Bronze,26-35
CUST_00371,Jade,Taylor,jade.taylor95@gmail.com,Padova,Veneto,Italy,2024-04-01,Bronze,18-25
CUST_00372,Achille,Travia,achille.travia91@hotmail.it,Napoli,Campania,Italy,2019-07-05,Bronze,50+
CUST_00373,Olga,Varano,olga.varano67@libero.it,Catania,Sicilia,Italy,2024-01-17,Platinum,36-50
CUST_00374,Giuseppina,Ferrucci,giuseppina.ferrucci72@icloud.com,Catania,Sicilia,Italy,2022-08-24,Bronze,36-50
CUST_00375,Mirco,Ricolfi,mirco.ricolfi85@virgilio.it,Roma,Lazio,Italy,2023-02-10,Silver,18-25
CUST_00376,Alexander,Davies,alexander.davies68@email.it,Torino,Piemonte,Italy,2021-07-29,Silver,26-35
CUST_00377,Bartolomeo,Montalcini,bartolomeo.montalcini41@hotmail.it,Genova,Liguria,Italy,2024-05-22,Bronze,26-35
CUST_00378,Eleanora,Mazzini,eleanora.mazzini59@icloud.com,Milano,Lombardia,Italy,2021-06-13,Gold,36-50
CUST_00379,Leah,Gibson,leah.gibson70@icloud.com,Torino,Piemonte,Italy,2022-12-26,Gold,26-35
CUST_00380,Francesca,Cattaneo,francesca.cattaneo87@outlook.com,Bologna,Emilia-Romagna,Italy,2024-06-23,Silver,18-25
CUST_00381,Liana,Mantegna,liana.mantegna79@virgilio.it,Reggio Calabria,Calabria,Italy,2024-02-06,Bronze,36-50
CUST_00382,Tonino,Maspero,tonino.maspero25@libero.it,Napoli,Campania,Italy,2022-10-04,Bronze,26-35
CUST_00383,Gelsomina,Pizzetti,gelsomina.pizzetti36@outlook.com,Padova,Veneto,Italy,2024-06-19,Bronze,36-50
CUST_00384,Marcantonio,Pinamonte,marcantonio.pinamonte29@outlook.com,Napoli,Campania,Italy,2023-06-11,Bronze,18-25
CUST_00385,Ida,Malaparte,ida.malaparte99@outlook.com,Verona,Veneto,Italy,2020-12-19,Silver,50+
CUST_00386,Angelica,Cendron,angelica.cendron91@libero.it,Venezia,Veneto,Italy,2022-02-20,Platinum,36-50
CUST_00387,Sophie,Briggs,sophie.briggs89@virgilio.it,Trento,Trentino-Alto Adige,Italy,2021-10-04,Silver,50+
CUST_00388,Fredo,Puglisi,fredo.puglisi41@virgilio.it,Torino,Piemonte,Italy,2021-10-23,Gold,36-50
CUST_00389,Gabriella,Parini,gabriella.parini45@outlook.com,Venezia,Veneto,Italy,2023-09-01,Silver,50+
CUST_00390,Giorgia,Draghi,giorgia.draghi37@yahoo.it,Genova,Liguria,Italy,2022-12-19,Bronze,50+
CUST_00391,Dina,Manunta,dina.manunta74@email.it,Torino,Piemonte,Italy,2019-04-08,Gold,36-50
CUST_00392,Pellegrino,Vespa,pellegrino.vespa51@icloud.com,Roma,Lazio,Italy,2024-02-01,Bronze,50+
CUST_00393,Roberta,Abatantuono,roberta.abatantuono99@hotmail.it,Milano,Lombardia,Italy,2021-07-16,Gold,26-35
CUST_00394,Raymond,Smith,raymond.smith38@gmail.com,Milano,Lombardia,Italy,2024-06-27,Bronze,26-35
CUST_00395,Leopoldo,Ludovisi,leopoldo.ludovisi37@yahoo.it,Trieste,Friuli-Venezia Giulia,Italy,2024-05-06,Bronze,18-25
CUST_00396,Giacobbe,Riccati,giacobbe.riccati45@virgilio.it,Roma,Lazio,Italy,2024-04-20,Gold,36-50
CUST_00397,Michela,Milanesi,michela.milanesi84@outlook.com,Roma,Lazio,Italy,2023-11-08,Silver,36-50
CUST_00398,Karl,Wilkinson,karl.wilkinson96@virgilio.it,Catania,Sicilia,Italy,2021-01-19,Gold,36-50
CUST_00399,Rosario,Rossini,rosario.rossini28@libero.it,Firenze,Toscana,Italy,2022-09-28,Gold,18-25
CUST_00400,Rembrandt,Fuseli,rembrandt.fuseli69@outlook.com,Napoli,Campania,Italy,2021-01-28,Bronze,26-35
CUST_00401,Tullio,Sforza,tullio.sforza72@outlook.com,Roma,Lazio,Italy,2021-04-23,Silver,26-35
CUST_00402,Bradley,Oliver,bradley.oliver18@yahoo.it,Ancona,Marche,Italy,2023-01-29,Bronze,36-50
CUST_00403,Nadia,Donarelli,nadia.donarelli79@libero.it,Padova,Veneto,Italy,2019-04-25,Silver,26-35
CUST_00404,Ricky,Hall,ricky.hall32@gmail.com,Trieste,Friuli-Venezia Giulia,Italy,2024-05-25,Silver,50+
CUST_00405,Flora,Brenna,flora.brenna86@libero.it,Torino,Piemonte,Italy,2024-03-24,Bronze,26-35
CUST_00406,Ippazio,Totino,ippazio.totino82@libero.it,Bari,Puglia,Italy,2022-01-04,Silver,26-35
CUST_00407,Francesca,Monti,francesca.monti7@yahoo.it,Roma,Lazio,Italy,2022-08-31,Silver,50+
CUST_00408,Carmelo,Gibilisco,carmelo.gibilisco53@icloud.com,Milano,Lombardia,Italy,2022-06-08,Bronze,36-50
CUST_00409,Giada,Mastroianni,giada.mastroianni92@virgilio.it,Milano,Lombardia,Italy,2024-02-07,Gold,18-25
CUST_00410,Gianluca,Filangieri,gianluca.filangieri13@hotmail.it,Venezia,Veneto,Italy,2023-05-24,Silver,36-50
CUST_00411,Keith,Williams,keith.williams1@hotmail.it,Napoli,Campania,Italy,2021-06-05,Gold,18-25
CUST_00412,Enrico,Armellini,enrico.armellini53@virgilio.it,Bologna,Emilia-Romagna,Italy,2022-05-06,Bronze,50+
CUST_00413,Antonino,Gotti,antonino.gotti62@libero.it,Milano,Lombardia,Italy,2022-04-04,Bronze,36-50
CUST_00414,Salvi,Bonomo,salvi.bonomo97@outlook.com,Napoli,Campania,Italy,2024-05-13,Silver,26-35
CUST_00415,Rolando,Porzio,rolando.porzio42@outlook.com,Catania,Sicilia,Italy,2020-09-20,Bronze,36-50
CUST_00416,Valeria,Ferrari,valeria.ferrari83@gmail.com,Napoli,Campania,Italy,2019-12-11,Platinum,18-25
CUST_00417,Letizia,Pastine,letizia.pastine99@yahoo.it,Catania,Sicilia,Italy,2024-02-05,Bronze,36-50
CUST_00418,Simone,Piazzi,simone.piazzi84@libero.it,Roma,Lazio,Italy,2024-02-26,Silver,50+
CUST_00419,Georgina,Gibson,georgina.gibson69@gmail.com,Verona,Veneto,Italy,2024-01-25,Silver,50+
CUST_00420,Naomi,Watkins,naomi.watkins23@email.it,Venezia,Veneto,Italy,2022-08-24,Bronze,26-35
CUST_00421,Gioachino,Comisso,gioachino.comisso23@gmail.com,Roma,Lazio,Italy,2023-04-12,Bronze,26-35
CUST_00422,Filippa,Ajello,filippa.ajello51@virgilio.it,Roma,Lazio,Italy,2022-11-16,Silver,18-25
CUST_00423,Vincenza,Canetta,vincenza.canetta24@outlook.com,Genova,Liguria,Italy,2019-09-17,Silver,36-50
CUST_00424,Melania,Raurica,melania.raurica5@gmail.com,Padova,Veneto,Italy,2023-01-06,Bronze,36-50
CUST_00425,Giancarlo,Durante,giancarlo.durante39@yahoo.it,Torino,Piemonte,Italy,2018-10-04,Gold,36-50
CUST_00426,Ninetta,Trapani,ninetta.trapani43@outlook.com,Roma,Lazio,Italy,2021-09-14,Bronze,50+
CUST_00427,Stephen,Morgan,stephen.morgan59@virgilio.it,Trieste,Friuli-Venezia Giulia,Italy,2024-04-10,Bronze,26-35
CUST_00428,Ronaldo,Benigni,ronaldo.benigni18@virgilio.it,Palermo,Sicilia,Italy,2021-08-01,Silver,18-25
CUST_00429,Anita,Gravina,anita.gravina35@libero.it,Napoli,Campania,Italy,2024-04-19,Bronze,18-25
CUST_00430,Sandra,Cassarà,sandra.cassarà15@icloud.com,Napoli,Campania,Italy,2021-04-01,Gold,26-35
CUST_00431,Rolando,Chiesa,rolando.chiesa21@virgilio.it,Roma,Lazio,Italy,2021-08-23,Bronze,18-25
CUST_00432,Nina,Scarpa,nina.scarpa83@outlook.com,Genova,Liguria,Italy,2023-02-25,Bronze,36-50
CUST_00433,Gelsomina,Turchi,gelsomina.turchi92@hotmail.it,Torino,Piemonte,Italy,2023-09-02,Bronze,26-35
CUST_00434,Annalisa,Mercantini,annalisa.mercantini2@icloud.com,Reggio Calabria,Calabria,Italy,2022-08-08,Silver,26-35
CUST_00435,Frank,Thompson,frank.thompson38@libero.it,Napoli,Campania,Italy,2024-02-07,Silver,36-50
CUST_00436,Margherita,Rubbia,margherita.rubbia23@email.it,Napoli,Campania,Italy,2019-04-21,Silver,26-35
CUST_00437,Daria,Tiepolo,daria.tiepolo55@icloud.com,Bologna,Emilia-Romagna,Italy,2024-03-28,Bronze,36-50
CUST_00438,Pompeo,Vespa,pompeo.vespa12@email.it,Cagliari,Sardegna,Italy,2020-11-17,Bronze,26-35
CUST_00439,Riccardo,Cundari,riccardo.cundari86@yahoo.it,Verona,Veneto,Italy,2024-02-10,Gold,36-50
CUST_00440,Luciana,Sibilia,luciana.sibilia24@hotmail.it,Napoli,Campania,Italy,2022-02-11,Bronze,50+
CUST_00441,Danielle,Jones,danielle.jones62@icloud.com,Catania,Sicilia,Italy,2023-12-06,Gold,18-25
CUST_00442,Joanne,Poole,joanne.poole32@gmail.com,Venezia,Veneto,Italy,2023-04-29,Bronze,36-50
CUST_00443,Roger,Lamb,roger.lamb34@email.it,Napoli,Campania,Italy,2020-09-22,Gold,50+
CUST_00444,Roberto,Guidone,roberto.guidone31@virgilio.it,Roma,Lazio,Italy,2024-03-23,Bronze,36-50
CUST_00445,Luisa,Gramsci,luisa.gramsci97@outlook.com,Napoli,Campania,Italy,2021-03-21,Silver,26-35
CUST_00446,Rosalia,Lerner,rosalia.lerner43@outlook.com,Roma,Lazio,Italy,2021-03-18,Bronze,26-35
CUST_00447,Marisa,Tremonti,marisa.tremonti75@gmail.com,Cagliari,Sardegna,Italy,2023-11-12,Bronze,36-50
CUST_00448,Janet,Pritchard,janet.pritchard34@icloud.com,Firenze,Toscana,Italy,2020-02-11,Bronze,50+
CUST_00449,Sebastiano,Giovine,sebastiano.giovine89@libero.it,Ancona,Marche,Italy,2021-01-22,Bronze,18-25
CUST_00450,Guglielmo,Rosselli,guglielmo.rosselli8@yahoo.it,Bologna,Emilia-Romagna,Italy,2022-08-11,Bronze,18-25
CUST_00451,Beppe,Lucciano,beppe.lucciano60@outlook.com,Genova,Liguria,Italy,2023-12-03,Silver,26-35
CUST_00452,Gianpietro,Lancisi,gianpietro.lancisi21@email.it,Bologna,Emilia-Romagna,Italy,2020-06-30,Silver,26-35
CUST_00453,Mario,Mezzetta,mario.mezzetta88@outlook.com,Milano,Lombardia,Italy,2022-10-22,Silver,26-35
CUST_00454,Vincenza,Vecoli,vincenza.vecoli89@yahoo.it,Torino,Piemonte,Italy,2023-06-25,Silver,26-35
CUST_00455,Biagio,Cicilia,biagio.cicilia82@outlook.com,Milano,Lombardia,Italy,2024-01-11,Silver,26-35
CUST_00456,Sandra,Hussain,sandra.hussain48@libero.it,Genova,Liguria,Italy,2024-04-14,Bronze,18-25
CUST_00457,Bethan,Andrews,bethan.andrews29@hotmail.it,Napoli,Campania,Italy,2023-10-03,Bronze,50+
CUST_00458,Enzo,Gianinazzi,enzo.gianinazzi62@hotmail.it,Verona,Veneto,Italy,2023-04-02,Bronze,18-25
CUST_00459,Oreste,Corradi,oreste.corradi59@icloud.com,Roma,Lazio,Italy,2022-04-12,Gold,26-35
CUST_00460,Isa,Gabba,isa.gabba54@virgilio.it,Roma,Lazio,Italy,2020-03-05,Bronze,26-35
CUST_00461,Azeglio,Pozzecco,azeglio.pozzecco97@libero.it,Torino,Piemonte,Italy,2023-06-23,Bronze,50+
CUST_00462,Pier,Montalti,pier.montalti98@libero.it,Perugia,Umbria,Italy,2024-06-22,Silver,36-50
CUST_00463,Alessandra,Schiaparelli,alessandra.schiaparelli88@yahoo.it,Catania,Sicilia,Italy,2023-07-30,Bronze,36-50
CUST_00464,Pierluigi,Blasi,pierluigi.blasi68@virgilio.it,Napoli,Campania,Italy,2018-11-03,Gold,18-25
CUST_00465,Geronimo,Pugliese,geronimo.pugliese68@icloud.com,Bologna,Emilia-Romagna,Italy,2022-07-30,Gold,50+
CUST_00466,Ottavio,Antonucci,ottavio.antonucci10@yahoo.it,Milano,Lombardia,Italy,2023-02-04,Bronze,26-35
CUST_00467,Simonetta,Parpinel,simonetta.parpinel8@libero.it,Reggio Calabria,Calabria,Italy,2023-05-25,Bronze,26-35
CUST_00468,Suzanne,Adams,suzanne.adams74@hotmail.it,Palermo,Sicilia,Italy,2023-07-07,Bronze,36-50
CUST_00469,Holly,Nash,holly.nash22@icloud.com,Firenze,Toscana,Italy,2022-11-08,Silver,50+
CUST_00470,Sandro,Albertini,sandro.albertini67@virgilio.it,Venezia,Veneto,Italy,2021-01-26,Bronze,36-50
CUST_00471,Bryan,Lloyd,bryan.lloyd15@libero.it,Milano,Lombardia,Italy,2024-04-22,Silver,50+
CUST_00472,Mauro,Mancini,mauro.mancini92@virgilio.it,Lecce,Puglia,Italy,2023-06-04,Silver,50+
CUST_00473,Kevin,Jackson,kevin.jackson12@virgilio.it,Roma,Lazio,Italy,2021-02-28,Bronze,26-35
CUST_00474,Joanna,Long,joanna.long8@virgilio.it,Genova,Liguria,Italy,2021-09-09,Bronze,26-35
CUST_00475,Marcella,Pellico,marcella.pellico17@email.it,Roma,Lazio,Italy,2024-03-28,Silver,18-25
CUST_00476,Serena,Pucci,serena.pucci59@gmail.com,Catania,Sicilia,Italy,2024-02-14,Bronze,50+
CUST_00477,Adele,Vergassola,adele.vergassola72@virgilio.it,Verona,Veneto,Italy,2022-02-19,Gold,26-35
CUST_00478,Nicoletta,Galuppi,nicoletta.galuppi87@outlook.com,Palermo,Sicilia,Italy,2019-04-10,Bronze,50+
CUST_00479,Sergius,Galilei,sergius.galilei93@gmail.com,Genova,Liguria,Italy,2019-06-07,Silver,26-35
CUST_00480,Guarino,Roccabonella,guarino.roccabonella51@outlook.com,Trento,Trentino-Alto Adige,Italy,2021-06-18,Gold,26-35
CUST_00481,Sebastiano,Badoer,sebastiano.badoer1@libero.it,Milano,Lombardia,Italy,2023-02-26,Gold,18-25
CUST_00482,Terry,George,terry.george75@yahoo.it,Firenze,Toscana,Italy,2022-12-19,Bronze,26-35
CUST_00483,Fiona,Jones,fiona.jones6@email.it,Roma,Lazio,Italy,2023-03-05,Bronze,50+
CUST_00484,Ottavio,Morandi,ottavio.morandi45@yahoo.it,Reggio Calabria,Calabria,Italy,2023-07-03,Silver,18-25
CUST_00485,Gemma,Pirandello,gemma.pirandello70@gmail.com,Torino,Piemonte,Italy,2018-11-23,Bronze,26-35
CUST_00486,Lidia,Deledda,lidia.deledda9@virgilio.it,Catania,Sicilia,Italy,2020-02-08,Bronze,18-25
CUST_00487,Rosalia,Schicchi,rosalia.schicchi5@outlook.com,Palermo,Sicilia,Italy,2021-11-23,Gold,26-35
CUST_00488,Melanie,Fraser,melanie.fraser53@hotmail.it,Roma,Lazio,Italy,2020-07-22,Bronze,26-35
CUST_00489,Dionigi,Udinese,dionigi.udinese99@hotmail.it,Roma,Lazio,Italy,2019-10-13,Bronze,26-35
CUST_00490,Alfredo,Pertile,alfredo.pertile99@email.it,Firenze,Toscana,Italy,2023-03-15,Bronze,50+
CUST_00491,Carla,Zecchini,carla.zecchini48@email.it,Torino,Piemonte,Italy,2023-11-13,Silver,26-35
CUST_00492,Francesca,Babati,francesca.babati58@email.it,Roma,Lazio,Italy,2023-08-21,Silver,26-35
CUST_00493,Bruno,Renzi,bruno.renzi49@yahoo.it,Milano,Lombardia,Italy,2023-11-15,Bronze,36-50
CUST_00494,Natasha,Francis,natasha.francis88@hotmail.it,Trieste,Friuli-Venezia Giulia,Italy,2023-04-21,Bronze,18-25
CUST_00495,Durante,Scalfaro,durante.scalfaro84@icloud.com,Lecce,Puglia,Italy,2023-07-28,Bronze,26-35
CUST_00496,Fiorenzo,Benigni,fiorenzo.benigni16@hotmail.it,Torino,Piemonte,Italy,2021-05-21,Silver,36-50
CUST_00497,Giulio,Parini,giulio.parini69@email.it,Firenze,Toscana,Italy,2024-06-22,Bronze,26-35
CUST_00498,Christian,Rees,christian.rees68@hotmail.it,Milano,Lombardia,Italy,2020-10-12,Gold,36-50
CUST_00499,Joseph,Davies,joseph.davies94@libero.it,Palermo,Sicilia,Italy,2021-01-03,Bronze,36-50
CUST_00500,Marcantonio,Franscini,marcantonio.franscini1@gmail.com,Padova,Veneto,Italy,2021-06-29,Platinum,36-50
CUST_00501,Rodolfo,Molesini,rodolfo.molesini39@virgilio.it,Roma,Lazio,Italy,2024-06-01,Bronze,50+
CUST_00502,Martino,Parini,martino.parini87@email.it,Roma,Lazio,Italy,2024-06-17,Silver,18-25
CUST_00503,Gustavo,Quasimodo,gustavo.quasimodo69@email.it,Verona,Veneto,Italy,2023-10-17,Bronze,26-35
CUST_00504,Damian,Ahmed,damian.ahmed30@libero.it,Genova,Liguria,Italy,2023-02-25,Bronze,26-35
CUST_00505,Giosuè,Bragadin,giosuè.bragadin59@icloud.com,Milano,Lombardia,Italy,2022-09-08,Gold,26-35
CUST_00506,Ruggiero,Antonioni,ruggiero.antonioni20@outlook.com,Genova,Liguria,Italy,2024-05-26,Gold,50+
CUST_00507,Luigina,Vattimo,luigina.vattimo25@yahoo.it,Firenze,Toscana,Italy,2023-06-03,Bronze,36-50
CUST_00508,Arnaldo,Nibali,arnaldo.nibali5@email.it,Torino,Piemonte,Italy,2024-04-25,Silver,36-50
CUST_00509,Gianfranco,Bombieri,gianfranco.bombieri79@gmail.com,Bari,Puglia,Italy,2021-08-27,Silver,36-50
CUST_00510,Shirley,Smith,shirley.smith31@libero.it,Verona,Veneto,Italy,2021-10-02,Gold,18-25
CUST_00511,Melina,Bartoli,melina.bartoli9@yahoo.it,Torino,Piemonte,Italy,2024-01-03,Bronze,36-50
CUST_00512,Margherita,Bajamonti,margherita.bajamonti77@gmail.com,Ancona,Marche,Italy,2020-07-07,Silver,36-50
CUST_00513,Gioffre,Filippelli,gioffre.filippelli58@gmail.com,Torino,Piemonte,Italy,2024-04-26,Bronze,36-50
CUST_00514,Rosa,Aporti,rosa.aporti32@gmail.com,Bari,Puglia,Italy,2022-08-18,Bronze,26-35
CUST_00515,Donna,Corradi,donna.corradi52@virgilio.it,Napoli,Campania,Italy,2024-04-03,Gold,36-50
CUST_00516,Gino,Ceci,gino.ceci30@libero.it,Trento,Trentino-Alto Adige,Italy,2021-10-08,Bronze,26-35
CUST_00517,Marilyn,Thomas,marilyn.thomas97@gmail.com,Cagliari,Sardegna,Italy,2023-07-01,Bronze,36-50
CUST_00518,Salvatore,Carocci,salvatore.carocci18@outlook.com,Milano,Lombardia,Italy,2022-07-07,Silver,36-50
CUST_00519,Annetta,Gaito,annetta.gaito30@icloud.com,Perugia,Umbria,Italy,2023-02-22,Silver,26-35
CUST_00520,Rosario,Guarato,rosario.guarato74@icloud.com,Padova,Veneto,Italy,2022-08-13,Bronze,36-50
CUST_00521,Marisa,Pacillo,marisa.pacillo31@outlook.com,Verona,Veneto,Italy,2024-05-22,Bronze,50+
CUST_00522,Jonathan,Burton,jonathan.burton19@libero.it,Roma,Lazio,Italy,2023-05-29,Gold,18-25
CUST_00523,Carole,Armstrong,carole.armstrong53@outlook.com,Verona,Veneto,Italy,2021-04-04,Bronze,50+
CUST_00524,Fabio,Carocci,fabio.carocci36@gmail.com,Padova,Veneto,Italy,2024-03-13,Silver,36-50
CUST_00525,Melania,Dallapé,melania.dallapé72@hotmail.it,Firenze,Toscana,Italy,2021-07-10,Silver,36-50
CUST_00526,Lorenzo,Cannizzaro,lorenzo.cannizzaro81@email.it,Ancona,Marche,Italy,2021-12-17,Bronze,50+
CUST_00527,Barbara,Asprucci,barbara.asprucci72@virgilio.it,Milano,Lombardia,Italy,2020-01-28,Gold,36-50
CUST_00528,Lorenzo,Panicucci,lorenzo.panicucci7@icloud.com,Roma,Lazio,Italy,2024-03-01,Silver,50+
CUST_00529,Paride,Fieramosca,paride.fieramosca83@email.it,Bologna,Emilia-Romagna,Italy,2021-06-23,Bronze,26-35
CUST_00530,Benvenuto,Golino,benvenuto.golino68@icloud.com,Venezia,Veneto,Italy,2021-04-22,Silver,26-35
CUST_00531,Claudio,Manzoni,claudio.manzoni90@email.it,Genova,Liguria,Italy,2024-03-26,Silver,36-50
CUST_00532,Guy,Hudson,guy.hudson53@hotmail.it,Milano,Lombardia,Italy,2023-10-31,Silver,50+
CUST_00533,Serafina,Casini,serafina.casini39@email.it,Ancona,Marche,Italy,2020-06-09,Gold,50+
CUST_00534,Natalia,Zichichi,natalia.zichichi24@virgilio.it,Milano,Lombardia,Italy,2023-09-13,Bronze,36-50
CUST_00535,Dennis,Davies,dennis.davies31@libero.it,Roma,Lazio,Italy,2024-03-17,Bronze,36-50
CUST_00536,Melissa,Basadonna,melissa.basadonna39@hotmail.it,Milano,Lombardia,Italy,2019-10-27,Bronze,26-35
CUST_00537,Mattia,Tuzzolino,mattia.tuzzolino60@gmail.com,Bologna,Emilia-Romagna,Italy,2023-11-26,Bronze,50+
CUST_00538,Pomponio,Paganini,pomponio.paganini72@email.it,Perugia,Umbria,Italy,2022-10-22,Bronze,26-35
CUST_00539,Bartolomeo,Tognazzi,bartolomeo.tognazzi54@hotmail.it,Palermo,Sicilia,Italy,2023-04-26,Gold,36-50
CUST_00540,Terry,Smith,terry.smith50@libero.it,Padova,Veneto,Italy,2022-07-24,Silver,36-50
CUST_00541,Hannah,Clarke,hannah.clarke33@libero.it,Milano,Lombardia,Italy,2023-06-06,Silver,36-50
CUST_00542,Fabrizia,Morrocco,fabrizia.morrocco43@yahoo.it,Bologna,Emilia-Romagna,Italy,2019-03-14,Silver,26-35
CUST_00543,Alberico,Pugliese,alberico.pugliese58@icloud.com,Napoli,Campania,Italy,2023-09-04,Gold,50+
CUST_00544,Priscilla,Stoppani,priscilla.stoppani12@libero.it,Napoli,Campania,Italy,2019-03-09,Bronze,36-50
CUST_00545,Coriolano,Rismondo,coriolano.rismondo7@outlook.com,Milano,Lombardia,Italy,2022-05-21,Gold,50+
CUST_00546,Milo,Savorgnan,milo.savorgnan49@gmail.com,Palermo,Sicilia,Italy,2020-07-10,Bronze,18-25
CUST_00547,Leah,Hodgson,leah.hodgson10@libero.it,Napoli,Campania,Italy,2023-11-24,Gold,36-50
CUST_00548,Isabella,Correr,isabella.correr98@libero.it,Bari,Puglia,Italy,2021-08-21,Silver,36-50
CUST_00549,Guy,Murray,guy.murray62@libero.it,Napoli,Campania,Italy,2022-05-18,Bronze,36-50
CUST_00550,Raffaellino,Durante,raffaellino.durante43@outlook.com,Roma,Lazio,Italy,2022-04-03,Silver,50+
CUST_00551,Livia,Trentin,livia.trentin2@libero.it,Genova,Liguria,Italy,2023-09-17,Silver,18-25
CUST_00552,Fernanda,Jovinelli,fernanda.jovinelli25@yahoo.it,Roma,Lazio,Italy,2022-07-04,Bronze,18-25
CUST_00553,Liam,Bailey,liam.bailey96@virgilio.it,Trieste,Friuli-Venezia Giulia,Italy,2023-10-09,Silver,36-50
CUST_00554,Brenda,Turner,brenda.turner32@libero.it,Genova,Liguria,Italy,2019-10-06,Bronze,18-25
CUST_00555,Oliver,Ford,oliver.ford51@libero.it,Roma,Lazio,Italy,2020-11-04,Bronze,50+
CUST_00556,Dina,Varano,dina.varano71@icloud.com,Lecce,Puglia,Italy,2022-10-29,Gold,26-35
CUST_00557,Matilda,Sordi,matilda.sordi37@email.it,Bologna,Emilia-Romagna,Italy,2024-04-28,Silver,36-50
CUST_00558,Allan,Lowe,allan.lowe60@icloud.com,Milano,Lombardia,Italy,2019-10-11,Gold,18-25
CUST_00559,Rosario,Roccabonella,rosario.roccabonella40@outlook.com,Genova,Liguria,Italy,2019-05-08,Silver,36-50
CUST_00560,Raffaella,Inzaghi,raffaella.inzaghi47@virgilio.it,Roma,Lazio,Italy,2020-07-27,Bronze,26-35
CUST_00561,Luigi,Govoni,luigi.govoni60@yahoo.it,Verona,Veneto,Italy,2023-03-16,Silver,18-25
CUST_00562,Wayne,McDonald,wayne.mcdonald93@virgilio.it,Padova,Veneto,Italy,2022-02-07,Silver,26-35
CUST_00563,Brian,Shaw,brian.shaw98@icloud.com,Lecce,Puglia,Italy,2023-11-27,Platinum,26-35
CUST_00564,Rita,Broggini,rita.broggini27@icloud.com,Napoli,Campania,Italy,2019-09-29,Bronze,50+
CUST_00565,Lauren,Kirby,lauren.kirby41@email.it,Napoli,Campania,Italy,2020-11-17,Gold,26-35
CUST_00566,Jennifer,Lee,jennifer.lee6@libero.it,Bari,Puglia,Italy,2021-07-23,Gold,36-50
CUST_00567,Gustavo,Salvemini,gustavo.salvemini95@hotmail.it,Milano,Lombardia,Italy,2023-02-22,Silver,50+
CUST_00568,Gioachino,Scarpa,gioachino.scarpa3@outlook.com,Bologna,Emilia-Romagna,Italy,2023-05-19,Gold,36-50
CUST_00569,Geraldine,Stokes,geraldine.stokes71@email.it,Bologna,Emilia-Romagna,Italy,2020-04-15,Bronze,50+
CUST_00570,Antonia,Parini,antonia.parini38@hotmail.it,Milano,Lombardia,Italy,2024-04-24,Platinum,50+
CUST_00571,Martino,Bacosi,martino.bacosi26@icloud.com,Napoli,Campania,Italy,2021-10-17,Silver,36-50
CUST_00572,Simone,Modiano,simone.modiano30@email.it,Padova,Veneto,Italy,2023-06-27,Bronze,36-50
CUST_00573,Hilary,Hill,hilary.hill73@libero.it,Trieste,Friuli-Venezia Giulia,Italy,2022-09-14,Gold,18-25
CUST_00574,Dorothy,Warren,dorothy.warren64@icloud.com,Milano,Lombardia,Italy,2021-01-24,Bronze,26-35
CUST_00575,Clifford,Begum,clifford.begum33@virgilio.it,Milano,Lombardia,Italy,2023-12-23,Bronze,50+
CUST_00576,Fiorenzo,Squarcione,fiorenzo.squarcione93@virgilio.it,Roma,Lazio,Italy,2023-11-17,Silver,36-50
CUST_00577,Stuart,Singh,stuart.singh59@hotmail.it,Trieste,Friuli-Venezia Giulia,Italy,2022-02-02,Bronze,36-50
CUST_00578,Aaron,Pritchard,aaron.pritchard94@icloud.com,Milano,Lombardia,Italy,2022-12-26,Bronze,36-50
CUST_00579,Giacomo,Nonis,giacomo.nonis22@hotmail.it,Catania,Sicilia,Italy,2021-04-19,Gold,26-35
CUST_00580,Kenneth,Cox,kenneth.cox93@virgilio.it,Milano,Lombardia,Italy,2023-05-25,Bronze,50+
CUST_00581,Nedda,Guicciardini,nedda.guicciardini24@gmail.com,Genova,Liguria,Italy,2021-08-11,Bronze,36-50
CUST_00582,Massimiliano,Lippomano,massimiliano.lippomano68@gmail.com,Torino,Piemonte,Italy,2023-12-21,Bronze,26-35
CUST_00583,Tiziana,Leopardi,tiziana.leopardi10@gmail.com,Verona,Veneto,Italy,2021-01-11,Bronze,50+
CUST_00584,Angelina,Alonzi,angelina.alonzi98@gmail.com,Roma,Lazio,Italy,2018-10-16,Silver,26-35
CUST_00585,Ugo,Federico,ugo.federico53@hotmail.it,Genova,Liguria,Italy,2021-05-14,Silver,36-50
CUST_00586,Calcedonio,Goldoni,calcedonio.goldoni81@libero.it,Roma,Lazio,Italy,2020-11-02,Gold,36-50
CUST_00587,Liana,Pisano,liana.pisano9@hotmail.it,Catania,Sicilia,Italy,2022-08-19,Silver,26-35
CUST_00588,Dean,Sharpe,dean.sharpe2@libero.it,Trieste,Friuli-Venezia Giulia,Italy,2020-12-06,Bronze,50+
CUST_00589,Severino,Vitturi,severino.vitturi65@virgilio.it,Milano,Lombardia,Italy,2023-09-05,Gold,36-50
CUST_00590,Maria,Giunti,maria.giunti48@gmail.com,Trieste,Friuli-Venezia Giulia,Italy,2021-03-11,Silver,26-35
CUST_00591,Graziella,Simeoni,graziella.simeoni80@virgilio.it,Venezia,Veneto,Italy,2023-06-19,Silver,18-25
CUST_00592,Rachael,Kelly,rachael.kelly85@virgilio.it,Milano,Lombardia,Italy,2022-12-10,Silver,50+
CUST_00593,Fabia,Stradivari,fabia.stradivari3@gmail.com,Napoli,Campania,Italy,2024-06-14,Gold,18-25
CUST_00594,Ricciotti,Antonelli,ricciotti.antonelli69@email.it,Roma,Lazio,Italy,2024-06-30,Silver,50+
CUST_00595,Glenn,Martin,glenn.martin2@gmail.com,Catania,Sicilia,Italy,2024-01-22,Bronze,26-35
CUST_00596,Carmelo,Majewski,carmelo.majewski68@outlook.com,Bari,Puglia,Italy,2023-08-31,Silver,36-50
CUST_00597,Gianfrancesco,Pirandello,gianfrancesco.pirandello69@outlook.com,Milano,Lombardia,Italy,2022-01-15,Bronze,50+
CUST_00598,Greca,Gonzaga,greca.gonzaga3@email.it,Napoli,Campania,Italy,2023-08-22,Bronze,26-35
CUST_00599,Ashleigh,Davis,ashleigh.davis23@yahoo.it,Verona,Veneto,Italy,2024-05-10,Bronze,36-50
CUST_00600,Liberto,Pacillo,liberto.pacillo13@hotmail.it,Perugia,Umbria,Italy,2018-12-29,Bronze,36-50
CUST_00601,Leanne,Jones,leanne.jones31@libero.it,Napoli,Campania,Italy,2022-10-07,Bronze,36-50
CUST_00602,Salvatore,Visconti,salvatore.visconti80@outlook.com,Ancona,Marche,Italy,2021-01-12,Bronze,36-50
CUST_00603,Lee,Green,lee.green46@outlook.com,Bologna,Emilia-Romagna,Italy,2022-11-08,Silver,36-50
CUST_00604,Mary,Norton,mary.norton51@yahoo.it,Torino,Piemonte,Italy,2022-06-09,Gold,36-50
CUST_00605,Samuel,Harper,samuel.harper48@email.it,Padova,Veneto,Italy,2022-12-06,Platinum,50+
CUST_00606,Virgilio,Muratori,virgilio.muratori59@libero.it,Napoli,Campania,Italy,2022-10-28,Bronze,36-50
CUST_00607,Callum,Todd,callum.todd90@libero.it,Napoli,Campania,Italy,2024-05-14,Silver,26-35
CUST_00608,Pietro,Vigliotti,pietro.vigliotti39@yahoo.it,Napoli,Campania,Italy,2022-10-30,Gold,50+
CUST_00609,Marco,Nievo,marco.nievo84@gmail.com,Padova,Veneto,Italy,2023-12-23,Bronze,26-35
CUST_00610,Iolanda,Sansoni,iolanda.sansoni12@email.it,Padova,Veneto,Italy,2021-09-03,Silver,18-25
CUST_00611,Marcus,Wade,marcus.wade49@email.it,Torino,Piemonte,Italy,2022-04-20,Silver,26-35
CUST_00612,Angela,Fisher,angela.fisher71@virgilio.it,Firenze,Toscana,Italy,2022-06-16,Bronze,18-25
CUST_00613,Rachel,Moore,rachel.moore8@gmail.com,Napoli,Campania,Italy,2021-06-06,Gold,18-25
CUST_00614,Greco,Marsili,greco.marsili90@hotmail.it,Bologna,Emilia-Romagna,Italy,2022-01-02,Gold,26-35
CUST_00615,Giorgio,Gianetti,giorgio.gianetti11@virgilio.it,Roma,Lazio,Italy,2023-01-10,Bronze,18-25
CUST_00616,Nathan,Tucker,nathan.tucker56@icloud.com,Verona,Veneto,Italy,2022-12-13,Bronze,36-50
CUST_00617,Dante,Ferragamo,dante.ferragamo73@yahoo.it,Napoli,Campania,Italy,2023-03-09,Bronze,18-25
CUST_00618,Luchino,Casalodi,luchino.casalodi68@gmail.com,Firenze,Toscana,Italy,2021-11-08,Bronze,26-35
CUST_00619,Luciana,Valentino,luciana.valentino30@libero.it,Milano,Lombardia,Italy,2021-08-26,Silver,18-25
CUST_00620,Mariana,Fantini,mariana.fantini89@virgilio.it,Roma,Lazio,Italy,2023-01-30,Silver,18-25
CUST_00621,Fredo,Gagliano,fredo.gagliano35@gmail.com,Ancona,Marche,Italy,2020-05-14,Bronze,26-35
CUST_00622,Loretta,Sorrentino,loretta.sorrentino10@outlook.com,Firenze,Toscana,Italy,2021-04-08,Gold,36-50
CUST_00623,Guido,Trezzini,guido.trezzini70@gmail.com,Roma,Lazio,Italy,2019-05-02,Bronze,50+
CUST_00624,Cassandra,Longhena,cassandra.longhena23@icloud.com,Napoli,Campania,Italy,2019-10-02,Bronze,50+
CUST_00625,Hollie,Cooke,hollie.cooke3@libero.it,Firenze,Toscana,Italy,2021-03-16,Bronze,50+
CUST_00626,Ciro,Ferrara,ciro.ferrara76@hotmail.it,Milano,Lombardia,Italy,2018-11-28,Silver,26-35
CUST_00627,Laureano,Gentili,laureano.gentili97@email.it,Firenze,Toscana,Italy,2021-03-21,Bronze,26-35
CUST_00628,Michelotto,Errani,michelotto.errani10@outlook.com,Bologna,Emilia-Romagna,Italy,2023-04-05,Bronze,18-25
CUST_00629,Leone,Angeli,leone.angeli21@libero.it,Bologna,Emilia-Romagna,Italy,2019-08-10,Bronze,36-50
CUST_00630,Janice,Fowler,janice.fowler73@email.it,Torino,Piemonte,Italy,2022-04-18,Gold,18-25
CUST_00631,Lauren,Jackson,lauren.jackson87@icloud.com,Napoli,Campania,Italy,2024-03-17,Platinum,36-50
CUST_00632,Isabella,Udinese,isabella.udinese50@hotmail.it,Lecce,Puglia,Italy,2023-10-12,Bronze,26-35
CUST_00633,Dino,Leonardi,dino.leonardi89@yahoo.it,Torino,Piemonte,Italy,2021-08-04,Bronze,26-35
CUST_00634,Sean,Sykes,sean.sykes65@icloud.com,Roma,Lazio,Italy,2024-04-01,Silver,50+
CUST_00635,Luke,Brookes,luke.brookes7@yahoo.it,Roma,Lazio,Italy,2021-09-24,Silver,36-50
CUST_00636,Antonino,Berrè,antonino.berrè56@libero.it,Napoli,Campania,Italy,2019-10-01,Bronze,50+
CUST_00637,Angelica,Maggioli,angelica.maggioli10@icloud.com,Bari,Puglia,Italy,2024-06-23,Gold,36-50
CUST_00638,Ilaria,Ceci,ilaria.ceci78@email.it,Roma,Lazio,Italy,2024-01-23,Silver,50+
CUST_00639,Simon,Sutton,simon.sutton42@gmail.com,Catania,Sicilia,Italy,2022-06-08,Bronze,36-50
CUST_00640,Etta,Stradivari,etta.stradivari82@outlook.com,Milano,Lombardia,Italy,2023-04-22,Silver,50+
CUST_00641,Rhys,Richardson,rhys.richardson58@virgilio.it,Napoli,Campania,Italy,2023-04-29,Platinum,26-35
CUST_00642,Claudio,Anastasi,claudio.anastasi30@icloud.com,Bari,Puglia,Italy,2020-11-12,Silver,36-50
CUST_00643,Antonina,Lovato,antonina.lovato71@email.it,Firenze,Toscana,Italy,2020-11-27,Bronze,36-50
CUST_00644,Ruggiero,Soderini,ruggiero.soderini56@hotmail.it,Bologna,Emilia-Romagna,Italy,2022-06-14,Bronze,26-35
CUST_00645,Ranieri,Morricone,ranieri.morricone88@email.it,Roma,Lazio,Italy,2024-03-15,Bronze,50+
CUST_00646,Fiorino,Bergoglio,fiorino.bergoglio11@outlook.com,Bari,Puglia,Italy,2018-08-25,Bronze,50+
CUST_00647,Giosuè,Smirnoff,giosuè.smirnoff32@yahoo.it,Milano,Lombardia,Italy,2023-10-01,Silver,36-50
CUST_00648,Damiano,Bocelli,damiano.bocelli11@outlook.com,Padova,Veneto,Italy,2019-07-23,Gold,26-35
CUST_00649,Dorothy,Webb,dorothy.webb20@email.it,Roma,Lazio,Italy,2022-06-29,Silver,36-50
CUST_00650,Pasquale,Stucchi,pasquale.stucchi92@hotmail.it,Trieste,Friuli-Venezia Giulia,Italy,2023-03-11,Platinum,50+
CUST_00651,Benito,Bernetti,benito.bernetti95@email.it,Torino,Piemonte,Italy,2023-05-21,Bronze,36-50
CUST_00652,Yvonne,Young,yvonne.young41@icloud.com,Catania,Sicilia,Italy,2019-07-28,Gold,18-25
CUST_00653,Jane,Simpson,jane.simpson14@yahoo.it,Firenze,Toscana,Italy,2022-03-16,Silver,36-50
CUST_00654,Dean,Bennett,dean.bennett1@outlook.com,Cagliari,Sardegna,Italy,2022-12-19,Bronze,18-25
CUST_00655,Frank,Taylor,frank.taylor57@icloud.com,Milano,Lombardia,Italy,2019-09-02,Silver,36-50
CUST_00656,Enzo,Contarini,enzo.contarini98@outlook.com,Roma,Lazio,Italy,2020-05-21,Bronze,26-35
CUST_00657,Paola,Zanichelli,paola.zanichelli14@hotmail.it,Napoli,Campania,Italy,2023-04-18,Silver,36-50
CUST_00658,Edward,Wallace,edward.wallace12@hotmail.it,Milano,Lombardia,Italy,2022-09-10,Silver,36-50
CUST_00659,Leopoldo,Bresciani,leopoldo.bresciani56@virgilio.it,Roma,Lazio,Italy,2020-08-12,Bronze,18-25
CUST_00660,Gionata,Casale,gionata.casale72@email.it,Ancona,Marche,Italy,2022-10-02,Silver,26-35
CUST_00661,Peter,Gardner,peter.gardner14@gmail.com,Lecce,Puglia,Italy,2024-03-17,Silver,26-35
CUST_00662,Anita,Pratesi,anita.pratesi12@icloud.com,Torino,Piemonte,Italy,2018-10-23,Bronze,26-35
CUST_00663,Clelia,Gelli,clelia.gelli71@yahoo.it,Perugia,Umbria,Italy,2023-03-18,Bronze,26-35
CUST_00664,Maura,Tresoldi,maura.tresoldi77@icloud.com,Bologna,Emilia-Romagna,Italy,2019-10-06,Bronze,50+
CUST_00665,Nino,Salieri,nino.salieri50@gmail.com,Roma,Lazio,Italy,2018-07-10,Silver,50+
CUST_00666,Rembrandt,Malipiero,rembrandt.malipiero38@email.it,Catania,Sicilia,Italy,2020-07-09,Gold,50+
CUST_00667,Sonia,Respighi,sonia.respighi50@yahoo.it,Palermo,Sicilia,Italy,2022-03-24,Gold,50+
CUST_00668,Brett,Gill,brett.gill93@libero.it,Reggio Calabria,Calabria,Italy,2023-10-27,Silver,26-35
CUST_00669,Liberto,Bignami,liberto.bignami74@hotmail.it,Roma,Lazio,Italy,2021-06-13,Silver,26-35
CUST_00670,Cristina,Calbo,cristina.calbo88@email.it,Palermo,Sicilia,Italy,2023-02-20,Bronze,26-35
CUST_00671,Victoria,Roberts,victoria.roberts22@hotmail.it,Milano,Lombardia,Italy,2022-03-02,Silver,50+
CUST_00672,Frederick,Phillips,frederick.phillips35@outlook.com,Milano,Lombardia,Italy,2021-02-22,Bronze,36-50
CUST_00673,Rita,Griffiths,rita.griffiths35@virgilio.it,Milano,Lombardia,Italy,2022-08-29,Bronze,26-35
CUST_00674,Ian,Taylor,ian.taylor19@yahoo.it,Reggio Calabria,Calabria,Italy,2023-10-21,Silver,26-35
CUST_00675,Mariana,Foletti,mariana.foletti22@email.it,Verona,Veneto,Italy,2023-12-06,Bronze,36-50
CUST_00676,Elena,Franceschi,elena.franceschi36@email.it,Verona,Veneto,Italy,2023-12-24,Silver,36-50
CUST_00677,Giustino,Bova,giustino.bova39@virgilio.it,Napoli,Campania,Italy,2021-10-12,Gold,50+
CUST_00678,Ermenegildo,Giulietti,ermenegildo.giulietti10@icloud.com,Firenze,Toscana,Italy,2023-10-15,Bronze,26-35
CUST_00679,Fedele,Villarosa,fedele.villarosa33@libero.it,Roma,Lazio,Italy,2020-12-28,Bronze,50+
CUST_00680,Benvenuto,Crisafulli,benvenuto.crisafulli93@virgilio.it,Firenze,Toscana,Italy,2023-08-02,Gold,26-35
CUST_00681,Ross,Ryan,ross.ryan77@libero.it,Torino,Piemonte,Italy,2024-04-29,Silver,36-50
CUST_00682,Adamo,Pizzetti,adamo.pizzetti59@yahoo.it,Bari,Puglia,Italy,2018-10-05,Bronze,50+
CUST_00683,Roberto,Segni,roberto.segni18@outlook.com,Bologna,Emilia-Romagna,Italy,2022-04-24,Bronze,50+
CUST_00684,Lamberto,Balbo,lamberto.balbo1@email.it,Milano,Lombardia,Italy,2023-03-25,Silver,18-25
CUST_00685,Gianni,Luria,gianni.luria43@email.it,Milano,Lombardia,Italy,2023-06-11,Silver,26-35
CUST_00686,Isa,Longhena,isa.longhena43@virgilio.it,Milano,Lombardia,Italy,2020-09-22,Bronze,36-50
CUST_00687,Kelly,Stone,kelly.stone43@email.it,Torino,Piemonte,Italy,2024-05-28,Bronze,26-35
CUST_00688,Iolanda,Sansoni,iolanda.sansoni84@hotmail.it,Perugia,Umbria,Italy,2023-02-05,Gold,36-50
CUST_00689,Benedetto,Giannotti,benedetto.giannotti39@icloud.com,Genova,Liguria,Italy,2020-08-19,Silver,50+
CUST_00690,Giustino,Ficino,giustino.ficino78@libero.it,Verona,Veneto,Italy,2018-12-06,Platinum,18-25
CUST_00691,Julian,Wilson,julian.wilson62@icloud.com,Napoli,Campania,Italy,2023-10-02,Silver,36-50
CUST_00692,Pietro,Carosone,pietro.carosone23@email.it,Torino,Piemonte,Italy,2019-11-01,Gold,26-35
CUST_00693,Alessia,Gasperi,alessia.gasperi41@outlook.com,Milano,Lombardia,Italy,2020-06-09,Bronze,50+
CUST_00694,Fabrizia,Contarini,fabrizia.contarini95@virgilio.it,Trieste,Friuli-Venezia Giulia,Italy,2022-12-05,Silver,50+
CUST_00695,Goffredo,Coardi,goffredo.coardi74@libero.it,Verona,Veneto,Italy,2023-01-18,Bronze,36-50
CUST_00696,Katy,O'Connor,katy.oconnor42@email.it,Roma,Lazio,Italy,2023-05-21,Silver,18-25
CUST_00697,Hugh,White,hugh.white36@email.it,Napoli,Campania,Italy,2022-01-28,Bronze,36-50
CUST_00698,Benedetto,Bianchini,benedetto.bianchini47@yahoo.it,Napoli,Campania,Italy,2023-09-19,Bronze,36-50
CUST_00699,Brian,Morgan,brian.morgan73@libero.it,Genova,Liguria,Italy,2024-05-31,Gold,26-35
CUST_00700,Ricky,Parsons,ricky.parsons76@hotmail.it,Ancona,Marche,Italy,2021-05-20,Gold,50+
CUST_00701,Natasha,Matthews,natasha.matthews88@gmail.com,Venezia,Veneto,Italy,2023-06-13,Bronze,50+
CUST_00702,Paula,Fry,paula.fry94@virgilio.it,Bologna,Emilia-Romagna,Italy,2024-04-05,Silver,36-50
CUST_00703,Ezio,Martucci,ezio.martucci91@libero.it,Milano,Lombardia,Italy,2023-05-20,Bronze,36-50
CUST_00704,Carolina,Lussu,carolina.lussu57@outlook.com,Milano,Lombardia,Italy,2023-05-13,Bronze,26-35
CUST_00705,Raimondo,Catenazzi,raimondo.catenazzi89@yahoo.it,Roma,Lazio,Italy,2021-01-27,Gold,36-50
CUST_00706,Matthew,Clark,matthew.clark53@virgilio.it,Milano,Lombardia,Italy,2022-10-02,Bronze,26-35
CUST_00707,Ruggero,Marenzio,ruggero.marenzio18@outlook.com,Bari,Puglia,Italy,2022-11-15,Gold,26-35
CUST_00708,Elliot,Carpenter,elliot.carpenter31@outlook.com,Catania,Sicilia,Italy,2023-06-09,Bronze,18-25
CUST_00709,Arthur,Thomas,arthur.thomas85@hotmail.it,Roma,Lazio,Italy,2024-06-27,Silver,26-35
CUST_00710,Imelda,Pinamonte,imelda.pinamonte92@email.it,Padova,Veneto,Italy,2019-03-11,Silver,26-35
CUST_00711,Jodie,Williams,jodie.williams49@yahoo.it,Roma,Lazio,Italy,2019-08-29,Bronze,36-50
CUST_00712,Guarino,Tartini,guarino.tartini58@virgilio.it,Firenze,Toscana,Italy,2019-10-25,Bronze,36-50
CUST_00713,Adriana,Tafuri,adriana.tafuri75@email.it,Roma,Lazio,Italy,2023-08-08,Gold,36-50
CUST_00714,Terry,Williams,terry.williams69@email.it,Torino,Piemonte,Italy,2020-05-25,Silver,26-35
CUST_00715,Raimondo,Botticelli,raimondo.botticelli70@gmail.com,Roma,Lazio,Italy,2023-02-16,Bronze,26-35
CUST_00716,Denise,Clark,denise.clark47@yahoo.it,Napoli,Campania,Italy,2021-09-13,Silver,50+
CUST_00717,Melissa,Bates,melissa.bates14@libero.it,Torino,Piemonte,Italy,2022-05-24,Bronze,36-50
CUST_00718,Caterina,Barsanti,caterina.barsanti85@icloud.com,Reggio Calabria,Calabria,Italy,2021-01-06,Bronze,50+
CUST_00719,Veronica,Rienzo,veronica.rienzo22@gmail.com,Milano,Lombardia,Italy,2024-01-18,Bronze,26-35
CUST_00720,Lolita,Mimun,lolita.mimun73@email.it,Roma,Lazio,Italy,2022-12-22,Bronze,36-50
CUST_00721,Claudia,Greggio,claudia.greggio97@icloud.com,Milano,Lombardia,Italy,2024-04-25,Gold,18-25
CUST_00722,Samuel,Walters,samuel.walters56@yahoo.it,Genova,Liguria,Italy,2022-12-04,Silver,36-50
CUST_00723,Alfredo,Buscetta,alfredo.buscetta2@yahoo.it,Milano,Lombardia,Italy,2020-04-14,Gold,50+
CUST_00724,Gianmarco,Argan,gianmarco.argan34@libero.it,Padova,Veneto,Italy,2020-09-07,Silver,50+
CUST_00725,Marina,Jacuzzi,marina.jacuzzi66@libero.it,Napoli,Campania,Italy,2024-06-17,Gold,50+
CUST_00726,Aurora,Bartoli,aurora.bartoli58@icloud.com,Bologna,Emilia-Romagna,Italy,2023-07-15,Silver,26-35
CUST_00727,David,Reynolds,david.reynolds51@virgilio.it,Bologna,Emilia-Romagna,Italy,2019-06-11,Silver,36-50
CUST_00728,Mariana,Dulbecco,mariana.dulbecco99@hotmail.it,Roma,Lazio,Italy,2023-06-14,Platinum,36-50
CUST_00729,Shannon,Holmes,shannon.holmes45@gmail.com,Roma,Lazio,Italy,2022-03-04,Silver,36-50
CUST_00730,Ruggiero,Travaglio,ruggiero.travaglio62@yahoo.it,Firenze,Toscana,Italy,2021-08-08,Bronze,26-35
CUST_00731,Vanessa,Chapman,vanessa.chapman38@email.it,Venezia,Veneto,Italy,2020-07-20,Silver,50+
CUST_00732,Fernanda,Roth,fernanda.roth11@yahoo.it,Roma,Lazio,Italy,2023-12-15,Gold,50+
CUST_00733,Gustavo,Fabrizi,gustavo.fabrizi94@hotmail.it,Milano,Lombardia,Italy,2019-08-23,Silver,26-35
CUST_00734,Sharon,Rees,sharon.rees45@outlook.com,Lecce,Puglia,Italy,2021-07-01,Silver,26-35
CUST_00735,Bettina,Roccabonella,bettina.roccabonella44@virgilio.it,Milano,Lombardia,Italy,2021-08-06,Silver,18-25
CUST_00736,Rosie,Wall,rosie.wall27@virgilio.it,Verona,Veneto,Italy,2020-08-09,Platinum,36-50
CUST_00737,Erika,Stucchi,erika.stucchi45@virgilio.it,Verona,Veneto,Italy,2022-08-19,Bronze,26-35
CUST_00738,Carlo,Segni,carlo.segni13@virgilio.it,Firenze,Toscana,Italy,2018-09-14,Silver,50+
CUST_00739,Maurilio,Pizzetti,maurilio.pizzetti93@virgilio.it,Milano,Lombardia,Italy,2021-07-25,Bronze,36-50
CUST_00740,Sara,Sinclair,sara.sinclair41@yahoo.it,Roma,Lazio,Italy,2024-04-11,Silver,36-50
CUST_00741,Mariano,Micheletti,mariano.micheletti39@gmail.com,Palermo,Sicilia,Italy,2021-08-15,Silver,36-50
CUST_00742,Germana,Campano,germana.campano91@yahoo.it,Genova,Liguria,Italy,2021-11-25,Bronze,18-25
CUST_00743,Sole,Curiel,sole.curiel3@icloud.com,Verona,Veneto,Italy,2022-06-21,Bronze,50+
CUST_00744,Marcello,Polizzi,marcello.polizzi83@yahoo.it,Perugia,Umbria,Italy,2022-11-14,Silver,36-50
CUST_00745,Griselda,Taliercio,griselda.taliercio87@hotmail.it,Palermo,Sicilia,Italy,2023-11-04,Bronze,50+
CUST_00746,Harry,Peters,harry.peters95@libero.it,Roma,Lazio,Italy,2020-10-31,Bronze,36-50
CUST_00747,Clifford,O'Sullivan,clifford.osullivan67@hotmail.it,Roma,Lazio,Italy,2024-01-25,Gold,36-50
CUST_00748,Dorothy,Miles,dorothy.miles71@hotmail.it,Padova,Veneto,Italy,2023-08-28,Bronze,18-25
CUST_00749,Sophie,Harrison,sophie.harrison43@email.it,Roma,Lazio,Italy,2023-07-11,Bronze,36-50
CUST_00750,Ivo,Piccio,ivo.piccio60@libero.it,Milano,Lombardia,Italy,2019-11-30,Gold,36-50
CUST_00751,Andrea,Clarke,andrea.clarke52@hotmail.it,Catania,Sicilia,Italy,2018-12-15,Bronze,36-50
CUST_00752,Paoletta,Vidoni,paoletta.vidoni24@email.it,Torino,Piemonte,Italy,2023-01-03,Bronze,36-50
CUST_00753,Amleto,Santorio,amleto.santorio51@gmail.com,Cagliari,Sardegna,Italy,2024-01-14,Silver,26-35
CUST_00754,Camillo,Medici,camillo.medici95@libero.it,Genova,Liguria,Italy,2022-12-20,Silver,50+
CUST_00755,Giosuè,Missoni,giosuè.missoni58@email.it,Milano,Lombardia,Italy,2020-12-31,Gold,50+
CUST_00756,Emily,King,emily.king50@gmail.com,Ancona,Marche,Italy,2019-12-15,Gold,18-25
CUST_00757,Daniele,Piovani,daniele.piovani91@libero.it,Roma,Lazio,Italy,2023-06-08,Silver,50+
CUST_00758,Stefani,Toso,stefani.toso27@outlook.com,Firenze,Toscana,Italy,2023-07-09,Bronze,26-35
CUST_00759,Raffaella,Abba,raffaella.abba97@yahoo.it,Torino,Piemonte,Italy,2020-09-12,Bronze,36-50
CUST_00760,Jessica,Davies,jessica.davies74@yahoo.it,Milano,Lombardia,Italy,2019-02-03,Bronze,26-35
CUST_00761,Flavia,Venier,flavia.venier69@hotmail.it,Napoli,Campania,Italy,2022-02-25,Bronze,50+
CUST_00762,Romolo,Ponti,romolo.ponti47@icloud.com,Milano,Lombardia,Italy,2022-12-17,Silver,18-25
CUST_00763,Arnulfo,Farina,arnulfo.farina26@virgilio.it,Torino,Piemonte,Italy,2023-06-17,Silver,36-50
CUST_00764,Clive,Richards,clive.richards15@outlook.com,Torino,Piemonte,Italy,2023-11-06,Bronze,26-35
CUST_00765,Ugolino,Opizzi,ugolino.opizzi86@virgilio.it,Bari,Puglia,Italy,2023-01-29,Gold,26-35
CUST_00766,Donna,Tarantini,donna.tarantini68@icloud.com,Verona,Veneto,Italy,2020-02-29,Bronze,36-50
CUST_00767,Elena,Roth,elena.roth77@email.it,Roma,Lazio,Italy,2023-05-15,Bronze,18-25
CUST_00768,Maria,Bergoglio,maria.bergoglio79@email.it,Torino,Piemonte,Italy,2024-06-12,Silver,36-50
CUST_00769,Gastone,Interiano,gastone.interiano76@yahoo.it,Torino,Piemonte,Italy,2024-03-08,Bronze,50+
CUST_00770,Amalia,Chechi,amalia.chechi45@icloud.com,Roma,Lazio,Italy,2024-01-25,Bronze,50+
CUST_00771,Josh,Stevenson,josh.stevenson59@hotmail.it,Verona,Veneto,Italy,2021-07-28,Bronze,50+
CUST_00772,Ivo,Roncalli,ivo.roncalli87@outlook.com,Catania,Sicilia,Italy,2023-08-19,Bronze,26-35
CUST_00773,Tiziana,Spadafora,tiziana.spadafora79@yahoo.it,Roma,Lazio,Italy,2023-12-30,Silver,26-35
CUST_00774,David,Rogers,david.rogers87@hotmail.it,Torino,Piemonte,Italy,2023-05-09,Gold,36-50
CUST_00775,Dario,Badoer,dario.badoer41@yahoo.it,Milano,Lombardia,Italy,2021-04-02,Bronze,18-25
CUST_00776,Elisa,Giradello,elisa.giradello31@outlook.com,Genova,Liguria,Italy,2024-05-06,Bronze,50+
CUST_00777,Jolanda,Cugia,jolanda.cugia15@hotmail.it,Milano,Lombardia,Italy,2022-05-13,Silver,18-25
CUST_00778,Lorenzo,Vigorelli,lorenzo.vigorelli48@hotmail.it,Reggio Calabria,Calabria,Italy,2020-05-04,Gold,50+
CUST_00779,Rhys,Sykes,rhys.sykes66@email.it,Verona,Veneto,Italy,2020-02-25,Bronze,18-25
CUST_00780,Alberto,Viola,alberto.viola54@hotmail.it,Torino,Piemonte,Italy,2023-03-25,Bronze,50+
CUST_00781,Rosemary,Jenkins,rosemary.jenkins74@email.it,Venezia,Veneto,Italy,2022-04-19,Silver,26-35
CUST_00782,Pier,Caboto,pier.caboto55@hotmail.it,Cagliari,Sardegna,Italy,2019-12-31,Silver,18-25
CUST_00783,Gianluca,Carli,gianluca.carli63@hotmail.it,Bologna,Emilia-Romagna,Italy,2023-08-04,Bronze,36-50
CUST_00784,Romolo,Casadei,romolo.casadei72@hotmail.it,Roma,Lazio,Italy,2023-10-23,Silver,26-35
CUST_00785,Fabrizia,Cossiga,fabrizia.cossiga63@outlook.com,Torino,Piemonte,Italy,2023-07-15,Bronze,36-50
CUST_00786,Telemaco,Maffei,telemaco.maffei18@hotmail.it,Padova,Veneto,Italy,2020-12-02,Silver,36-50
CUST_00787,Danny,Hall,danny.hall41@virgilio.it,Genova,Liguria,Italy,2023-05-25,Silver,18-25
CUST_00788,Torquato,Leblanc,torquato.leblanc80@gmail.com,Palermo,Sicilia,Italy,2018-09-03,Gold,50+
CUST_00789,Angela,Davies,angela.davies46@gmail.com,Trieste,Friuli-Venezia Giulia,Italy,2021-08-03,Bronze,36-50
CUST_00790,Pierluigi,Soprano,pierluigi.soprano63@hotmail.it,Trento,Trentino-Alto Adige,Italy,2022-02-07,Bronze,36-50
CUST_00791,Denise,Jones,denise.jones25@email.it,Cagliari,Sardegna,Italy,2023-12-09,Bronze,36-50
CUST_00792,Leslie,Slater,leslie.slater72@virgilio.it,Milano,Lombardia,Italy,2022-01-22,Gold,36-50
CUST_00793,Glen,Lewis,glen.lewis53@virgilio.it,Bologna,Emilia-Romagna,Italy,2018-09-09,Bronze,26-35
CUST_00794,Ashleigh,Bibi,ashleigh.bibi54@virgilio.it,Bari,Puglia,Italy,2021-11-09,Bronze,26-35
CUST_00795,Colin,Summers,colin.summers63@hotmail.it,Bari,Puglia,Italy,2022-08-04,Bronze,36-50
CUST_00796,Sabatino,Gori,sabatino.gori11@gmail.com,Venezia,Veneto,Italy,2024-04-30,Silver,26-35
CUST_00797,Rolando,Vigorelli,rolando.vigorelli98@libero.it,Roma,Lazio,Italy,2024-04-20,Bronze,26-35
CUST_00798,Ennio,Passalacqua,ennio.passalacqua38@gmail.com,Verona,Veneto,Italy,2020-10-05,Bronze,36-50
CUST_00799,Damian,Davies,damian.davies36@libero.it,Catania,Sicilia,Italy,2020-10-17,Bronze,36-50
CUST_00800,Franco,Tomasetti,franco.tomasetti69@outlook.com,Milano,Lombardia,Italy,2020-08-16,Gold,18-25
CUST_00801,Eric,Forster,eric.forster22@virgilio.it,Napoli,Campania,Italy,2023-10-09,Silver,26-35
CUST_00802,Ludovica,Cianciolo,ludovica.cianciolo73@virgilio.it,Roma,Lazio,Italy,2018-07-03,Silver,26-35
CUST_00803,Stefani,Bonanno,stefani.bonanno71@yahoo.it,Firenze,Toscana,Italy,2020-04-25,Gold,18-25
CUST_00804,Guido,Pozzecco,guido.pozzecco74@yahoo.it,Milano,Lombardia,Italy,2022-10-07,Gold,26-35
CUST_00805,Massimiliano,Tomaselli,massimiliano.tomaselli35@icloud.com,Torino,Piemonte,Italy,2021-03-26,Bronze,18-25
CUST_00806,Goffredo,Acerbi,goffredo.acerbi70@gmail.com,Bologna,Emilia-Romagna,Italy,2019-12-22,Platinum,50+
CUST_00807,Ignazio,Mancini,ignazio.mancini98@virgilio.it,Genova,Liguria,Italy,2021-11-24,Bronze,36-50
CUST_00808,Romina,Stein,romina.stein70@libero.it,Palermo,Sicilia,Italy,2021-05-27,Bronze,18-25
CUST_00809,Stefania,Condoleo,stefania.condoleo55@yahoo.it,Padova,Veneto,Italy,2022-08-24,Gold,18-25
CUST_00810,Riccardo,Vasari,riccardo.vasari95@libero.it,Roma,Lazio,Italy,2024-06-06,Bronze,36-50
CUST_00811,Saverio,Murri,saverio.murri39@gmail.com,Milano,Lombardia,Italy,2020-04-16,Bronze,26-35
CUST_00812,Sean,Jennings,sean.jennings58@outlook.com,Padova,Veneto,Italy,2021-12-19,Bronze,36-50
CUST_00813,Mariano,Villarosa,mariano.villarosa45@yahoo.it,Roma,Lazio,Italy,2024-04-09,Silver,50+
CUST_00814,Mariana,Vento,mariana.vento57@yahoo.it,Lecce,Puglia,Italy,2024-02-01,Bronze,36-50
CUST_00815,Nicolò,Santoro,nicolò.santoro31@libero.it,Padova,Veneto,Italy,2022-01-29,Silver,26-35
CUST_00816,Ludovico,Farnese,ludovico.farnese95@icloud.com,Napoli,Campania,Italy,2023-06-07,Gold,36-50
CUST_00817,Ilaria,Giovine,ilaria.giovine91@email.it,Reggio Calabria,Calabria,Italy,2019-12-05,Silver,50+
CUST_00818,Antonietta,Pasqua,antonietta.pasqua22@hotmail.it,Milano,Lombardia,Italy,2023-06-27,Bronze,36-50
CUST_00819,Gianpaolo,Polani,gianpaolo.polani27@libero.it,Firenze,Toscana,Italy,2024-05-29,Gold,36-50
CUST_00820,Antonello,Merisi,antonello.merisi8@icloud.com,Genova,Liguria,Italy,2022-10-06,Bronze,26-35
CUST_00821,Lucrezia,Serraglio,lucrezia.serraglio69@outlook.com,Torino,Piemonte,Italy,2022-08-03,Bronze,26-35
CUST_00822,Duncan,Robinson,duncan.robinson77@hotmail.it,Perugia,Umbria,Italy,2020-10-23,Bronze,36-50
CUST_00823,Kathryn,Baker,kathryn.baker42@outlook.com,Milano,Lombardia,Italy,2023-03-05,Silver,50+
CUST_00824,Isa,Parri,isa.parri38@outlook.com,Bologna,Emilia-Romagna,Italy,2022-12-29,Bronze,36-50
CUST_00825,Orlando,Corcos,orlando.corcos66@yahoo.it,Venezia,Veneto,Italy,2023-03-31,Bronze,36-50
CUST_00826,Simone,Barese,simone.barese18@email.it,Palermo,Sicilia,Italy,2019-01-18,Bronze,26-35
CUST_00827,Dino,Tebaldi,dino.tebaldi8@outlook.com,Roma,Lazio,Italy,2022-10-24,Bronze,26-35
CUST_00828,Liam,Murphy,liam.murphy84@hotmail.it,Torino,Piemonte,Italy,2023-01-05,Silver,36-50
CUST_00829,Camilla,Montanariello,camilla.montanariello90@hotmail.it,Padova,Veneto,Italy,2020-12-16,Gold,26-35
CUST_00830,Susanna,Callegari,susanna.callegari32@hotmail.it,Roma,Lazio,Italy,2020-12-18,Silver,36-50
CUST_00831,Tatiana,Rossellini,tatiana.rossellini92@icloud.com,Padova,Veneto,Italy,2021-05-31,Bronze,26-35
CUST_00832,Harriet,Allen,harriet.allen32@email.it,Bologna,Emilia-Romagna,Italy,2023-06-25,Bronze,36-50
CUST_00833,Ciro,Trobbiani,ciro.trobbiani63@hotmail.it,Bari,Puglia,Italy,2023-01-22,Platinum,50+
CUST_00834,Rolando,Anguissola,rolando.anguissola74@outlook.com,Catania,Sicilia,Italy,2023-12-23,Bronze,36-50
CUST_00835,Licia,Collina,licia.collina81@email.it,Roma,Lazio,Italy,2021-07-14,Gold,26-35
CUST_00836,Pierangelo,Costalonga,pierangelo.costalonga49@virgilio.it,Bologna,Emilia-Romagna,Italy,2024-03-16,Bronze,36-50
CUST_00837,Benvenuto,Seddio,benvenuto.seddio10@yahoo.it,Trieste,Friuli-Venezia Giulia,Italy,2023-08-09,Gold,50+
CUST_00838,Melissa,Iannuzzi,melissa.iannuzzi52@outlook.com,Napoli,Campania,Italy,2022-01-31,Bronze,36-50
CUST_00839,Martino,Petruzzi,martino.petruzzi89@icloud.com,Lecce,Puglia,Italy,2020-01-03,Bronze,18-25
CUST_00840,Federica,Botticelli,federica.botticelli59@virgilio.it,Napoli,Campania,Italy,2021-04-17,Silver,18-25
CUST_00841,Serena,Mondaini,serena.mondaini42@gmail.com,Roma,Lazio,Italy,2024-05-10,Silver,26-35
CUST_00842,Serena,Ubaldi,serena.ubaldi94@yahoo.it,Torino,Piemonte,Italy,2021-08-14,Bronze,26-35
CUST_00843,Nino,Mercalli,nino.mercalli94@virgilio.it,Ancona,Marche,Italy,2021-09-24,Silver,50+
CUST_00844,Elena,Sraffa,elena.sraffa82@icloud.com,Firenze,Toscana,Italy,2020-10-29,Silver,50+
CUST_00845,Bethan,Cooper,bethan.cooper9@email.it,Trieste,Friuli-Venezia Giulia,Italy,2023-11-02,Bronze,26-35
CUST_00846,Sylvia,Vendetti,sylvia.vendetti28@email.it,Trieste,Friuli-Venezia Giulia,Italy,2021-05-30,Bronze,26-35
CUST_00847,Amleto,Bombieri,amleto.bombieri28@virgilio.it,Torino,Piemonte,Italy,2021-09-25,Bronze,26-35
CUST_00848,Gianpietro,Luna,gianpietro.luna35@icloud.com,Milano,Lombardia,Italy,2022-03-08,Bronze,50+
CUST_00849,Gianluigi,Buonauro,gianluigi.buonauro37@icloud.com,Catania,Sicilia,Italy,2022-04-12,Silver,36-50
CUST_00850,Tracey,Smith,tracey.smith71@hotmail.it,Firenze,Toscana,Italy,2022-03-02,Bronze,36-50
CUST_00851,Raffaellino,Caironi,raffaellino.caironi73@virgilio.it,Verona,Veneto,Italy,2022-08-12,Bronze,26-35
CUST_00852,Abbie,Holmes,abbie.holmes44@gmail.com,Napoli,Campania,Italy,2023-11-12,Bronze,36-50
CUST_00853,Maria,Callegari,maria.callegari6@yahoo.it,Napoli,Campania,Italy,2023-11-18,Silver,26-35
CUST_00854,Renzo,Dellucci,renzo.dellucci81@virgilio.it,Verona,Veneto,Italy,2023-10-22,Bronze,26-35
CUST_00855,Kenneth,Marsh,kenneth.marsh3@yahoo.it,Torino,Piemonte,Italy,2020-01-25,Bronze,36-50
CUST_00856,Gerald,Jarvis,gerald.jarvis21@virgilio.it,Napoli,Campania,Italy,2023-10-23,Bronze,36-50
CUST_00857,Bethan,Weston,bethan.weston59@gmail.com,Torino,Piemonte,Italy,2020-04-02,Platinum,26-35
CUST_00858,Adam,Bevan,adam.bevan55@libero.it,Torino,Piemonte,Italy,2020-04-17,Bronze,18-25
CUST_00859,Griselda,Manolesso,griselda.manolesso89@hotmail.it,Bologna,Emilia-Romagna,Italy,2024-04-29,Silver,26-35
CUST_00860,Adrian,Murphy,adrian.murphy84@outlook.com,Verona,Veneto,Italy,2023-11-19,Bronze,26-35
CUST_00861,Alphons,Beffa,alphons.beffa21@outlook.com,Torino,Piemonte,Italy,2022-10-30,Bronze,36-50
CUST_00862,Gillian,King,gillian.king12@icloud.com,Bologna,Emilia-Romagna,Italy,2024-01-29,Silver,50+
CUST_00863,Manuel,Bertolucci,manuel.bertolucci33@yahoo.it,Palermo,Sicilia,Italy,2024-06-18,Bronze,18-25
CUST_00864,Yvonne,Wright,yvonne.wright48@hotmail.it,Roma,Lazio,Italy,2023-01-29,Platinum,26-35
CUST_00865,Lando,Offredi,lando.offredi7@email.it,Firenze,Toscana,Italy,2023-02-01,Gold,26-35
CUST_00866,Nico,Ricciardi,nico.ricciardi81@outlook.com,Perugia,Umbria,Italy,2023-08-24,Silver,36-50
CUST_00867,Ennio,Gottardi,ennio.gottardi93@libero.it,Catania,Sicilia,Italy,2021-02-17,Silver,26-35
CUST_00868,Angela,Osborne,angela.osborne55@yahoo.it,Venezia,Veneto,Italy,2020-08-27,Bronze,36-50
CUST_00869,Virgilio,Polizzi,virgilio.polizzi91@yahoo.it,Genova,Liguria,Italy,2023-08-31,Bronze,26-35
CUST_00870,Annunziata,Errigo,annunziata.errigo1@libero.it,Milano,Lombardia,Italy,2021-10-25,Gold,36-50
CUST_00871,Fausto,Dulbecco,fausto.dulbecco62@yahoo.it,Genova,Liguria,Italy,2020-05-21,Silver,50+
CUST_00872,Bernardo,Pasolini,bernardo.pasolini17@libero.it,Napoli,Campania,Italy,2021-08-24,Silver,50+
CUST_00873,Leanne,Pugh,leanne.pugh67@virgilio.it,Bologna,Emilia-Romagna,Italy,2021-11-21,Bronze,50+
CUST_00874,Donatella,Giusti,donatella.giusti2@gmail.com,Torino,Piemonte,Italy,2024-05-20,Bronze,36-50
CUST_00875,Lorraine,Williams,lorraine.williams90@icloud.com,Milano,Lombardia,Italy,2023-06-06,Gold,50+
CUST_00876,Stefano,Cociarelli,stefano.cociarelli16@email.it,Roma,Lazio,Italy,2022-09-25,Bronze,26-35
CUST_00877,Gianni,Scalera,gianni.scalera89@hotmail.it,Ancona,Marche,Italy,2024-05-24,Bronze,26-35
CUST_00878,Sam,Reid,sam.reid62@yahoo.it,Torino,Piemonte,Italy,2024-03-05,Bronze,18-25
CUST_00879,Etta,Grossi,etta.grossi30@email.it,Napoli,Campania,Italy,2022-08-25,Gold,36-50
CUST_00880,Romeo,Gualtieri,romeo.gualtieri12@yahoo.it,Milano,Lombardia,Italy,2024-03-08,Bronze,50+
CUST_00881,Gelsomina,Aloisio,gelsomina.aloisio14@icloud.com,Milano,Lombardia,Italy,2022-02-17,Gold,26-35
CUST_00882,Alice,Power,alice.power48@outlook.com,Catania,Sicilia,Italy,2021-02-12,Bronze,36-50
CUST_00883,Vittoria,Scarpetta,vittoria.scarpetta18@email.it,Bologna,Emilia-Romagna,Italy,2021-02-18,Gold,36-50
CUST_00884,Louis,Gray,louis.gray97@hotmail.it,Napoli,Campania,Italy,2023-04-16,Silver,50+
CUST_00885,Martyn,Miller,martyn.miller83@hotmail.it,Roma,Lazio,Italy,2022-08-07,Bronze,36-50
CUST_00886,Zaira,Lupo,zaira.lupo9@gmail.com,Bari,Puglia,Italy,2023-04-11,Silver,50+
CUST_00887,Giorgia,Vergerio,giorgia.vergerio79@hotmail.it,Roma,Lazio,Italy,2023-05-20,Bronze,26-35
CUST_00888,Ermenegildo,Borgia,ermenegildo.borgia57@icloud.com,Roma,Lazio,Italy,2018-12-21,Bronze,26-35
CUST_00889,Rembrandt,Musatti,rembrandt.musatti93@libero.it,Napoli,Campania,Italy,2019-07-06,Gold,36-50
CUST_00890,Bianca,Mannoia,bianca.mannoia81@hotmail.it,Firenze,Toscana,Italy,2022-09-28,Bronze,26-35
CUST_00891,Eugenia,Rapisardi,eugenia.rapisardi53@virgilio.it,Roma,Lazio,Italy,2020-11-02,Bronze,18-25
CUST_00892,Graziella,Greggio,graziella.greggio28@yahoo.it,Genova,Liguria,Italy,2023-03-03,Bronze,36-50
CUST_00893,Maria,Jones,maria.jones13@hotmail.it,Palermo,Sicilia,Italy,2022-10-30,Bronze,36-50
CUST_00894,Shane,Robertson,shane.robertson97@yahoo.it,Padova,Veneto,Italy,2022-12-22,Gold,36-50
CUST_00895,Martin,Edwards,martin.edwards76@email.it,Napoli,Campania,Italy,2021-07-28,Bronze,26-35
CUST_00896,Rolando,Marangoni,rolando.marangoni45@email.it,Milano,Lombardia,Italy,2023-03-14,Platinum,36-50
CUST_00897,Gaetano,Pausini,gaetano.pausini41@hotmail.it,Firenze,Toscana,Italy,2023-12-02,Gold,26-35
CUST_00898,Serena,Soranzo,serena.soranzo32@outlook.com,Lecce,Puglia,Italy,2024-06-28,Bronze,18-25
CUST_00899,Damian,Dixon,damian.dixon83@yahoo.it,Venezia,Veneto,Italy,2023-12-13,Bronze,36-50
CUST_00900,Coriolano,Ginesio,coriolano.ginesio32@outlook.com,Catania,Sicilia,Italy,2022-11-07,Gold,18-25
CUST_00901,Stanley,Lawrence,stanley.lawrence89@gmail.com,Milano,Lombardia,Italy,2020-11-09,Bronze,18-25
CUST_00902,Orazio,Oliboni,orazio.oliboni85@outlook.com,Bologna,Emilia-Romagna,Italy,2023-05-13,Bronze,36-50
CUST_00903,Aria,Malaparte,aria.malaparte27@libero.it,Milano,Lombardia,Italy,2024-04-16,Bronze,18-25
CUST_00904,Jonathan,Khan,jonathan.khan96@email.it,Bologna,Emilia-Romagna,Italy,2020-12-27,Silver,50+
CUST_00905,Imelda,Malacarne,imelda.malacarne38@gmail.com,Cagliari,Sardegna,Italy,2021-04-15,Silver,36-50
CUST_00906,Dale,Cooper,dale.cooper31@virgilio.it,Lecce,Puglia,Italy,2020-07-04,Bronze,50+
CUST_00907,Carl,Cole,carl.cole50@yahoo.it,Bologna,Emilia-Romagna,Italy,2023-07-30,Bronze,18-25
CUST_00908,Alessio,Petrassi,alessio.petrassi31@virgilio.it,Napoli,Campania,Italy,2022-02-21,Gold,36-50
CUST_00909,Guglielmo,Alfonsi,guglielmo.alfonsi82@yahoo.it,Ancona,Marche,Italy,2019-08-17,Silver,26-35
CUST_00910,Annunziata,Bembo,annunziata.bembo68@gmail.com,Palermo,Sicilia,Italy,2024-01-29,Silver,50+
CUST_00911,Philip,Allan,philip.allan47@icloud.com,Milano,Lombardia,Italy,2022-11-07,Silver,26-35
CUST_00912,Clelia,Tamburi,clelia.tamburi17@email.it,Napoli,Campania,Italy,2021-09-27,Bronze,26-35
CUST_00913,Roberta,Luciani,roberta.luciani73@email.it,Roma,Lazio,Italy,2021-10-23,Silver,50+
CUST_00914,Maura,Giammusso,maura.giammusso47@hotmail.it,Napoli,Campania,Italy,2021-07-02,Bronze,26-35
CUST_00915,Mohamed,Freeman,mohamed.freeman98@virgilio.it,Napoli,Campania,Italy,2022-05-21,Bronze,18-25
CUST_00916,Clelia,Niggli,clelia.niggli99@yahoo.it,Venezia,Veneto,Italy,2021-10-09,Silver,26-35
CUST_00917,Elizabeth,Farmer,elizabeth.farmer3@yahoo.it,Torino,Piemonte,Italy,2022-10-23,Bronze,36-50
CUST_00918,Emily,McCarthy,emily.mccarthy2@outlook.com,Roma,Lazio,Italy,2023-09-18,Platinum,26-35
CUST_00919,Giancarlo,Favata,giancarlo.favata28@gmail.com,Napoli,Campania,Italy,2023-05-03,Bronze,26-35
CUST_00920,Donatella,Gregori,donatella.gregori8@email.it,Padova,Veneto,Italy,2021-07-11,Gold,18-25
CUST_00921,Fiona,Harding,fiona.harding65@outlook.com,Palermo,Sicilia,Italy,2022-09-22,Gold,36-50
CUST_00922,Giovanna,Ciani,giovanna.ciani81@email.it,Firenze,Toscana,Italy,2023-12-16,Bronze,36-50
CUST_00923,Michael,Baxter,michael.baxter55@email.it,Perugia,Umbria,Italy,2019-09-12,Silver,26-35
CUST_00924,Eliana,Cagnin,eliana.cagnin11@hotmail.it,Cagliari,Sardegna,Italy,2019-10-26,Bronze,26-35
CUST_00925,Eliana,Barracco,eliana.barracco36@yahoo.it,Roma,Lazio,Italy,2022-11-05,Gold,18-25
CUST_00926,Beverley,Palmer,beverley.palmer40@yahoo.it,Milano,Lombardia,Italy,2023-03-12,Bronze,26-35
CUST_00927,Lodovico,Rossetti,lodovico.rossetti66@libero.it,Bari,Puglia,Italy,2020-12-26,Silver,26-35
CUST_00928,Amico,Ossani,amico.ossani20@icloud.com,Padova,Veneto,Italy,2023-08-11,Bronze,36-50
CUST_00929,Lisa,Cheda,lisa.cheda51@yahoo.it,Lecce,Puglia,Italy,2023-03-23,Bronze,36-50
CUST_00930,Carlo,Malacarne,carlo.malacarne40@email.it,Trento,Trentino-Alto Adige,Italy,2024-03-30,Bronze,50+
CUST_00931,Marcantonio,Prada,marcantonio.prada94@libero.it,Venezia,Veneto,Italy,2020-09-02,Bronze,18-25
CUST_00932,Federico,Filzi,federico.filzi8@libero.it,Bologna,Emilia-Romagna,Italy,2023-08-19,Silver,36-50
CUST_00933,Thomas,Hewitt,thomas.hewitt12@email.it,Milano,Lombardia,Italy,2019-11-17,Silver,36-50
CUST_00934,Donatello,Vattimo,donatello.vattimo15@virgilio.it,Roma,Lazio,Italy,2022-11-20,Silver,36-50
CUST_00935,Teresa,Ostinelli,teresa.ostinelli79@gmail.com,Napoli,Campania,Italy,2022-10-29,Bronze,50+
CUST_00936,Virgilio,Tassoni,virgilio.tassoni40@hotmail.it,Genova,Liguria,Italy,2022-01-18,Bronze,26-35
CUST_00937,Joel,Mitchell,joel.mitchell16@gmail.com,Bologna,Emilia-Romagna,Italy,2023-12-21,Bronze,18-25
CUST_00938,Guarino,Dallara,guarino.dallara91@hotmail.it,Bari,Puglia,Italy,2018-06-06,Gold,36-50
CUST_00939,Samantha,Powell,samantha.powell90@gmail.com,Firenze,Toscana,Italy,2022-09-08,Platinum,26-35
CUST_00940,Girolamo,Sommaruga,girolamo.sommaruga21@virgilio.it,Bologna,Emilia-Romagna,Italy,2021-01-10,Bronze,18-25
CUST_00941,Olga,Malacarne,olga.malacarne45@outlook.com,Milano,Lombardia,Italy,2023-08-09,Bronze,26-35
CUST_00942,Ludovica,Morgagni,ludovica.morgagni22@icloud.com,Torino,Piemonte,Italy,2019-05-08,Bronze,26-35
CUST_00943,Ninetta,Carosone,ninetta.carosone17@outlook.com,Bari,Puglia,Italy,2023-12-04,Silver,36-50
CUST_00944,Ruggero,Borromini,ruggero.borromini94@yahoo.it,Palermo,Sicilia,Italy,2023-12-13,Silver,26-35
CUST_00945,Elmo,Gelli,elmo.gelli99@gmail.com,Reggio Calabria,Calabria,Italy,2023-12-06,Silver,26-35
CUST_00946,Janice,Roberts,janice.roberts43@email.it,Firenze,Toscana,Italy,2020-07-15,Bronze,36-50
CUST_00947,Sonia,Petrucelli,sonia.petrucelli35@yahoo.it,Napoli,Campania,Italy,2023-02-28,Silver,36-50
CUST_00948,Rossana,Volterra,rossana.volterra34@yahoo.it,Firenze,Toscana,Italy,2018-10-11,Silver,50+
CUST_00949,Mirko,Bulzoni,mirko.bulzoni64@virgilio.it,Napoli,Campania,Italy,2023-12-26,Bronze,18-25
CUST_00950,Gerald,Jones,gerald.jones66@icloud.com,Trieste,Friuli-Venezia Giulia,Italy,2023-07-11,Silver,50+
CUST_00951,Monica,Peruzzi,monica.peruzzi8@virgilio.it,Palermo,Sicilia,Italy,2022-09-26,Bronze,36-50
CUST_00952,Alberto,Iannucci,alberto.iannucci73@hotmail.it,Trieste,Friuli-Venezia Giulia,Italy,2023-07-22,Bronze,36-50
CUST_00953,Adelasia,Catalano,adelasia.catalano48@hotmail.it,Roma,Lazio,Italy,2019-12-30,Gold,26-35
CUST_00954,Abdul,Williams,abdul.williams33@yahoo.it,Trieste,Friuli-Venezia Giulia,Italy,2022-09-22,Bronze,36-50
CUST_00955,Rodolfo,Pacetti,rodolfo.pacetti74@yahoo.it,Milano,Lombardia,Italy,2021-07-04,Gold,50+
CUST_00956,Giada,Iacobucci,giada.iacobucci30@gmail.com,Trento,Trentino-Alto Adige,Italy,2024-05-29,Silver,50+
CUST_00957,Matthew,McCarthy,matthew.mccarthy6@gmail.com,Firenze,Toscana,Italy,2024-01-06,Bronze,26-35
CUST_00958,Aimee,Davies,aimee.davies32@gmail.com,Firenze,Toscana,Italy,2023-07-25,Silver,26-35
CUST_00959,Bettina,Parri,bettina.parri61@icloud.com,Napoli,Campania,Italy,2024-04-12,Silver,36-50
CUST_00960,Carol,Wood,carol.wood50@hotmail.it,Perugia,Umbria,Italy,2021-10-29,Bronze,50+
CUST_00961,Priscilla,Pagnotto,priscilla.pagnotto23@gmail.com,Milano,Lombardia,Italy,2024-03-02,Bronze,26-35
CUST_00962,Corrado,Giannotti,corrado.giannotti71@email.it,Torino,Piemonte,Italy,2021-09-15,Bronze,36-50
CUST_00963,Sabatino,Asmundo,sabatino.asmundo29@icloud.com,Trieste,Friuli-Venezia Giulia,Italy,2023-07-25,Bronze,36-50
CUST_00964,Donatella,Zamorani,donatella.zamorani32@email.it,Torino,Piemonte,Italy,2023-07-30,Bronze,36-50
CUST_00965,Marcantonio,Gangemi,marcantonio.gangemi93@icloud.com,Roma,Lazio,Italy,2018-11-18,Bronze,36-50
CUST_00966,Jade,Bell,jade.bell35@yahoo.it,Napoli,Campania,Italy,2021-11-26,Bronze,26-35
CUST_00967,Fabrizia,Bocca,fabrizia.bocca74@icloud.com,Torino,Piemonte,Italy,2018-11-27,Gold,50+
CUST_00968,Erika,Scarlatti,erika.scarlatti16@gmail.com,Cagliari,Sardegna,Italy,2024-06-27,Bronze,36-50
CUST_00969,Imelda,Marangoni,imelda.marangoni23@libero.it,Bari,Puglia,Italy,2020-04-09,Silver,36-50
CUST_00970,Brenda,Wilkinson,brenda.wilkinson67@gmail.com,Napoli,Campania,Italy,2022-10-15,Silver,26-35
CUST_00971,Federica,Pizzetti,federica.pizzetti52@yahoo.it,Reggio Calabria,Calabria,Italy,2023-10-11,Silver,36-50
CUST_00972,Daniele,Cilibrasi,daniele.cilibrasi60@outlook.com,Napoli,Campania,Italy,2020-11-30,Bronze,26-35
CUST_00973,Antonino,Baresi,antonino.baresi40@icloud.com,Milano,Lombardia,Italy,2022-07-11,Gold,26-35
CUST_00974,Leopoldo,Surian,leopoldo.surian12@virgilio.it,Roma,Lazio,Italy,2023-01-24,Silver,36-50
CUST_00975,Lisa,Wright,lisa.wright2@icloud.com,Napoli,Campania,Italy,2020-08-07,Gold,36-50
CUST_00976,Cheryl,Payne,cheryl.payne26@outlook.com,Roma,Lazio,Italy,2023-09-25,Bronze,36-50
CUST_00977,Daniele,Cagnotto,daniele.cagnotto73@outlook.com,Ancona,Marche,Italy,2021-07-22,Bronze,26-35
CUST_00978,Carly,Rowe,carly.rowe95@libero.it,Bari,Puglia,Italy,2020-12-25,Silver,36-50
CUST_00979,Gianpietro,Valmarana,gianpietro.valmarana60@icloud.com,Roma,Lazio,Italy,2022-11-08,Bronze,26-35
CUST_00980,Bethany,Clayton,bethany.clayton76@virgilio.it,Venezia,Veneto,Italy,2022-02-28,Bronze,36-50
CUST_00981,Durante,Pedroni,durante.pedroni99@libero.it,Catania,Sicilia,Italy,2024-03-26,Bronze,26-35
CUST_00982,Rodolfo,Pagliaro,rodolfo.pagliaro94@libero.it,Perugia,Umbria,Italy,2024-02-05,Silver,36-50
CUST_00983,Germana,Vecoli,germana.vecoli20@gmail.com,Trieste,Friuli-Venezia Giulia,Italy,2022-07-08,Platinum,50+
CUST_00984,Piero,Costalonga,piero.costalonga53@gmail.com,Bologna,Emilia-Romagna,Italy,2021-11-23,Bronze,26-35
CUST_00985,Valeria,Pozzecco,valeria.pozzecco30@icloud.com,Bari,Puglia,Italy,2021-09-15,Gold,26-35
CUST_00986,Filippa,Calarco,filippa.calarco82@gmail.com,Bologna,Emilia-Romagna,Italy,2021-05-12,Silver,36-50
CUST_00987,Roberta,Stein,roberta.stein43@gmail.com,Bologna,Emilia-Romagna,Italy,2022-10-17,Bronze,36-50
CUST_00988,Elliot,Lamb,elliot.lamb98@email.it,Milano,Lombardia,Italy,2023-10-31,Gold,36-50
CUST_00989,Dina,Pizzamano,dina.pizzamano95@outlook.com,Milano,Lombardia,Italy,2021-08-15,Gold,36-50
CUST_00990,Hugo,Balla,hugo.balla14@libero.it,Bologna,Emilia-Romagna,Italy,2020-10-31,Silver,26-35
CUST_00991,Phillip,Murphy,phillip.murphy68@libero.it,Roma,Lazio,Italy,2022-06-25,Bronze,26-35
CUST_00992,Graziella,Paganini,graziella.paganini54@virgilio.it,Milano,Lombardia,Italy,2019-09-16,Silver,26-35
CUST_00993,Gian,Ruffini,gian.ruffini8@hotmail.it,Catania,Sicilia,Italy,2023-06-11,Bronze,26-35
CUST_00994,Renzo,Gilardoni,renzo.gilardoni92@outlook.com,Milano,Lombardia,Italy,2022-09-05,Bronze,36-50
CUST_00995,Tom,Carter,tom.carter12@gmail.com,Venezia,Veneto,Italy,2022-07-30,Bronze,18-25
CUST_00996,Silvia,Orlando,silvia.orlando30@email.it,Bologna,Emilia-Romagna,Italy,2021-07-24,Gold,50+
CUST_00997,Cirillo,Pace,cirillo.pace90@icloud.com,Lecce,Puglia,Italy,2024-03-07,Gold,50+
CUST_00998,Jessica,White,jessica.white59@yahoo.it,Napoli,Campania,Italy,2019-12-15,Bronze,50+
CUST_00999,Emily,Smith,emily.smith75@yahoo.it,Milano,Lombardia,Italy,2024-01-23,Bronze,50+
CUST_01000,Alessia,Offredi,alessia.offredi65@hotmail.it,Bologna,Emilia-Romagna,Italy,2021-12-27,Gold,26-35
CUST_01001,Augusto,Pezzali,augusto.pezzali82@email.it,Padova,Veneto,Italy,2024-02-05,Bronze,50+
CUST_01002,Guido,Faugno,guido.faugno10@gmail.com,Reggio Calabria,Calabria,Italy,2023-07-19,Silver,26-35
CUST_01003,Jonathan,Jones,jonathan.jones56@hotmail.it,Napoli,Campania,Italy,2020-02-05,Bronze,18-25
CUST_01004,Dario,Santorio,dario.santorio31@outlook.com,Firenze,Toscana,Italy,2023-12-04,Bronze,36-50
CUST_01005,Carlo,Franzese,carlo.franzese34@icloud.com,Cagliari,Sardegna,Italy,2023-05-14,Platinum,18-25
CUST_01006,Sheila,Barnett,sheila.barnett51@icloud.com,Roma,Lazio,Italy,2019-03-03,Bronze,50+
CUST_01007,Eva,Argentero,eva.argentero41@virgilio.it,Genova,Liguria,Italy,2020-05-17,Bronze,36-50
CUST_01008,Armando,Montesano,armando.montesano35@libero.it,Torino,Piemonte,Italy,2023-03-07,Bronze,36-50
CUST_01009,Gioachino,Cavanna,gioachino.cavanna10@libero.it,Milano,Lombardia,Italy,2023-04-16,Gold,26-35
CUST_01010,Michela,Zeffirelli,michela.zeffirelli18@yahoo.it,Torino,Piemonte,Italy,2023-08-13,Gold,36-50
CUST_01011,Geronimo,Bombieri,geronimo.bombieri20@yahoo.it,Roma,Lazio,Italy,2023-07-07,Bronze,18-25
CUST_01012,Renata,Vismara,renata.vismara22@virgilio.it,Palermo,Sicilia,Italy,2023-04-12,Bronze,50+
CUST_01013,Giacinto,Gaggini,giacinto.gaggini60@icloud.com,Ancona,Marche,Italy,2023-09-09,Silver,26-35
CUST_01014,Paoletta,Giannone,paoletta.giannone53@yahoo.it,Roma,Lazio,Italy,2022-12-05,Bronze,36-50
CUST_01015,Bruce,Wilson,bruce.wilson69@icloud.com,Verona,Veneto,Italy,2021-04-26,Silver,26-35
CUST_01016,Marcello,Comisso,marcello.comisso99@libero.it,Milano,Lombardia,Italy,2024-03-16,Bronze,18-25
CUST_01017,Brian,Porter,brian.porter58@outlook.com,Bologna,Emilia-Romagna,Italy,2018-11-16,Bronze,36-50
CUST_01018,Milena,Acerbi,milena.acerbi60@outlook.com,Milano,Lombardia,Italy,2021-12-07,Silver,26-35
CUST_01019,Naomi,Thomas,naomi.thomas16@yahoo.it,Perugia,Umbria,Italy,2023-07-19,Bronze,36-50
CUST_01020,Robert,Wells,robert.wells21@outlook.com,Bari,Puglia,Italy,2022-03-31,Gold,26-35
CUST_01021,Guido,Collodi,guido.collodi91@gmail.com,Palermo,Sicilia,Italy,2019-01-09,Bronze,26-35
CUST_01022,Marc,Bryant,marc.bryant28@icloud.com,Padova,Veneto,Italy,2019-09-02,Bronze,36-50
CUST_01023,Brenda,Wyatt,brenda.wyatt19@yahoo.it,Genova,Liguria,Italy,2023-03-27,Platinum,26-35
CUST_01024,Domenico,Vecoli,domenico.vecoli92@libero.it,Lecce,Puglia,Italy,2024-05-19,Bronze,26-35
CUST_01025,Giorgio,Druso,giorgio.druso46@email.it,Catania,Sicilia,Italy,2022-10-29,Silver,50+
CUST_01026,Costantino,Asprucci,costantino.asprucci66@gmail.com,Perugia,Umbria,Italy,2022-08-17,Bronze,26-35
CUST_01027,Malcolm,Jones,malcolm.jones87@outlook.com,Bologna,Emilia-Romagna,Italy,2021-08-31,Silver,18-25
CUST_01028,Geoffrey,Moore,geoffrey.moore34@hotmail.it,Milano,Lombardia,Italy,2021-04-17,Silver,26-35
CUST_01029,Charlie,Hall,charlie.hall4@email.it,Bologna,Emilia-Romagna,Italy,2018-12-10,Bronze,26-35
CUST_01030,Donatello,Anguillara,donatello.anguillara58@libero.it,Milano,Lombardia,Italy,2021-05-24,Gold,36-50
CUST_01031,Douglas,Perkins,douglas.perkins13@virgilio.it,Venezia,Veneto,Italy,2022-05-10,Silver,26-35
CUST_01032,Micheletto,Giolitti,micheletto.giolitti14@hotmail.it,Napoli,Campania,Italy,2020-11-21,Bronze,36-50
CUST_01033,Bianca,Moccia,bianca.moccia16@gmail.com,Genova,Liguria,Italy,2019-12-02,Silver,18-25
CUST_01034,Alderano,Draghi,alderano.draghi8@libero.it,Milano,Lombardia,Italy,2023-07-04,Silver,26-35
CUST_01035,Giustino,Bernardi,giustino.bernardi17@libero.it,Roma,Lazio,Italy,2024-02-23,Bronze,26-35
CUST_01036,Dino,Pulci,dino.pulci52@icloud.com,Napoli,Campania,Italy,2024-04-15,Bronze,36-50
CUST_01037,Vincentio,Carli,vincentio.carli88@yahoo.it,Ancona,Marche,Italy,2023-02-09,Bronze,50+
CUST_01038,Lucrezia,Boccaccio,lucrezia.boccaccio75@outlook.com,Torino,Piemonte,Italy,2019-06-29,Bronze,36-50
CUST_01039,Salvi,Sagredo,salvi.sagredo10@gmail.com,Napoli,Campania,Italy,2023-08-05,Silver,50+
CUST_01040,Melania,Orengo,melania.orengo9@libero.it,Catania,Sicilia,Italy,2020-02-27,Bronze,26-35
CUST_01041,Ubaldo,Cantimori,ubaldo.cantimori83@virgilio.it,Venezia,Veneto,Italy,2023-04-26,Gold,18-25
CUST_01042,Rocco,Tencalla,rocco.tencalla17@yahoo.it,Firenze,Toscana,Italy,2023-09-26,Bronze,26-35
CUST_01043,Gianfrancesco,Battaglia,gianfrancesco.battaglia43@yahoo.it,Torino,Piemonte,Italy,2023-07-15,Bronze,26-35
CUST_01044,Lilla,Tremonti,lilla.tremonti6@virgilio.it,Roma,Lazio,Italy,2024-05-04,Silver,26-35
CUST_01045,Leone,Satta,leone.satta7@hotmail.it,Lecce,Puglia,Italy,2023-08-01,Silver,18-25
CUST_01046,Evangelista,Bajamonti,evangelista.bajamonti74@email.it,Milano,Lombardia,Italy,2023-05-30,Silver,26-35
CUST_01047,Augusto,Soderini,augusto.soderini93@email.it,Torino,Piemonte,Italy,2021-04-28,Bronze,26-35
CUST_01048,Rossana,Pigafetta,rossana.pigafetta64@gmail.com,Milano,Lombardia,Italy,2024-03-31,Bronze,18-25
CUST_01049,Pompeo,Cannizzaro,pompeo.cannizzaro49@email.it,Roma,Lazio,Italy,2020-10-02,Bronze,26-35
CUST_01050,Mohammed,Butler,mohammed.butler23@icloud.com,Verona,Veneto,Italy,2024-03-07,Platinum,50+
CUST_01051,Silvestro,Ruffini,silvestro.ruffini28@hotmail.it,Roma,Lazio,Italy,2021-08-19,Bronze,26-35
CUST_01052,Benito,Bottigliero,benito.bottigliero36@outlook.com,Milano,Lombardia,Italy,2020-05-05,Gold,36-50
CUST_01053,Ludovico,Comolli,ludovico.comolli58@hotmail.it,Napoli,Campania,Italy,2023-11-28,Silver,36-50
CUST_01054,Baccio,Ceci,baccio.ceci5@libero.it,Milano,Lombardia,Italy,2018-04-29,Bronze,26-35
CUST_01055,Guglielmo,Vespucci,guglielmo.vespucci83@outlook.com,Milano,Lombardia,Italy,2023-12-05,Silver,26-35
CUST_01056,Lara,Modiano,lara.modiano64@email.it,Verona,Veneto,Italy,2021-04-30,Gold,26-35
CUST_01057,Orazio,Turchetta,orazio.turchetta71@virgilio.it,Bari,Puglia,Italy,2024-02-11,Gold,36-50
CUST_01058,Lando,Sansoni,lando.sansoni8@yahoo.it,Cagliari,Sardegna,Italy,2023-05-28,Bronze,26-35
CUST_01059,Toni,Ricci,toni.ricci36@email.it,Trieste,Friuli-Venezia Giulia,Italy,2023-04-21,Bronze,26-35
CUST_01060,Geoffrey,Hobbs,geoffrey.hobbs18@email.it,Palermo,Sicilia,Italy,2021-12-05,Bronze,18-25
CUST_01061,Ben,Arnold,ben.arnold26@libero.it,Milano,Lombardia,Italy,2019-08-01,Bronze,50+
CUST_01062,Raymond,Whitehead,raymond.whitehead81@gmail.com,Verona,Veneto,Italy,2023-12-02,Silver,26-35
CUST_01063,Graeme,Allen,graeme.allen49@icloud.com,Padova,Veneto,Italy,2020-09-07,Gold,36-50
CUST_01064,Cirillo,Carocci,cirillo.carocci62@virgilio.it,Verona,Veneto,Italy,2021-12-18,Bronze,36-50
CUST_01065,Serena,Villadicani,serena.villadicani45@icloud.com,Napoli,Campania,Italy,2023-01-13,Silver,50+
CUST_01066,Licia,Gabrieli,licia.gabrieli50@outlook.com,Roma,Lazio,Italy,2022-07-06,Silver,36-50
CUST_01067,Puccio,Salvini,puccio.salvini24@gmail.com,Padova,Veneto,Italy,2020-11-23,Bronze,36-50
CUST_01068,Nicola,Frost,nicola.frost41@libero.it,Catania,Sicilia,Italy,2020-06-08,Bronze,50+
CUST_01069,Vanessa,Geraci,vanessa.geraci4@outlook.com,Reggio Calabria,Calabria,Italy,2020-04-12,Silver,36-50
CUST_01070,Joe,Wallis,joe.wallis8@virgilio.it,Roma,Lazio,Italy,2024-01-14,Gold,18-25
CUST_01071,Piergiuseppe,Morlacchi,piergiuseppe.morlacchi68@icloud.com,Roma,Lazio,Italy,2019-02-26,Silver,26-35
CUST_01072,Hollie,Burke,hollie.burke99@libero.it,Roma,Lazio,Italy,2024-06-03,Bronze,36-50
CUST_01073,Ramona,Sanguineti,ramona.sanguineti21@yahoo.it,Verona,Veneto,Italy,2020-11-23,Bronze,50+
CUST_01074,Pasqual,Praga,pasqual.praga32@libero.it,Roma,Lazio,Italy,2020-02-27,Bronze,36-50
CUST_01075,Lina,Cadorna,lina.cadorna35@gmail.com,Milano,Lombardia,Italy,2022-12-08,Silver,36-50
CUST_01076,Luca,Renault,luca.renault98@libero.it,Reggio Calabria,Calabria,Italy,2019-11-02,Silver,36-50
CUST_01077,Luca,Gualtieri,luca.gualtieri74@email.it,Milano,Lombardia,Italy,2023-01-16,Bronze,26-35
CUST_01078,Nico,Corradi,nico.corradi46@hotmail.it,Padova,Veneto,Italy,2023-12-29,Gold,36-50
CUST_01079,Norman,Warner,norman.warner23@libero.it,Torino,Piemonte,Italy,2019-06-03,Silver,18-25
CUST_01080,Giuseppina,Sgarbi,giuseppina.sgarbi76@icloud.com,Padova,Veneto,Italy,2023-10-24,Silver,50+
CUST_01081,Baldassare,Burcardo,baldassare.burcardo95@icloud.com,Bologna,Emilia-Romagna,Italy,2022-01-30,Platinum,36-50
CUST_01082,Rita,Bresciani,rita.bresciani76@gmail.com,Trento,Trentino-Alto Adige,Italy,2020-08-05,Bronze,36-50
CUST_01083,Josh,Baker,josh.baker91@icloud.com,Perugia,Umbria,Italy,2020-09-22,Gold,26-35
CUST_01084,Carmelo,Rienzo,carmelo.rienzo73@hotmail.it,Milano,Lombardia,Italy,2024-03-24,Bronze,26-35
CUST_01085,Cipriano,Palmisano,cipriano.palmisano73@libero.it,Milano,Lombardia,Italy,2020-02-28,Bronze,26-35
CUST_01086,Paola,Cesarotti,paola.cesarotti64@outlook.com,Roma,Lazio,Italy,2024-01-19,Gold,36-50
CUST_01087,Angelina,Bianchini,angelina.bianchini23@virgilio.it,Palermo,Sicilia,Italy,2022-10-17,Gold,36-50
CUST_01088,Bianca,Zampa,bianca.zampa5@yahoo.it,Trento,Trentino-Alto Adige,Italy,2019-04-14,Silver,26-35
CUST_01089,Annamaria,Monicelli,annamaria.monicelli8@libero.it,Napoli,Campania,Italy,2022-06-06,Silver,36-50
CUST_01090,Germana,Castellitto,germana.castellitto78@libero.it,Venezia,Veneto,Italy,2023-11-16,Silver,50+
CUST_01091,Grace,Nelson,grace.nelson3@virgilio.it,Roma,Lazio,Italy,2023-07-16,Gold,18-25
CUST_01092,Piergiorgio,Nitto,piergiorgio.nitto1@icloud.com,Verona,Veneto,Italy,2022-07-17,Bronze,36-50
CUST_01093,Tatiana,Ramazzotti,tatiana.ramazzotti79@libero.it,Lecce,Puglia,Italy,2024-01-10,Gold,36-50
CUST_01094,Stella,Bergoglio,stella.bergoglio17@icloud.com,Roma,Lazio,Italy,2020-04-02,Bronze,36-50
CUST_01095,Anna,Gill,anna.gill92@hotmail.it,Napoli,Campania,Italy,2024-03-13,Bronze,36-50
CUST_01096,Ivo,Mazzanti,ivo.mazzanti42@gmail.com,Milano,Lombardia,Italy,2023-12-24,Bronze,36-50
CUST_01097,Denis,Kent,denis.kent3@hotmail.it,Bologna,Emilia-Romagna,Italy,2023-06-21,Silver,50+
CUST_01098,Mauro,Cammarata,mauro.cammarata76@hotmail.it,Napoli,Campania,Italy,2023-11-17,Gold,18-25
CUST_01099,Aurora,Tomaselli,aurora.tomaselli15@icloud.com,Roma,Lazio,Italy,2022-10-16,Silver,36-50
CUST_01100,Giacomo,Costalonga,giacomo.costalonga10@icloud.com,Napoli,Campania,Italy,2023-05-04,Platinum,18-25
CUST_01101,Irene,Middleton,irene.middleton91@email.it,Firenze,Toscana,Italy,2022-11-12,Bronze,26-35
CUST_01102,Flavia,Sonnino,flavia.sonnino76@yahoo.it,Bologna,Emilia-Romagna,Italy,2021-11-15,Silver,26-35
CUST_01103,Kathleen,Miah,kathleen.miah44@outlook.com,Venezia,Veneto,Italy,2022-11-25,Gold,26-35
CUST_01104,James,Baker,james.baker42@hotmail.it,Milano,Lombardia,Italy,2021-04-18,Silver,50+
CUST_01105,Gianfranco,Cannizzaro,gianfranco.cannizzaro21@email.it,Bari,Puglia,Italy,2022-04-24,Silver,50+
CUST_01106,Maurizio,Viviani,maurizio.viviani82@virgilio.it,Catania,Sicilia,Italy,2021-06-11,Silver,26-35
CUST_01107,Nanni,Carosone,nanni.carosone84@icloud.com,Torino,Piemonte,Italy,2020-04-11,Gold,36-50
CUST_01108,Mariana,Ligorio,mariana.ligorio23@icloud.com,Milano,Lombardia,Italy,2021-09-08,Gold,36-50
CUST_01109,Wendy,Webb,wendy.webb29@hotmail.it,Bari,Puglia,Italy,2023-12-31,Bronze,50+
CUST_01110,Linda,Woods,linda.woods49@outlook.com,Ancona,Marche,Italy,2022-01-04,Gold,36-50
CUST_01111,Antonina,Gemito,antonina.gemito94@outlook.com,Roma,Lazio,Italy,2023-08-15,Bronze,18-25
CUST_01112,Ornella,Respighi,ornella.respighi17@hotmail.it,Firenze,Toscana,Italy,2020-09-19,Bronze,36-50
CUST_01113,Kelly,Goddard,kelly.goddard94@gmail.com,Roma,Lazio,Italy,2022-03-26,Gold,36-50
CUST_01114,Rosina,Zamengo,rosina.zamengo90@email.it,Venezia,Veneto,Italy,2020-03-14,Bronze,36-50
CUST_01115,Tracy,Noble,tracy.noble99@gmail.com,Roma,Lazio,Italy,2020-06-02,Gold,50+
CUST_01116,Marisa,Volta,marisa.volta24@icloud.com,Torino,Piemonte,Italy,2023-02-08,Bronze,50+
CUST_01117,Alfredo,Interminei,alfredo.interminei79@libero.it,Palermo,Sicilia,Italy,2023-01-24,Bronze,36-50
CUST_01118,Alphons,Esposito,alphons.esposito82@yahoo.it,Bologna,Emilia-Romagna,Italy,2020-12-31,Bronze,36-50
CUST_01119,Guarino,Mascheroni,guarino.mascheroni64@hotmail.it,Torino,Piemonte,Italy,2022-06-23,Bronze,50+
CUST_01120,Martino,Nicolini,martino.nicolini43@yahoo.it,Napoli,Campania,Italy,2024-01-14,Silver,26-35
CUST_01121,Adriano,Fabrizi,adriano.fabrizi31@icloud.com,Bologna,Emilia-Romagna,Italy,2020-09-17,Bronze,26-35
CUST_01122,Susanna,Cociarelli,susanna.cociarelli41@hotmail.it,Milano,Lombardia,Italy,2018-11-25,Bronze,26-35
CUST_01123,Zoe,Arnold,zoe.arnold82@yahoo.it,Milano,Lombardia,Italy,2023-04-01,Bronze,50+
CUST_01124,Mathew,Richards,mathew.richards91@icloud.com,Trieste,Friuli-Venezia Giulia,Italy,2019-07-03,Bronze,36-50
CUST_01125,Annunziata,Piccio,annunziata.piccio58@gmail.com,Milano,Lombardia,Italy,2024-06-07,Silver,18-25
CUST_01126,Bartolomeo,Civaschi,bartolomeo.civaschi34@libero.it,Catania,Sicilia,Italy,2023-01-27,Bronze,50+
CUST_01127,Lucia,Baglioni,lucia.baglioni32@yahoo.it,Cagliari,Sardegna,Italy,2022-06-16,Silver,36-50
CUST_01128,Carlo,Turchetta,carlo.turchetta45@outlook.com,Roma,Lazio,Italy,2022-04-05,Gold,50+
CUST_01129,Giampiero,Paoletti,giampiero.paoletti14@gmail.com,Torino,Piemonte,Italy,2022-12-02,Silver,18-25
CUST_01130,Piero,Sansoni,piero.sansoni7@email.it,Bologna,Emilia-Romagna,Italy,2019-12-16,Gold,36-50
CUST_01131,Massimiliano,Cristoforetti,massimiliano.cristoforetti57@email.it,Trieste,Friuli-Venezia Giulia,Italy,2024-04-07,Bronze,36-50
CUST_01132,Napoleone,Mazzacurati,napoleone.mazzacurati22@email.it,Ancona,Marche,Italy,2023-02-20,Bronze,36-50
CUST_01133,Licia,Mocenigo,licia.mocenigo64@email.it,Bari,Puglia,Italy,2020-10-14,Gold,36-50
CUST_01134,Maura,Zoppetti,maura.zoppetti45@email.it,Milano,Lombardia,Italy,2022-11-15,Silver,50+
CUST_01135,Shannon,Russell,shannon.russell13@virgilio.it,Palermo,Sicilia,Italy,2020-05-15,Silver,26-35
CUST_01136,Cassandra,Brenna,cassandra.brenna74@libero.it,Torino,Piemonte,Italy,2018-11-10,Silver,50+
CUST_01137,Valentina,Bernardi,valentina.bernardi21@virgilio.it,Napoli,Campania,Italy,2023-02-28,Bronze,26-35
CUST_01138,Ermanno,Cristoforetti,ermanno.cristoforetti10@gmail.com,Milano,Lombardia,Italy,2023-03-26,Bronze,26-35
CUST_01139,Margherita,Benedetti,margherita.benedetti38@gmail.com,Roma,Lazio,Italy,2022-12-18,Silver,18-25
CUST_01140,Natalie,Williams,natalie.williams41@outlook.com,Verona,Veneto,Italy,2020-10-13,Silver,26-35
CUST_01141,Gianna,Bragadin,gianna.bragadin14@yahoo.it,Napoli,Campania,Italy,2023-01-18,Bronze,26-35
CUST_01142,Jenna,Phillips,jenna.phillips44@hotmail.it,Firenze,Toscana,Italy,2019-07-18,Gold,50+
CUST_01143,Guarino,Ruberto,guarino.ruberto49@hotmail.it,Torino,Piemonte,Italy,2023-01-27,Bronze,36-50
CUST_01144,Fortunata,Rapisardi,fortunata.rapisardi94@yahoo.it,Trieste,Friuli-Venezia Giulia,Italy,2022-11-02,Bronze,26-35
CUST_01145,Duncan,Holden,duncan.holden71@yahoo.it,Bari,Puglia,Italy,2023-04-05,Gold,36-50
CUST_01146,Sebastiano,Roth,sebastiano.roth44@virgilio.it,Firenze,Toscana,Italy,2024-02-24,Silver,18-25
CUST_01147,Pierluigi,Leblanc,pierluigi.leblanc91@gmail.com,Milano,Lombardia,Italy,2023-12-29,Silver,26-35
CUST_01148,Giampiero,Toscani,giampiero.toscani56@hotmail.it,Roma,Lazio,Italy,2024-06-07,Bronze,36-50
CUST_01149,Damiano,Murri,damiano.murri78@email.it,Cagliari,Sardegna,Italy,2024-06-02,Bronze,36-50
CUST_01150,Nicholas,White,nicholas.white21@gmail.com,Venezia,Veneto,Italy,2023-09-17,Silver,36-50
CUST_01151,Puccio,Capuana,puccio.capuana13@icloud.com,Bologna,Emilia-Romagna,Italy,2024-05-09,Bronze,26-35
CUST_01152,Ippazio,Spinelli,ippazio.spinelli27@libero.it,Venezia,Veneto,Italy,2024-01-19,Gold,36-50
CUST_01153,Vincentio,Mascagni,vincentio.mascagni53@outlook.com,Torino,Piemonte,Italy,2023-07-18,Gold,36-50
CUST_01154,Antonino,Galuppi,antonino.galuppi85@outlook.com,Verona,Veneto,Italy,2019-10-14,Gold,50+
CUST_01155,Paolo,Bersani,paolo.bersani39@libero.it,Bologna,Emilia-Romagna,Italy,2019-06-10,Bronze,26-35
CUST_01156,Adriano,Fittipaldi,adriano.fittipaldi13@gmail.com,Milano,Lombardia,Italy,2023-12-12,Silver,36-50
CUST_01157,Leone,Franceschi,leone.franceschi51@virgilio.it,Milano,Lombardia,Italy,2022-07-19,Bronze,36-50
CUST_01158,Barbara,Smith,barbara.smith20@gmail.com,Bologna,Emilia-Romagna,Italy,2023-11-12,Bronze,50+
CUST_01159,Marisa,Cibin,marisa.cibin47@gmail.com,Perugia,Umbria,Italy,2021-08-20,Bronze,26-35
CUST_01160,Marina,Guarana,marina.guarana55@yahoo.it,Firenze,Toscana,Italy,2022-02-05,Bronze,36-50
CUST_01161,Gillian,Pearce,gillian.pearce38@virgilio.it,Trieste,Friuli-Venezia Giulia,Italy,2023-06-09,Gold,26-35
CUST_01162,Jacopo,Mondadori,jacopo.mondadori26@yahoo.it,Bari,Puglia,Italy,2024-03-20,Bronze,36-50
CUST_01163,Dante,Alfieri,dante.alfieri4@libero.it,Roma,Lazio,Italy,2019-12-04,Bronze,26-35
CUST_01164,Stefano,Ricci,stefano.ricci22@outlook.com,Milano,Lombardia,Italy,2024-01-12,Platinum,18-25
CUST_01165,Federico,Cerutti,federico.cerutti11@virgilio.it,Milano,Lombardia,Italy,2023-10-15,Bronze,36-50
CUST_01166,Nino,Tutino,nino.tutino15@outlook.com,Catania,Sicilia,Italy,2021-08-25,Silver,26-35
CUST_01167,Aimee,Lamb,aimee.lamb51@virgilio.it,Roma,Lazio,Italy,2021-11-15,Bronze,26-35
CUST_01168,Irma,Giammusso,irma.giammusso63@outlook.com,Torino,Piemonte,Italy,2019-05-27,Bronze,26-35
CUST_01169,Temistocle,Zaccardo,temistocle.zaccardo12@email.it,Napoli,Campania,Italy,2018-10-25,Gold,18-25
CUST_01170,Matthew,Hughes,matthew.hughes24@icloud.com,Catania,Sicilia,Italy,2022-06-27,Bronze,50+
CUST_01171,Roberta,Nolcini,roberta.nolcini49@icloud.com,Milano,Lombardia,Italy,2020-01-04,Silver,36-50
CUST_01172,Benedetto,Petrucelli,benedetto.petrucelli24@virgilio.it,Torino,Piemonte,Italy,2020-11-10,Bronze,50+
CUST_01173,Sophia,Basso,sophia.basso6@outlook.com,Napoli,Campania,Italy,2023-12-24,Bronze,26-35
CUST_01174,Victor,Clayton,victor.clayton57@virgilio.it,Bologna,Emilia-Romagna,Italy,2022-11-29,Bronze,50+
CUST_01175,Raffaello,Antonini,raffaello.antonini34@libero.it,Padova,Veneto,Italy,2023-03-04,Bronze,36-50
CUST_01176,Romeo,Bosio,romeo.bosio35@gmail.com,Roma,Lazio,Italy,2020-10-24,Bronze,36-50
CUST_01177,Sophia,Mazzi,sophia.mazzi20@yahoo.it,Verona,Veneto,Italy,2023-12-01,Silver,36-50
CUST_01178,Aria,Riccardi,aria.riccardi11@icloud.com,Palermo,Sicilia,Italy,2024-01-20,Bronze,36-50
CUST_01179,Antonina,Pirandello,antonina.pirandello70@email.it,Bologna,Emilia-Romagna,Italy,2022-09-13,Bronze,36-50
CUST_01180,Jolanda,Procacci,jolanda.procacci97@libero.it,Catania,Sicilia,Italy,2024-03-16,Bronze,26-35
CUST_01181,Phillip,Evans,phillip.evans71@gmail.com,Torino,Piemonte,Italy,2023-12-22,Gold,18-25
CUST_01182,Jacopo,Carosone,jacopo.carosone50@email.it,Roma,Lazio,Italy,2023-07-23,Gold,36-50
CUST_01183,Pellegrino,Argan,pellegrino.argan69@virgilio.it,Palermo,Sicilia,Italy,2023-07-27,Silver,36-50
CUST_01184,Garry,Cook,garry.cook74@libero.it,Bologna,Emilia-Romagna,Italy,2020-02-10,Gold,18-25
CUST_01185,Jodie,Harrison,jodie.harrison61@outlook.com,Genova,Liguria,Italy,2021-05-19,Bronze,26-35
CUST_01186,Manuel,Donà,manuel.donà11@email.it,Firenze,Toscana,Italy,2019-09-06,Bronze,36-50
CUST_01187,Nina,Sbarbaro,nina.sbarbaro92@gmail.com,Cagliari,Sardegna,Italy,2018-08-09,Silver,50+
CUST_01188,Rita,Orengo,rita.orengo65@hotmail.it,Venezia,Veneto,Italy,2020-08-01,Silver,18-25
CUST_01189,Martyn,Humphreys,martyn.humphreys16@virgilio.it,Milano,Lombardia,Italy,2024-02-05,Bronze,26-35
CUST_01190,Georgia,Wells,georgia.wells23@hotmail.it,Napoli,Campania,Italy,2021-03-07,Bronze,50+
CUST_01191,Camillo,Romagnoli,camillo.romagnoli28@libero.it,Bari,Puglia,Italy,2024-05-26,Platinum,36-50
CUST_01192,Graham,Smith,graham.smith17@gmail.com,Verona,Veneto,Italy,2023-01-08,Gold,26-35
CUST_01193,Rosina,Camuccini,rosina.camuccini55@yahoo.it,Napoli,Campania,Italy,2021-03-01,Bronze,50+
CUST_01194,Gioachino,Roccabonella,gioachino.roccabonella88@email.it,Trento,Trentino-Alto Adige,Italy,2022-07-31,Silver,36-50
CUST_01195,Bianca,Piccio,bianca.piccio26@hotmail.it,Roma,Lazio,Italy,2021-01-15,Bronze,36-50
CUST_01196,Jane,Jones,jane.jones77@outlook.com,Torino,Piemonte,Italy,2024-06-11,Bronze,50+
CUST_01197,Venancio,Bosurgi,venancio.bosurgi41@yahoo.it,Trento,Trentino-Alto Adige,Italy,2023-12-25,Bronze,50+
CUST_01198,Cameron,Marshall,cameron.marshall12@email.it,Trento,Trentino-Alto Adige,Italy,2019-01-19,Bronze,26-35
CUST_01199,Leah,Ellis,leah.ellis72@email.it,Palermo,Sicilia,Italy,2024-04-29,Bronze,18-25
CUST_01200,Lucy,James,lucy.james71@icloud.com,Trieste,Friuli-Venezia Giulia,Italy,2023-07-08,Gold,26-35
CUST_01201,Paolo,Mastroianni,paolo.mastroianni36@virgilio.it,Milano,Lombardia,Italy,2019-11-12,Bronze,18-25
CUST_01202,Lucrezia,Morosini,lucrezia.morosini2@email.it,Trieste,Friuli-Venezia Giulia,Italy,2023-04-28,Silver,18-25
CUST_01203,Gianfrancesco,Montecchi,gianfrancesco.montecchi15@email.it,Firenze,Toscana,Italy,2023-03-24,Bronze,26-35
CUST_01204,Melania,Dibiasi,melania.dibiasi20@hotmail.it,Roma,Lazio,Italy,2021-01-14,Bronze,50+
CUST_01205,Beppe,Tonisto,beppe.tonisto73@yahoo.it,Roma,Lazio,Italy,2023-08-29,Gold,50+
CUST_01206,Colin,Harris,colin.harris14@yahoo.it,Napoli,Campania,Italy,2019-12-01,Silver,36-50
CUST_01207,Emma,Carnera,emma.carnera37@icloud.com,Roma,Lazio,Italy,2022-07-19,Platinum,36-50
CUST_01208,Virgilio,Toninelli,virgilio.toninelli53@outlook.com,Firenze,Toscana,Italy,2018-08-24,Platinum,18-25
CUST_01209,Fulvio,Necci,fulvio.necci50@virgilio.it,Milano,Lombardia,Italy,2024-05-24,Bronze,26-35
CUST_01210,Maurizio,Comisso,maurizio.comisso74@virgilio.it,Firenze,Toscana,Italy,2023-08-20,Bronze,18-25
CUST_01211,Gianpietro,Camilleri,gianpietro.camilleri5@hotmail.it,Bologna,Emilia-Romagna,Italy,2020-08-03,Gold,36-50
CUST_01212,Ennio,Guarato,ennio.guarato36@email.it,Napoli,Campania,Italy,2021-10-18,Platinum,18-25
CUST_01213,Carol,Marshall,carol.marshall19@email.it,Torino,Piemonte,Italy,2020-08-08,Silver,50+
CUST_01214,Gaetano,Dovara,gaetano.dovara5@email.it,Bari,Puglia,Italy,2023-09-09,Silver,36-50
CUST_01215,Stewart,Adams,stewart.adams43@libero.it,Trento,Trentino-Alto Adige,Italy,2019-07-30,Silver,26-35
CUST_01216,Laura,Jones,laura.jones7@virgilio.it,Bari,Puglia,Italy,2023-12-16,Bronze,26-35
CUST_01217,Chiara,Correr,chiara.correr35@icloud.com,Firenze,Toscana,Italy,2024-04-22,Silver,36-50
CUST_01218,Melanie,Ward,melanie.ward3@icloud.com,Bari,Puglia,Italy,2023-05-06,Gold,50+
CUST_01219,Maria,Borromini,maria.borromini39@outlook.com,Roma,Lazio,Italy,2020-12-30,Silver,36-50
CUST_01220,Georgina,Butcher,georgina.butcher36@virgilio.it,Milano,Lombardia,Italy,2021-11-24,Bronze,26-35
CUST_01221,Federigo,Tafuri,federigo.tafuri90@yahoo.it,Torino,Piemonte,Italy,2022-06-28,Bronze,36-50
CUST_01222,Rita,Price,rita.price30@hotmail.it,Verona,Veneto,Italy,2023-01-20,Bronze,26-35
CUST_01223,Stewart,Smith,stewart.smith39@virgilio.it,Roma,Lazio,Italy,2023-04-25,Bronze,50+
CUST_01224,Trevor,Atkinson,trevor.atkinson42@outlook.com,Milano,Lombardia,Italy,2022-11-02,Gold,36-50
CUST_01225,Guy,Baldwin,guy.baldwin94@email.it,Milano,Lombardia,Italy,2021-11-07,Bronze,36-50
CUST_01226,Ronaldo,Zarlino,ronaldo.zarlino78@yahoo.it,Trieste,Friuli-Venezia Giulia,Italy,2024-02-18,Bronze,26-35
CUST_01227,Maria,Salandra,maria.salandra25@virgilio.it,Genova,Liguria,Italy,2019-11-08,Bronze,36-50
CUST_01228,Giulia,Zeffirelli,giulia.zeffirelli28@email.it,Roma,Lazio,Italy,2022-06-09,Silver,26-35
CUST_01229,Evangelista,Miniati,evangelista.miniati95@virgilio.it,Bologna,Emilia-Romagna,Italy,2023-09-21,Silver,18-25
CUST_01230,Stefani,Mercadante,stefani.mercadante98@icloud.com,Bologna,Emilia-Romagna,Italy,2019-08-09,Bronze,26-35
CUST_01231,Enzo,Rosselli,enzo.rosselli8@hotmail.it,Palermo,Sicilia,Italy,2023-06-16,Bronze,50+
CUST_01232,Paula,Watson,paula.watson9@outlook.com,Roma,Lazio,Italy,2023-11-19,Bronze,36-50
CUST_01233,Baldassare,Scotto,baldassare.scotto91@email.it,Trieste,Friuli-Venezia Giulia,Italy,2023-04-13,Silver,18-25
CUST_01234,Hollie,Gallagher,hollie.gallagher18@gmail.com,Firenze,Toscana,Italy,2018-09-27,Bronze,50+
CUST_01235,Rembrandt,Marcacci,rembrandt.marcacci23@libero.it,Palermo,Sicilia,Italy,2020-10-03,Gold,26-35
CUST_01236,Robin,Hicks,robin.hicks26@gmail.com,Milano,Lombardia,Italy,2021-10-19,Bronze,26-35
CUST_01237,Martyn,Wood,martyn.wood32@gmail.com,Torino,Piemonte,Italy,2021-02-20,Bronze,26-35
CUST_01238,Natalia,Leoncavallo,natalia.leoncavallo59@gmail.com,Torino,Piemonte,Italy,2024-05-17,Silver,36-50
CUST_01239,Camilla,Bertoni,camilla.bertoni47@libero.it,Bologna,Emilia-Romagna,Italy,2023-03-31,Bronze,36-50
CUST_01240,Judith,Anderson,judith.anderson36@icloud.com,Milano,Lombardia,Italy,2021-07-16,Silver,36-50
CUST_01241,Mauro,Tomaselli,mauro.tomaselli60@email.it,Verona,Veneto,Italy,2024-04-07,Bronze,36-50
CUST_01242,Benito,Mastroianni,benito.mastroianni82@yahoo.it,Roma,Lazio,Italy,2023-08-05,Silver,26-35
CUST_01243,Romolo,Salvo,romolo.salvo88@gmail.com,Palermo,Sicilia,Italy,2021-06-19,Silver,36-50
CUST_01244,Angelo,Bettin,angelo.bettin31@icloud.com,Verona,Veneto,Italy,2021-12-31,Gold,26-35
CUST_01245,Nanni,Ludovisi,nanni.ludovisi63@virgilio.it,Bologna,Emilia-Romagna,Italy,2020-11-25,Bronze,36-50
CUST_01246,Beppe,Bulzoni,beppe.bulzoni23@virgilio.it,Bari,Puglia,Italy,2024-05-27,Bronze,36-50
CUST_01247,Diana,Tolentino,diana.tolentino76@icloud.com,Palermo,Sicilia,Italy,2022-09-03,Bronze,36-50
CUST_01248,Oreste,Scandone,oreste.scandone45@hotmail.it,Torino,Piemonte,Italy,2024-02-25,Gold,36-50
CUST_01249,Oliver,Lee,oliver.lee34@yahoo.it,Verona,Veneto,Italy,2021-10-28,Gold,36-50
CUST_01250,Beatrice,Vismara,beatrice.vismara37@gmail.com,Firenze,Toscana,Italy,2024-01-11,Bronze,18-25
CUST_01251,Bryan,Wilson,bryan.wilson50@gmail.com,Bologna,Emilia-Romagna,Italy,2019-07-05,Bronze,50+
CUST_01252,Morena,Basadonna,morena.basadonna21@libero.it,Bari,Puglia,Italy,2024-06-09,Bronze,18-25
CUST_01253,Roberto,Farinelli,roberto.farinelli29@libero.it,Torino,Piemonte,Italy,2024-03-16,Bronze,18-25
CUST_01254,Ludovico,Silvestri,ludovico.silvestri87@libero.it,Firenze,Toscana,Italy,2021-11-30,Bronze,36-50
CUST_01255,Temistocle,Contrafatto,temistocle.contrafatto35@email.it,Napoli,Campania,Italy,2023-09-20,Bronze,36-50
CUST_01256,Augusto,Salieri,augusto.salieri66@gmail.com,Padova,Veneto,Italy,2023-08-21,Silver,18-25
CUST_01257,Claudio,Munari,claudio.munari99@gmail.com,Perugia,Umbria,Italy,2024-03-02,Gold,50+
CUST_01258,Laura,Branciforte,laura.branciforte61@hotmail.it,Bologna,Emilia-Romagna,Italy,2021-08-08,Platinum,50+
CUST_01259,Toni,Dossetti,toni.dossetti83@hotmail.it,Palermo,Sicilia,Italy,2022-06-07,Bronze,36-50
CUST_01260,Annibale,Granatelli,annibale.granatelli77@gmail.com,Cagliari,Sardegna,Italy,2024-01-16,Silver,36-50
CUST_01261,Isabella,Romiti,isabella.romiti29@outlook.com,Milano,Lombardia,Italy,2023-09-25,Gold,36-50
CUST_01262,Raimondo,Trevisani,raimondo.trevisani78@outlook.com,Roma,Lazio,Italy,2022-01-28,Bronze,26-35
CUST_01263,Antony,Stokes,antony.stokes92@outlook.com,Catania,Sicilia,Italy,2023-12-23,Silver,36-50
CUST_01264,Valerio,Cundari,valerio.cundari55@email.it,Padova,Veneto,Italy,2019-05-29,Bronze,50+
CUST_01265,Mirco,Palmisano,mirco.palmisano45@virgilio.it,Trieste,Friuli-Venezia Giulia,Italy,2023-09-30,Bronze,50+
CUST_01266,Lindsey,Wilkinson,lindsey.wilkinson33@libero.it,Torino,Piemonte,Italy,2020-12-14,Bronze,50+
CUST_01267,Ignazio,Pedersoli,ignazio.pedersoli60@outlook.com,Milano,Lombardia,Italy,2021-06-23,Bronze,26-35
CUST_01268,Pierangelo,Moretti,pierangelo.moretti87@email.it,Napoli,Campania,Italy,2022-07-25,Silver,26-35
CUST_01269,Henry,Thomas,henry.thomas75@yahoo.it,Roma,Lazio,Italy,2022-05-11,Bronze,26-35
CUST_01270,Giovanna,Bernardi,giovanna.bernardi1@icloud.com,Firenze,Toscana,Italy,2022-09-08,Bronze,26-35
CUST_01271,Monica,Monteverdi,monica.monteverdi72@outlook.com,Bari,Puglia,Italy,2022-10-18,Bronze,26-35
CUST_01272,Baccio,Monicelli,baccio.monicelli39@yahoo.it,Milano,Lombardia,Italy,2021-09-28,Gold,26-35
CUST_01273,Cesare,Zabarella,cesare.zabarella62@yahoo.it,Padova,Veneto,Italy,2020-09-20,Bronze,36-50
CUST_01274,Giovanna,Peano,giovanna.peano44@outlook.com,Napoli,Campania,Italy,2023-09-12,Silver,36-50
CUST_01275,Ippazio,Grifeo,ippazio.grifeo82@icloud.com,Venezia,Veneto,Italy,2022-02-09,Silver,36-50
CUST_01276,Lidia,Conti,lidia.conti36@outlook.com,Milano,Lombardia,Italy,2022-08-15,Bronze,50+
CUST_01277,Mariano,Bova,mariano.bova84@outlook.com,Firenze,Toscana,Italy,2023-03-21,Bronze,18-25
CUST_01278,Alexander,Fisher,alexander.fisher25@hotmail.it,Milano,Lombardia,Italy,2024-03-13,Silver,18-25
CUST_01279,Amelia,Curtis,amelia.curtis67@libero.it,Lecce,Puglia,Italy,2023-06-19,Bronze,36-50
CUST_01280,Berenice,Cipolla,berenice.cipolla8@email.it,Verona,Veneto,Italy,2019-05-21,Bronze,36-50
CUST_01281,Maurizio,Mastroianni,maurizio.mastroianni85@icloud.com,Napoli,Campania,Italy,2023-12-13,Silver,36-50
CUST_01282,Filippa,Pergolesi,filippa.pergolesi88@hotmail.it,Roma,Lazio,Italy,2024-06-18,Bronze,18-25
CUST_01283,Domenico,Brenna,domenico.brenna93@gmail.com,Perugia,Umbria,Italy,2022-06-19,Bronze,26-35
CUST_01284,Lodovico,Zaccardo,lodovico.zaccardo84@virgilio.it,Torino,Piemonte,Italy,2024-05-25,Bronze,36-50
CUST_01285,Nicola,Mondaini,nicola.mondaini38@outlook.com,Roma,Lazio,Italy,2022-10-22,Bronze,50+
CUST_01286,Kim,Taylor,kim.taylor54@email.it,Bologna,Emilia-Romagna,Italy,2022-05-28,Silver,50+
CUST_01287,Paoletta,Ceravolo,paoletta.ceravolo50@gmail.com,Ancona,Marche,Italy,2021-09-27,Silver,36-50
CUST_01288,Germana,Troisi,germana.troisi75@libero.it,Milano,Lombardia,Italy,2023-04-09,Silver,36-50
CUST_01289,Carmelo,Randazzo,carmelo.randazzo44@libero.it,Roma,Lazio,Italy,2021-02-11,Silver,50+
CUST_01290,Torquato,Orengo,torquato.orengo88@virgilio.it,Perugia,Umbria,Italy,2020-02-08,Bronze,36-50
CUST_01291,Abigail,Webb,abigail.webb86@icloud.com,Roma,Lazio,Italy,2019-01-27,Bronze,36-50
CUST_01292,James,Allen,james.allen65@outlook.com,Milano,Lombardia,Italy,2021-07-06,Bronze,50+
CUST_01293,Pauline,Jones,pauline.jones22@hotmail.it,Bologna,Emilia-Romagna,Italy,2022-02-01,Bronze,36-50
CUST_01294,Aldo,Orlando,aldo.orlando38@yahoo.it,Trieste,Friuli-Venezia Giulia,Italy,2022-10-30,Platinum,50+
CUST_01295,Lodovico,Esposito,lodovico.esposito61@hotmail.it,Napoli,Campania,Italy,2021-07-07,Gold,26-35
CUST_01296,Giampaolo,Mortati,giampaolo.mortati95@outlook.com,Reggio Calabria,Calabria,Italy,2024-06-12,Bronze,36-50
CUST_01297,Marisa,Speri,marisa.speri93@hotmail.it,Palermo,Sicilia,Italy,2021-07-05,Bronze,50+
CUST_01298,Fredo,Gemito,fredo.gemito88@icloud.com,Milano,Lombardia,Italy,2022-04-25,Bronze,18-25
CUST_01299,Maurice,Gallagher,maurice.gallagher84@yahoo.it,Reggio Calabria,Calabria,Italy,2020-02-02,Bronze,36-50
CUST_01300,Edoardo,Costanzi,edoardo.costanzi29@icloud.com,Torino,Piemonte,Italy,2021-04-26,Bronze,26-35
CUST_01301,Beppe,Malaparte,beppe.malaparte29@outlook.com,Firenze,Toscana,Italy,2019-06-06,Silver,50+
CUST_01302,Rosina,Calvo,rosina.calvo54@icloud.com,Bologna,Emilia-Romagna,Italy,2022-11-10,Gold,36-50
CUST_01303,Tonino,Vecellio,tonino.vecellio48@outlook.com,Firenze,Toscana,Italy,2023-08-19,Silver,26-35
CUST_01304,Romana,Troisi,romana.troisi75@outlook.com,Milano,Lombardia,Italy,2020-11-15,Bronze,36-50
CUST_01305,Lee,Smith,lee.smith60@yahoo.it,Milano,Lombardia,Italy,2021-12-10,Bronze,36-50
CUST_01306,Lesley,Clark,lesley.clark61@gmail.com,Napoli,Campania,Italy,2018-11-02,Silver,36-50
CUST_01307,Gary,Matthews,gary.matthews82@yahoo.it,Padova,Veneto,Italy,2023-12-15,Gold,26-35
CUST_01308,Angelo,Morandini,angelo.morandini61@libero.it,Bologna,Emilia-Romagna,Italy,2023-09-27,Gold,50+
CUST_01309,Teresa,Chechi,teresa.chechi65@yahoo.it,Reggio Calabria,Calabria,Italy,2019-08-20,Gold,36-50
CUST_01310,Cassandra,Paolini,cassandra.paolini88@email.it,Firenze,Toscana,Italy,2021-12-04,Silver,36-50
CUST_01311,Eraldo,Cutuli,eraldo.cutuli68@outlook.com,Firenze,Toscana,Italy,2024-05-08,Silver,18-25
CUST_01312,Liam,Mellor,liam.mellor53@gmail.com,Roma,Lazio,Italy,2022-01-25,Bronze,50+
CUST_01313,Filippo,Delle,filippo.delle20@hotmail.it,Roma,Lazio,Italy,2022-09-18,Silver,26-35
CUST_01314,Licia,Romiti,licia.romiti26@icloud.com,Firenze,Toscana,Italy,2021-11-15,Bronze,36-50
CUST_01315,Antonello,Polani,antonello.polani53@virgilio.it,Verona,Veneto,Italy,2023-01-07,Bronze,50+
CUST_01316,Mirco,Gioberti,mirco.gioberti19@icloud.com,Cagliari,Sardegna,Italy,2024-06-04,Silver,26-35
CUST_01317,Joyce,Collier,joyce.collier92@hotmail.it,Lecce,Puglia,Italy,2024-06-28,Bronze,36-50
CUST_01318,Renzo,Lucarelli,renzo.lucarelli11@virgilio.it,Roma,Lazio,Italy,2023-09-20,Bronze,26-35
CUST_01319,Marcella,Salandra,marcella.salandra43@hotmail.it,Trieste,Friuli-Venezia Giulia,Italy,2022-02-17,Bronze,36-50
CUST_01320,Gianpaolo,Udinese,gianpaolo.udinese41@gmail.com,Firenze,Toscana,Italy,2022-07-27,Bronze,36-50
CUST_01321,Gino,Maspero,gino.maspero1@virgilio.it,Milano,Lombardia,Italy,2021-11-18,Bronze,50+
CUST_01322,Kieran,Barker,kieran.barker36@libero.it,Trieste,Friuli-Venezia Giulia,Italy,2024-06-13,Bronze,50+
CUST_01323,Leon,Cunningham,leon.cunningham98@hotmail.it,Genova,Liguria,Italy,2023-06-20,Bronze,36-50
CUST_01324,Frederick,Iqbal,frederick.iqbal74@hotmail.it,Roma,Lazio,Italy,2022-05-09,Bronze,36-50
CUST_01325,Helen,Butler,helen.butler63@yahoo.it,Napoli,Campania,Italy,2018-09-18,Platinum,36-50
CUST_01326,Paloma,Scotto,paloma.scotto17@email.it,Firenze,Toscana,Italy,2022-09-08,Bronze,26-35
CUST_01327,Romana,Ferrara,romana.ferrara82@email.it,Catania,Sicilia,Italy,2024-06-11,Bronze,36-50
CUST_01328,Nanni,Rossetti,nanni.rossetti52@email.it,Napoli,Campania,Italy,2022-09-13,Silver,50+
CUST_01329,Romolo,Lombardo,romolo.lombardo62@email.it,Reggio Calabria,Calabria,Italy,2020-10-10,Gold,26-35
CUST_01330,Marian,Wilson,marian.wilson1@gmail.com,Milano,Lombardia,Italy,2018-12-19,Silver,26-35
CUST_01331,Melania,Pascarella,melania.pascarella69@libero.it,Torino,Piemonte,Italy,2021-11-14,Bronze,26-35
CUST_01332,Zoe,Palmer,zoe.palmer94@icloud.com,Napoli,Campania,Italy,2024-03-23,Silver,26-35
CUST_01333,Tiziano,Tron,tiziano.tron2@icloud.com,Napoli,Campania,Italy,2024-06-26,Silver,18-25
CUST_01334,Piero,Cutrufo,piero.cutrufo97@libero.it,Firenze,Toscana,Italy,2024-04-26,Silver,36-50
CUST_01335,Paulina,Filippelli,paulina.filippelli3@gmail.com,Catania,Sicilia,Italy,2023-07-20,Silver,36-50
CUST_01336,Angela,Jordan,angela.jordan81@libero.it,Trieste,Friuli-Venezia Giulia,Italy,2022-11-08,Gold,36-50
CUST_01337,Nina,Cicilia,nina.cicilia29@icloud.com,Perugia,Umbria,Italy,2022-12-29,Gold,26-35
CUST_01338,Sylvia,Greggio,sylvia.greggio40@hotmail.it,Verona,Veneto,Italy,2022-10-09,Silver,36-50
CUST_01339,Arnaldo,Solimena,arnaldo.solimena14@email.it,Padova,Veneto,Italy,2023-06-19,Bronze,50+
CUST_01340,Tatiana,Pagnotto,tatiana.pagnotto65@outlook.com,Bologna,Emilia-Romagna,Italy,2022-03-16,Silver,50+
CUST_01341,Angelica,Camilleri,angelica.camilleri22@yahoo.it,Padova,Veneto,Italy,2023-04-26,Gold,36-50
CUST_01342,Joan,Scott,joan.scott6@outlook.com,Firenze,Toscana,Italy,2020-04-07,Bronze,18-25
CUST_01343,Lara,Tozzi,lara.tozzi38@virgilio.it,Torino,Piemonte,Italy,2021-05-07,Platinum,50+
CUST_01344,Serafina,Cattaneo,serafina.cattaneo94@icloud.com,Firenze,Toscana,Italy,2023-12-10,Bronze,36-50
CUST_01345,Ippazio,Brancaccio,ippazio.brancaccio56@hotmail.it,Napoli,Campania,Italy,2024-03-05,Bronze,26-35
CUST_01346,Mariana,Curci,mariana.curci44@virgilio.it,Firenze,Toscana,Italy,2022-10-09,Gold,18-25
CUST_01347,Stewart,Pearce,stewart.pearce46@libero.it,Lecce,Puglia,Italy,2019-02-26,Bronze,18-25
CUST_01348,Guarino,Salata,guarino.salata22@email.it,Firenze,Toscana,Italy,2024-04-03,Bronze,26-35
CUST_01349,Ubaldo,Comeriato,ubaldo.comeriato3@libero.it,Milano,Lombardia,Italy,2023-06-12,Bronze,18-25
CUST_01350,Rita,Romano,rita.romano29@hotmail.it,Bologna,Emilia-Romagna,Italy,2022-03-07,Bronze,50+
CUST_01351,Darren,John,darren.john28@gmail.com,Milano,Lombardia,Italy,2023-01-10,Bronze,36-50
CUST_01352,Nigel,May,nigel.may76@hotmail.it,Milano,Lombardia,Italy,2022-04-05,Bronze,36-50
CUST_01353,Carlo,Gargallo,carlo.gargallo16@icloud.com,Roma,Lazio,Italy,2022-06-07,Bronze,50+
CUST_01354,Paulina,Salvemini,paulina.salvemini92@gmail.com,Napoli,Campania,Italy,2024-02-13,Platinum,36-50
CUST_01355,Valentina,Necci,valentina.necci49@outlook.com,Napoli,Campania,Italy,2020-08-10,Platinum,50+
CUST_01356,Gavin,Johnson,gavin.johnson99@gmail.com,Verona,Veneto,Italy,2020-02-03,Bronze,50+
CUST_01357,Alfredo,Pozzecco,alfredo.pozzecco77@gmail.com,Bari,Puglia,Italy,2018-05-04,Silver,26-35
CUST_01358,Arnulfo,Petrocelli,arnulfo.petrocelli85@yahoo.it,Napoli,Campania,Italy,2021-08-22,Bronze,50+
CUST_01359,Tiziano,Paltrinieri,tiziano.paltrinieri84@gmail.com,Firenze,Toscana,Italy,2020-06-29,Bronze,36-50
CUST_01360,Gianpietro,Pavone,gianpietro.pavone7@yahoo.it,Firenze,Toscana,Italy,2021-01-17,Bronze,18-25
CUST_01361,Biagio,Panatta,biagio.panatta54@virgilio.it,Bari,Puglia,Italy,2018-09-09,Platinum,36-50
CUST_01362,Arthur,Benson,arthur.benson49@yahoo.it,Milano,Lombardia,Italy,2021-02-04,Gold,36-50
CUST_01363,Gianfranco,Babbo,gianfranco.babbo71@outlook.com,Milano,Lombardia,Italy,2021-09-30,Bronze,50+
CUST_01364,Lucio,Calarco,lucio.calarco61@hotmail.it,Verona,Veneto,Italy,2019-02-26,Bronze,26-35
CUST_01365,Rosa,Monti,rosa.monti27@gmail.com,Napoli,Campania,Italy,2023-01-25,Bronze,36-50
CUST_01366,Charles,Smith,charles.smith39@email.it,Milano,Lombardia,Italy,2022-11-25,Silver,18-25
CUST_01367,Morena,Comboni,morena.comboni85@yahoo.it,Roma,Lazio,Italy,2020-01-09,Silver,26-35
CUST_01368,Lynn,Tucker,lynn.tucker85@outlook.com,Perugia,Umbria,Italy,2023-01-05,Bronze,18-25
CUST_01369,Edoardo,Baroffio,edoardo.baroffio80@hotmail.it,Trieste,Friuli-Venezia Giulia,Italy,2024-06-29,Silver,36-50
CUST_01370,Ivan,Sermonti,ivan.sermonti54@yahoo.it,Catania,Sicilia,Italy,2024-04-25,Bronze,50+
CUST_01371,Ida,Cignaroli,ida.cignaroli66@yahoo.it,Napoli,Campania,Italy,2018-05-03,Gold,26-35
CUST_01372,Maria,Scotto,maria.scotto37@yahoo.it,Bologna,Emilia-Romagna,Italy,2023-10-18,Silver,36-50
CUST_01373,Ricciotti,Agostini,ricciotti.agostini14@virgilio.it,Lecce,Puglia,Italy,2021-11-11,Bronze,26-35
CUST_01374,Paul,Hanson,paul.hanson26@libero.it,Lecce,Puglia,Italy,2019-08-22,Silver,18-25
CUST_01375,Bernardo,Antonini,bernardo.antonini34@libero.it,Roma,Lazio,Italy,2021-07-14,Gold,36-50
CUST_01376,Girolamo,Gadda,girolamo.gadda46@email.it,Verona,Veneto,Italy,2021-09-07,Bronze,18-25
CUST_01377,Romana,Conte,romana.conte38@hotmail.it,Roma,Lazio,Italy,2022-09-13,Bronze,36-50
CUST_01378,Charlene,Wright,charlene.wright6@virgilio.it,Roma,Lazio,Italy,2023-04-14,Gold,18-25
CUST_01379,Iain,Higgins,iain.higgins27@virgilio.it,Palermo,Sicilia,Italy,2023-08-16,Bronze,18-25
CUST_01380,Allegra,Tron,allegra.tron43@libero.it,Torino,Piemonte,Italy,2021-03-22,Bronze,36-50
CUST_01381,Gerard,Goddard,gerard.goddard1@gmail.com,Perugia,Umbria,Italy,2021-09-07,Bronze,36-50
CUST_01382,Piersanti,Capuana,piersanti.capuana86@yahoo.it,Milano,Lombardia,Italy,2021-08-10,Gold,18-25
CUST_01383,Maura,Luria,maura.luria15@virgilio.it,Napoli,Campania,Italy,2021-11-30,Silver,36-50
CUST_01384,Rita,Taylor,rita.taylor20@yahoo.it,Cagliari,Sardegna,Italy,2024-06-30,Gold,50+
CUST_01385,Steven,Holmes,steven.holmes66@yahoo.it,Cagliari,Sardegna,Italy,2023-09-24,Silver,36-50
CUST_01386,Gilberto,Manunta,gilberto.manunta93@yahoo.it,Roma,Lazio,Italy,2024-06-01,Bronze,18-25
CUST_01387,Dario,Bellocchio,dario.bellocchio33@libero.it,Torino,Piemonte,Italy,2023-05-30,Silver,36-50
CUST_01388,Gino,Puccini,gino.puccini59@outlook.com,Genova,Liguria,Italy,2022-02-21,Silver,36-50
CUST_01389,Arthur,Greenwood,arthur.greenwood34@virgilio.it,Roma,Lazio,Italy,2022-01-21,Bronze,18-25
CUST_01390,Eugenia,Saragat,eugenia.saragat7@yahoo.it,Lecce,Puglia,Italy,2022-07-17,Bronze,50+
CUST_01391,Azeglio,Capuana,azeglio.capuana23@gmail.com,Cagliari,Sardegna,Italy,2022-03-12,Bronze,50+
CUST_01392,Romina,Tartaglia,romina.tartaglia38@icloud.com,Roma,Lazio,Italy,2023-11-30,Silver,50+
CUST_01393,Cassandra,Valentino,cassandra.valentino87@icloud.com,Milano,Lombardia,Italy,2022-06-07,Gold,50+
CUST_01394,Alderano,Totino,alderano.totino55@yahoo.it,Milano,Lombardia,Italy,2021-07-13,Silver,36-50
CUST_01395,Kayleigh,Wright,kayleigh.wright13@gmail.com,Cagliari,Sardegna,Italy,2023-09-20,Platinum,36-50
CUST_01396,Aria,Goldstein,aria.goldstein2@hotmail.it,Roma,Lazio,Italy,2024-01-03,Bronze,36-50
CUST_01397,Letizia,Colletti,letizia.colletti85@hotmail.it,Torino,Piemonte,Italy,2022-03-19,Gold,50+
CUST_01398,Lamberto,Riccardi,lamberto.riccardi43@icloud.com,Napoli,Campania,Italy,2023-04-24,Gold,36-50
CUST_01399,Joe,Field,joe.field57@outlook.com,Venezia,Veneto,Italy,2019-07-30,Bronze,26-35
CUST_01400,Achille,Niscoromni,achille.niscoromni94@yahoo.it,Milano,Lombardia,Italy,2022-09-23,Platinum,26-35
CUST_01401,Gioacchino,Prati,gioacchino.prati48@icloud.com,Roma,Lazio,Italy,2019-05-18,Bronze,50+
CUST_01402,Paige,Wilson,paige.wilson24@yahoo.it,Perugia,Umbria,Italy,2019-02-10,Gold,18-25
CUST_01403,Kieran,Walker,kieran.walker52@email.it,Cagliari,Sardegna,Italy,2023-02-01,Gold,36-50
CUST_01404,Patrick,Hammond,patrick.hammond59@outlook.com,Verona,Veneto,Italy,2021-07-30,Silver,50+
CUST_01405,Roger,James,roger.james50@virgilio.it,Milano,Lombardia,Italy,2023-08-07,Silver,36-50
CUST_01406,Flavio,Briccialdi,flavio.briccialdi54@hotmail.it,Firenze,Toscana,Italy,2024-02-25,Bronze,50+
CUST_01407,Marilyn,Morris,marilyn.morris15@hotmail.it,Genova,Liguria,Italy,2020-06-04,Silver,36-50
CUST_01408,Venancio,Onio,venancio.onio90@gmail.com,Firenze,Toscana,Italy,2023-07-13,Bronze,18-25
CUST_01409,Shirley,Woodward,shirley.woodward21@yahoo.it,Cagliari,Sardegna,Italy,2022-08-30,Silver,50+
CUST_01410,Jennifer,Harvey,jennifer.harvey54@virgilio.it,Genova,Liguria,Italy,2020-03-05,Silver,26-35
CUST_01411,Charlene,Rogers,charlene.rogers73@virgilio.it,Milano,Lombardia,Italy,2023-03-31,Gold,26-35
CUST_01412,Baldassare,Trobbiani,baldassare.trobbiani24@email.it,Cagliari,Sardegna,Italy,2023-01-27,Bronze,26-35
CUST_01413,Alessia,Tomaselli,alessia.tomaselli46@gmail.com,Ancona,Marche,Italy,2022-08-31,Gold,26-35
CUST_01414,Michela,Tomaselli,michela.tomaselli88@hotmail.it,Milano,Lombardia,Italy,2024-04-03,Gold,26-35
CUST_01415,Sophie,Hewitt,sophie.hewitt62@virgilio.it,Bologna,Emilia-Romagna,Italy,2022-09-09,Silver,26-35
CUST_01416,Donna,Powell,donna.powell15@email.it,Firenze,Toscana,Italy,2024-06-19,Bronze,36-50
CUST_01417,Angelica,Aporti,angelica.aporti57@gmail.com,Torino,Piemonte,Italy,2022-08-21,Bronze,50+
CUST_01418,Ottavio,Segni,ottavio.segni9@outlook.com,Roma,Lazio,Italy,2020-03-18,Bronze,26-35
CUST_01419,Antonello,Pederiva,antonello.pederiva84@icloud.com,Venezia,Veneto,Italy,2022-06-16,Silver,26-35
CUST_01420,Jennifer,Francis,jennifer.francis2@libero.it,Ancona,Marche,Italy,2020-10-09,Silver,36-50
CUST_01421,Simon,Ball,simon.ball86@icloud.com,Napoli,Campania,Italy,2023-01-08,Platinum,36-50
CUST_01422,Nico,Gritti,nico.gritti67@yahoo.it,Milano,Lombardia,Italy,2023-05-30,Bronze,50+
CUST_01423,Ludovica,Antelami,ludovica.antelami56@libero.it,Genova,Liguria,Italy,2022-06-12,Bronze,18-25
CUST_01424,Brandon,Butler,brandon.butler62@icloud.com,Torino,Piemonte,Italy,2020-01-12,Silver,50+
CUST_01425,Richard,Green,richard.green85@email.it,Trieste,Friuli-Venezia Giulia,Italy,2022-06-13,Gold,36-50
CUST_01426,Michele,Boito,michele.boito20@gmail.com,Napoli,Campania,Italy,2019-11-08,Gold,36-50
CUST_01427,Matteo,Giusti,matteo.giusti2@hotmail.it,Roma,Lazio,Italy,2023-05-14,Gold,18-25
CUST_01428,Livia,Cammarata,livia.cammarata65@virgilio.it,Roma,Lazio,Italy,2023-10-11,Bronze,26-35
CUST_01429,Martina,Montanelli,martina.montanelli64@hotmail.it,Bari,Puglia,Italy,2024-05-16,Silver,26-35
CUST_01430,Donato,Battisti,donato.battisti10@virgilio.it,Roma,Lazio,Italy,2020-07-04,Gold,26-35
CUST_01431,Mauro,Vergassola,mauro.vergassola42@libero.it,Bari,Puglia,Italy,2022-09-28,Bronze,36-50
CUST_01432,Frances,Lee,frances.lee43@outlook.com,Roma,Lazio,Italy,2022-11-23,Bronze,50+
CUST_01433,Martino,Dulbecco,martino.dulbecco7@libero.it,Firenze,Toscana,Italy,2024-03-29,Bronze,36-50
CUST_01434,Beverley,Fox,beverley.fox71@email.it,Napoli,Campania,Italy,2023-02-23,Bronze,36-50
CUST_01435,Rita,Scarpa,rita.scarpa52@libero.it,Ancona,Marche,Italy,2020-06-23,Silver,36-50
CUST_01436,Ida,Soderini,ida.soderini11@virgilio.it,Perugia,Umbria,Italy,2022-04-17,Bronze,26-35
CUST_01437,Elvira,Fagiani,elvira.fagiani57@virgilio.it,Roma,Lazio,Italy,2023-04-05,Bronze,50+
CUST_01438,Paola,Chinnici,paola.chinnici12@virgilio.it,Torino,Piemonte,Italy,2023-06-09,Bronze,36-50
CUST_01439,Michael,Watkins,michael.watkins58@icloud.com,Roma,Lazio,Italy,2024-01-14,Silver,26-35
CUST_01440,Ellie,Perry,ellie.perry16@virgilio.it,Napoli,Campania,Italy,2020-10-04,Bronze,26-35
CUST_01441,Azeglio,Satriani,azeglio.satriani96@gmail.com,Napoli,Campania,Italy,2024-05-03,Silver,36-50
CUST_01442,Amleto,Magnani,amleto.magnani14@email.it,Trento,Trentino-Alto Adige,Italy,2019-07-31,Bronze,36-50
CUST_01443,Melissa,Thomas,melissa.thomas53@gmail.com,Perugia,Umbria,Italy,2024-06-11,Bronze,18-25
CUST_01444,Gaspare,Battelli,gaspare.battelli72@gmail.com,Torino,Piemonte,Italy,2024-01-07,Bronze,50+
CUST_01445,Morena,Filippelli,morena.filippelli12@outlook.com,Napoli,Campania,Italy,2023-04-13,Bronze,36-50
CUST_01446,Clive,Jones,clive.jones66@libero.it,Trento,Trentino-Alto Adige,Italy,2023-07-28,Bronze,36-50
CUST_01447,Valeria,Bassi,valeria.bassi84@virgilio.it,Verona,Veneto,Italy,2019-10-02,Bronze,18-25
CUST_01448,Luchino,Mastroianni,luchino.mastroianni44@icloud.com,Milano,Lombardia,Italy,2019-04-28,Gold,26-35
CUST_01449,Uberto,Pezzali,uberto.pezzali7@libero.it,Firenze,Toscana,Italy,2020-01-27,Silver,50+
CUST_01450,Naomi,Williams,naomi.williams59@icloud.com,Napoli,Campania,Italy,2019-12-03,Bronze,50+
CUST_01451,Patrizia,Vento,patrizia.vento72@virgilio.it,Roma,Lazio,Italy,2022-10-22,Bronze,26-35
CUST_01452,Salvatore,Grisoni,salvatore.grisoni92@icloud.com,Roma,Lazio,Italy,2021-01-06,Platinum,26-35
CUST_01453,Ricky,Clayton,ricky.clayton92@virgilio.it,Milano,Lombardia,Italy,2024-01-10,Silver,26-35
CUST_01454,Amleto,Federico,amleto.federico15@yahoo.it,Genova,Liguria,Italy,2022-05-04,Bronze,26-35
CUST_01455,Fiona,Williams,fiona.williams98@libero.it,Roma,Lazio,Italy,2023-06-02,Silver,36-50
CUST_01456,Ivan,Novaro,ivan.novaro1@icloud.com,Milano,Lombardia,Italy,2023-04-02,Silver,50+
CUST_01457,Abigail,Morgan,abigail.morgan46@outlook.com,Roma,Lazio,Italy,2021-09-03,Silver,26-35
CUST_01458,Sophia,Bellocchio,sophia.bellocchio71@icloud.com,Verona,Veneto,Italy,2021-03-15,Bronze,18-25
CUST_01459,Stefania,Montanariello,stefania.montanariello90@yahoo.it,Padova,Veneto,Italy,2021-10-20,Bronze,50+
CUST_01460,Guarino,Catenazzi,guarino.catenazzi6@hotmail.it,Napoli,Campania,Italy,2023-10-19,Bronze,18-25
CUST_01461,Nicoletta,Pacelli,nicoletta.pacelli64@hotmail.it,Torino,Piemonte,Italy,2022-12-22,Gold,50+
CUST_01462,Pauline,Godfrey,pauline.godfrey92@email.it,Lecce,Puglia,Italy,2021-04-09,Silver,36-50
CUST_01463,Brett,Potter,brett.potter14@outlook.com,Roma,Lazio,Italy,2023-11-16,Bronze,50+
CUST_01464,Raffaello,Piccinni,raffaello.piccinni79@libero.it,Roma,Lazio,Italy,2019-07-09,Gold,26-35
CUST_01465,Luciana,Rosselli,luciana.rosselli25@yahoo.it,Firenze,Toscana,Italy,2023-06-08,Gold,18-25
CUST_01466,Stuart,Taylor,stuart.taylor51@libero.it,Roma,Lazio,Italy,2022-04-22,Platinum,36-50
CUST_01467,Hugh,Ali,hugh.ali59@libero.it,Torino,Piemonte,Italy,2023-07-23,Gold,36-50
CUST_01468,Virginia,Peano,virginia.peano92@icloud.com,Cagliari,Sardegna,Italy,2024-04-04,Platinum,26-35
CUST_01469,Martino,Fanucci,martino.fanucci14@email.it,Genova,Liguria,Italy,2023-08-18,Bronze,50+
CUST_01470,Stefano,Tamburini,stefano.tamburini6@yahoo.it,Torino,Piemonte,Italy,2022-04-27,Gold,50+
CUST_01471,Nanni,Traversa,nanni.traversa99@virgilio.it,Perugia,Umbria,Italy,2020-07-10,Gold,36-50
CUST_01472,Goffredo,Bramante,goffredo.bramante59@hotmail.it,Milano,Lombardia,Italy,2023-11-01,Bronze,26-35
CUST_01473,Lilla,Rastelli,lilla.rastelli64@gmail.com,Roma,Lazio,Italy,2022-05-30,Bronze,36-50
CUST_01474,Bernardo,Ricci,bernardo.ricci68@gmail.com,Bologna,Emilia-Romagna,Italy,2019-10-13,Platinum,36-50
CUST_01475,Olivia,Barber,olivia.barber71@email.it,Genova,Liguria,Italy,2023-07-06,Bronze,26-35
CUST_01476,Chiara,Esposito,chiara.esposito75@virgilio.it,Milano,Lombardia,Italy,2021-07-05,Gold,50+
CUST_01477,Alina,Magrassi,alina.magrassi66@hotmail.it,Torino,Piemonte,Italy,2019-06-09,Bronze,26-35
CUST_01478,Ludovico,Camilleri,ludovico.camilleri89@hotmail.it,Genova,Liguria,Italy,2024-03-04,Bronze,26-35
CUST_01479,Bernardo,Mondadori,bernardo.mondadori94@hotmail.it,Palermo,Sicilia,Italy,2022-07-08,Bronze,18-25
CUST_01480,Fortunata,Malaparte,fortunata.malaparte14@email.it,Genova,Liguria,Italy,2021-06-11,Bronze,36-50
CUST_01481,Liberto,Sabatini,liberto.sabatini85@icloud.com,Firenze,Toscana,Italy,2023-07-02,Silver,36-50
CUST_01482,Chiara,Redi,chiara.redi65@email.it,Milano,Lombardia,Italy,2024-02-12,Silver,26-35
CUST_01483,Fabio,Ruggeri,fabio.ruggeri54@libero.it,Napoli,Campania,Italy,2018-02-11,Bronze,26-35
CUST_01484,Maurizio,Saffi,maurizio.saffi36@email.it,Milano,Lombardia,Italy,2023-05-23,Bronze,18-25
CUST_01485,Ansaldo,Niscoromni,ansaldo.niscoromni44@outlook.com,Ancona,Marche,Italy,2023-09-10,Bronze,26-35
CUST_01486,Joanne,Bradley,joanne.bradley58@hotmail.it,Napoli,Campania,Italy,2020-12-22,Bronze,36-50
CUST_01487,Diana,Rizzoli,diana.rizzoli18@email.it,Firenze,Toscana,Italy,2022-07-19,Silver,26-35
CUST_01488,Georgina,Sims,georgina.sims78@outlook.com,Bari,Puglia,Italy,2019-12-10,Bronze,26-35
CUST_01489,Guglielmo,Bettoni,guglielmo.bettoni90@icloud.com,Napoli,Campania,Italy,2023-08-13,Bronze,50+
CUST_01490,Benvenuto,Pisani,benvenuto.pisani92@libero.it,Firenze,Toscana,Italy,2023-12-25,Bronze,36-50
CUST_01491,Mirco,Toscanini,mirco.toscanini26@libero.it,Verona,Veneto,Italy,2020-02-20,Bronze,36-50
CUST_01492,Nina,Curatoli,nina.curatoli80@outlook.com,Trieste,Friuli-Venezia Giulia,Italy,2023-11-15,Bronze,18-25
CUST_01493,Craig,McLean,craig.mclean88@icloud.com,Palermo,Sicilia,Italy,2023-09-16,Bronze,26-35
CUST_01494,Brandon,Clark,brandon.clark87@hotmail.it,Milano,Lombardia,Italy,2021-10-29,Gold,36-50
CUST_01495,Sophie,Taylor,sophie.taylor91@hotmail.it,Bologna,Emilia-Romagna,Italy,2023-05-26,Gold,26-35
CUST_01496,Amadeo,Cocci,amadeo.cocci65@icloud.com,Bari,Puglia,Italy,2018-01-16,Gold,18-25
CUST_01497,Sandra,Roncalli,sandra.roncalli91@yahoo.it,Roma,Lazio,Italy,2024-04-09,Bronze,50+
CUST_01498,Amico,Ceci,amico.ceci98@icloud.com,Roma,Lazio,Italy,2022-10-27,Bronze,50+
CUST_01499,Baldassare,Gilardoni,baldassare.gilardoni72@virgilio.it,Trieste,Friuli-Venezia Giulia,Italy,2023-02-12,Silver,18-25
CUST_01500,Melania,Ottino,melania.ottino75@email.it,Milano,Lombardia,Italy,2023-04-19,Silver,26-35
CUST_01501,Milo,Pasqua,milo.pasqua87@outlook.com,Bari,Puglia,Italy,2022-11-13,Platinum,50+
CUST_01502,Antonella,Balbo,antonella.balbo55@gmail.com,Napoli,Campania,Italy,2024-01-06,Bronze,18-25
CUST_01503,Claudia,Cortese,claudia.cortese67@yahoo.it,Napoli,Campania,Italy,2023-01-27,Bronze,36-50
CUST_01504,David,Moss,david.moss4@email.it,Milano,Lombardia,Italy,2024-03-10,Silver,50+
CUST_01505,Joanna,Hall,joanna.hall19@gmail.com,Padova,Veneto,Italy,2022-12-16,Gold,50+
CUST_01506,Alexander,Kay,alexander.kay86@gmail.com,Torino,Piemonte,Italy,2020-09-08,Gold,36-50
CUST_01507,Giovanna,Salgari,giovanna.salgari26@outlook.com,Bologna,Emilia-Romagna,Italy,2024-03-18,Silver,26-35
CUST_01508,Napoleone,Palazzo,napoleone.palazzo97@hotmail.it,Palermo,Sicilia,Italy,2023-05-14,Platinum,26-35
CUST_01509,Renzo,Borsiere,renzo.borsiere37@outlook.com,Catania,Sicilia,Italy,2023-06-08,Silver,50+
CUST_01510,Linda,Johnson,linda.johnson19@gmail.com,Ancona,Marche,Italy,2024-06-13,Gold,50+
CUST_01511,Antonina,Cibin,antonina.cibin89@outlook.com,Bologna,Emilia-Romagna,Italy,2019-10-13,Platinum,36-50
CUST_01512,Virgilio,Ovadia,virgilio.ovadia27@gmail.com,Torino,Piemonte,Italy,2022-04-03,Gold,36-50
CUST_01513,Dawn,Johnson,dawn.johnson46@virgilio.it,Ancona,Marche,Italy,2021-03-06,Bronze,36-50
CUST_01514,Paride,Mazzocchi,paride.mazzocchi14@libero.it,Genova,Liguria,Italy,2023-02-28,Bronze,36-50
CUST_01515,Federica,Ligorio,federica.ligorio96@email.it,Firenze,Toscana,Italy,2023-11-02,Silver,50+
CUST_01516,Gionata,Carli,gionata.carli31@outlook.com,Milano,Lombardia,Italy,2024-05-21,Bronze,36-50
CUST_01517,Alfredo,Fantozzi,alfredo.fantozzi89@gmail.com,Padova,Veneto,Italy,2022-05-19,Gold,36-50
CUST_01518,Telemaco,Trapani,telemaco.trapani49@email.it,Torino,Piemonte,Italy,2023-10-06,Bronze,26-35
CUST_01519,Osvaldo,Zampa,osvaldo.zampa54@icloud.com,Palermo,Sicilia,Italy,2024-03-22,Bronze,36-50
CUST_01520,Danilo,Iacobucci,danilo.iacobucci71@gmail.com,Napoli,Campania,Italy,2023-05-16,Silver,36-50
CUST_01521,Matilda,Gullotta,matilda.gullotta2@outlook.com,Roma,Lazio,Italy,2021-03-14,Bronze,26-35
CUST_01522,Lee,Martin,lee.martin26@virgilio.it,Venezia,Veneto,Italy,2023-01-24,Bronze,50+
CUST_01523,Irma,Sabatini,irma.sabatini29@icloud.com,Milano,Lombardia,Italy,2024-05-26,Bronze,36-50
CUST_01524,Giampaolo,Lucchesi,giampaolo.lucchesi97@libero.it,Torino,Piemonte,Italy,2024-06-16,Silver,50+
CUST_01525,Griselda,Stradivari,griselda.stradivari93@libero.it,Bologna,Emilia-Romagna,Italy,2023-03-17,Bronze,26-35
CUST_01526,Georgina,Clarke,georgina.clarke38@virgilio.it,Napoli,Campania,Italy,2024-02-13,Gold,36-50
CUST_01527,Galasso,Castiglione,galasso.castiglione23@yahoo.it,Bari,Puglia,Italy,2020-11-27,Bronze,26-35
CUST_01528,Durante,Borgia,durante.borgia24@hotmail.it,Padova,Veneto,Italy,2021-03-22,Gold,50+
CUST_01529,Gerard,Williams,gerard.williams95@yahoo.it,Bari,Puglia,Italy,2024-05-05,Bronze,18-25
CUST_01530,Amelia,Jones,amelia.jones49@gmail.com,Milano,Lombardia,Italy,2020-05-22,Bronze,36-50
CUST_01531,Rocco,Dossetti,rocco.dossetti55@outlook.com,Roma,Lazio,Italy,2020-11-03,Bronze,36-50
CUST_01532,Matthew,Simpson,matthew.simpson72@outlook.com,Bologna,Emilia-Romagna,Italy,2022-03-19,Bronze,26-35
CUST_01533,Vittoria,Russo,vittoria.russo17@hotmail.it,Perugia,Umbria,Italy,2022-12-27,Silver,50+
CUST_01534,Calogero,Mezzetta,calogero.mezzetta75@outlook.com,Padova,Veneto,Italy,2023-01-18,Bronze,50+
CUST_01535,Gelsomina,Napolitano,gelsomina.napolitano1@icloud.com,Padova,Veneto,Italy,2021-07-06,Bronze,26-35
CUST_01536,Jolanda,Boccioni,jolanda.boccioni60@hotmail.it,Firenze,Toscana,Italy,2024-03-26,Silver,18-25
CUST_01537,Tina,Roberts,tina.roberts6@hotmail.it,Napoli,Campania,Italy,2024-03-20,Bronze,26-35
CUST_01538,Amalia,Veneziano,amalia.veneziano42@gmail.com,Napoli,Campania,Italy,2022-01-25,Bronze,26-35
CUST_01539,Jacopo,Mantegazza,jacopo.mantegazza81@outlook.com,Roma,Lazio,Italy,2022-04-13,Silver,50+
CUST_01540,Carolyn,Steele,carolyn.steele63@icloud.com,Milano,Lombardia,Italy,2023-06-12,Gold,50+
CUST_01541,Lynn,Brown,lynn.brown10@icloud.com,Ancona,Marche,Italy,2023-04-17,Bronze,18-25
CUST_01542,Serafina,Cristoforetti,serafina.cristoforetti68@libero.it,Roma,Lazio,Italy,2022-01-07,Bronze,36-50
CUST_01543,Lara,Draghi,lara.draghi24@yahoo.it,Roma,Lazio,Italy,2022-03-08,Platinum,36-50
CUST_01544,Nadia,Opizzi,nadia.opizzi65@hotmail.it,Milano,Lombardia,Italy,2021-10-31,Bronze,18-25
CUST_01545,Jane,Green,jane.green54@email.it,Perugia,Umbria,Italy,2021-02-25,Platinum,26-35
CUST_01546,Torquato,Garzoni,torquato.garzoni12@icloud.com,Venezia,Veneto,Italy,2022-05-26,Bronze,26-35
CUST_01547,Geoffrey,Hall,geoffrey.hall29@libero.it,Palermo,Sicilia,Italy,2023-05-20,Gold,36-50
CUST_01548,Dario,Filzi,dario.filzi85@icloud.com,Cagliari,Sardegna,Italy,2023-08-06,Bronze,36-50
CUST_01549,Morena,Cignaroli,morena.cignaroli43@icloud.com,Torino,Piemonte,Italy,2023-09-26,Gold,36-50
CUST_01550,Gilberto,Tafuri,gilberto.tafuri38@libero.it,Genova,Liguria,Italy,2021-12-23,Bronze,18-25
CUST_01551,Alfredo,Onisto,alfredo.onisto97@virgilio.it,Milano,Lombardia,Italy,2023-09-06,Silver,50+
CUST_01552,Angelica,Pacillo,angelica.pacillo72@gmail.com,Roma,Lazio,Italy,2018-07-11,Bronze,36-50
CUST_01553,Terence,Miah,terence.miah15@icloud.com,Padova,Veneto,Italy,2022-06-27,Bronze,50+
CUST_01554,Ruggero,Villadicani,ruggero.villadicani58@libero.it,Bari,Puglia,Italy,2023-10-16,Silver,26-35
CUST_01555,Domenico,Brichese,domenico.brichese83@libero.it,Torino,Piemonte,Italy,2023-02-27,Silver,50+
CUST_01556,Carl,Morley,carl.morley6@icloud.com,Torino,Piemonte,Italy,2022-06-22,Gold,50+
CUST_01557,Baccio,Maspero,baccio.maspero49@yahoo.it,Bologna,Emilia-Romagna,Italy,2023-03-21,Bronze,26-35
CUST_01558,Iain,Bond,iain.bond50@outlook.com,Milano,Lombardia,Italy,2024-03-09,Gold,26-35
CUST_01559,Paride,Soderini,paride.soderini70@outlook.com,Roma,Lazio,Italy,2022-11-21,Bronze,50+
CUST_01560,Vincentio,Polani,vincentio.polani4@icloud.com,Roma,Lazio,Italy,2023-10-24,Platinum,36-50
CUST_01561,Marissa,Pizzo,marissa.pizzo66@virgilio.it,Roma,Lazio,Italy,2024-06-08,Platinum,50+
CUST_01562,Priscilla,Borgia,priscilla.borgia63@gmail.com,Verona,Veneto,Italy,2023-06-17,Bronze,36-50
CUST_01563,Abdul,Allan,abdul.allan38@libero.it,Firenze,Toscana,Italy,2022-12-02,Gold,36-50
CUST_01564,Dino,Mercantini,dino.mercantini42@yahoo.it,Roma,Lazio,Italy,2019-04-05,Gold,18-25
CUST_01565,Eva,Borgia,eva.borgia13@hotmail.it,Napoli,Campania,Italy,2021-12-22,Bronze,26-35
CUST_01566,Roberto,Schiaparelli,roberto.schiaparelli99@gmail.com,Trieste,Friuli-Venezia Giulia,Italy,2022-11-20,Silver,50+
CUST_01567,Giulia,Trapanese,giulia.trapanese81@yahoo.it,Roma,Lazio,Italy,2023-10-20,Bronze,26-35
CUST_01568,Pamela,Robinson,pamela.robinson27@libero.it,Milano,Lombardia,Italy,2022-04-20,Gold,18-25
CUST_01569,Matteo,Ceri,matteo.ceri88@email.it,Torino,Piemonte,Italy,2024-05-14,Bronze,36-50
CUST_01570,Tina,Villadicani,tina.villadicani14@libero.it,Bari,Puglia,Italy,2021-05-21,Bronze,36-50
CUST_01571,Norman,Murphy,norman.murphy69@email.it,Bologna,Emilia-Romagna,Italy,2023-08-10,Bronze,26-35
CUST_01572,Eugenia,Faggiani,eugenia.faggiani83@yahoo.it,Padova,Veneto,Italy,2022-03-16,Silver,26-35
CUST_01573,Jacob,Cooper,jacob.cooper96@hotmail.it,Ancona,Marche,Italy,2022-07-13,Gold,36-50
CUST_01574,Marissa,Cerutti,marissa.cerutti4@virgilio.it,Verona,Veneto,Italy,2023-10-27,Platinum,18-25
CUST_01575,Raffaele,Tedesco,raffaele.tedesco92@icloud.com,Venezia,Veneto,Italy,2021-07-15,Bronze,36-50
CUST_01576,Stella,Bertoli,stella.bertoli5@yahoo.it,Napoli,Campania,Italy,2020-01-09,Bronze,26-35
CUST_01577,June,Buckley,june.buckley10@gmail.com,Milano,Lombardia,Italy,2022-09-08,Silver,50+
CUST_01578,Barry,Taylor,barry.taylor23@outlook.com,Reggio Calabria,Calabria,Italy,2022-09-22,Silver,50+
CUST_01579,Rita,Catenazzi,rita.catenazzi72@yahoo.it,Torino,Piemonte,Italy,2023-10-20,Bronze,36-50
CUST_01580,Ugolino,Correr,ugolino.correr74@libero.it,Roma,Lazio,Italy,2024-05-24,Bronze,26-35
CUST_01581,Leopoldo,Dandolo,leopoldo.dandolo34@email.it,Palermo,Sicilia,Italy,2019-07-12,Silver,36-50
CUST_01582,Ernesto,Mimun,ernesto.mimun50@virgilio.it,Firenze,Toscana,Italy,2022-12-31,Bronze,26-35
CUST_01583,Jolanda,Gatto,jolanda.gatto81@email.it,Venezia,Veneto,Italy,2023-05-13,Silver,26-35
CUST_01584,Martyn,Clements,martyn.clements56@icloud.com,Venezia,Veneto,Italy,2024-06-14,Silver,50+
CUST_01585,Mattia,Travaglio,mattia.travaglio3@email.it,Napoli,Campania,Italy,2024-04-22,Gold,36-50
CUST_01586,Virginia,Loredan,virginia.loredan87@yahoo.it,Padova,Veneto,Italy,2023-06-26,Silver,50+
CUST_01587,Rossana,Bosurgi,rossana.bosurgi69@gmail.com,Roma,Lazio,Italy,2022-09-10,Bronze,18-25
CUST_01588,Giorgio,Ferretti,giorgio.ferretti83@yahoo.it,Napoli,Campania,Italy,2020-08-11,Gold,18-25
CUST_01589,Erika,Vigorelli,erika.vigorelli97@gmail.com,Bologna,Emilia-Romagna,Italy,2022-01-10,Silver,50+
CUST_01590,Guglielmo,Cavalcanti,guglielmo.cavalcanti90@yahoo.it,Palermo,Sicilia,Italy,2022-12-21,Bronze,36-50
CUST_01591,Elizabeth,Cook,elizabeth.cook46@yahoo.it,Verona,Veneto,Italy,2023-07-14,Silver,36-50
CUST_01592,Elena,Marcacci,elena.marcacci38@outlook.com,Torino,Piemonte,Italy,2023-03-07,Bronze,36-50
CUST_01593,Diana,Ubaldi,diana.ubaldi78@yahoo.it,Genova,Liguria,Italy,2023-06-29,Gold,26-35
CUST_01594,Carmelo,Tedesco,carmelo.tedesco37@virgilio.it,Roma,Lazio,Italy,2022-04-04,Bronze,36-50
CUST_01595,Kathleen,Phillips,kathleen.phillips49@email.it,Perugia,Umbria,Italy,2023-07-18,Silver,18-25
CUST_01596,Paul,Bird,paul.bird85@gmail.com,Torino,Piemonte,Italy,2020-06-18,Bronze,36-50
CUST_01597,Eva,Disdero,eva.disdero61@hotmail.it,Catania,Sicilia,Italy,2020-08-14,Bronze,36-50
CUST_01598,Joel,Smart,joel.smart69@libero.it,Milano,Lombardia,Italy,2020-08-15,Platinum,50+
CUST_01599,Carla,Cossiga,carla.cossiga18@email.it,Roma,Lazio,Italy,2024-02-18,Gold,36-50
CUST_01600,Fausto,Moresi,fausto.moresi70@outlook.com,Napoli,Campania,Italy,2019-10-16,Bronze,18-25
CUST_01601,Rosaria,Zarlino,rosaria.zarlino82@hotmail.it,Trieste,Friuli-Venezia Giulia,Italy,2023-10-26,Bronze,36-50
CUST_01602,Ansaldo,Bacosi,ansaldo.bacosi39@icloud.com,Bologna,Emilia-Romagna,Italy,2021-02-20,Bronze,18-25
CUST_01603,Biagio,Beccheria,biagio.beccheria2@hotmail.it,Perugia,Umbria,Italy,2022-06-12,Silver,26-35
CUST_01604,Rosemary,Watkins,rosemary.watkins16@gmail.com,Napoli,Campania,Italy,2024-03-21,Silver,18-25
CUST_01605,Wendy,Taylor,wendy.taylor1@email.it,Napoli,Campania,Italy,2022-12-22,Silver,36-50
CUST_01606,Eva,Iannuzzi,eva.iannuzzi69@yahoo.it,Milano,Lombardia,Italy,2020-12-23,Silver,18-25
CUST_01607,Fernanda,Fracci,fernanda.fracci40@libero.it,Verona,Veneto,Italy,2021-06-18,Gold,36-50
CUST_01608,Marisa,Prati,marisa.prati96@icloud.com,Roma,Lazio,Italy,2024-03-26,Bronze,50+
CUST_01609,Dolores,Baglioni,dolores.baglioni28@email.it,Trento,Trentino-Alto Adige,Italy,2022-03-31,Bronze,36-50
CUST_01610,Stefano,Verga,stefano.verga83@hotmail.it,Cagliari,Sardegna,Italy,2022-12-23,Silver,18-25
CUST_01611,Jacopo,Marangoni,jacopo.marangoni21@hotmail.it,Ancona,Marche,Italy,2022-05-29,Platinum,26-35
CUST_01612,Saverio,Gotti,saverio.gotti29@outlook.com,Bologna,Emilia-Romagna,Italy,2021-12-30,Silver,36-50
CUST_01613,Katie,Powell,katie.powell25@yahoo.it,Palermo,Sicilia,Italy,2021-01-26,Silver,50+
CUST_01614,Olga,Pisani,olga.pisani24@gmail.com,Verona,Veneto,Italy,2023-05-20,Silver,18-25
CUST_01615,Lazzaro,Sanguineti,lazzaro.sanguineti97@virgilio.it,Milano,Lombardia,Italy,2023-07-05,Gold,50+
CUST_01616,Leigh,Ross,leigh.ross83@yahoo.it,Venezia,Veneto,Italy,2021-05-28,Bronze,36-50
CUST_01617,Benito,Bianchini,benito.bianchini38@yahoo.it,Milano,Lombardia,Italy,2023-10-09,Bronze,36-50
CUST_01618,Ermenegildo,Rosselli,ermenegildo.rosselli33@yahoo.it,Napoli,Campania,Italy,2024-01-03,Platinum,50+
CUST_01619,Pierluigi,Sorrentino,pierluigi.sorrentino26@virgilio.it,Roma,Lazio,Italy,2024-03-26,Gold,36-50
CUST_01620,Ronaldo,Fischetti,ronaldo.fischetti43@icloud.com,Roma,Lazio,Italy,2020-08-10,Bronze,50+
CUST_01621,Paige,Patel,paige.patel17@libero.it,Torino,Piemonte,Italy,2021-07-31,Bronze,26-35
CUST_01622,Massimiliano,Colletti,massimiliano.colletti13@outlook.com,Napoli,Campania,Italy,2024-01-11,Bronze,36-50
CUST_01623,Luca,Meucci,luca.meucci80@yahoo.it,Genova,Liguria,Italy,2020-11-23,Bronze,36-50
CUST_01624,Danny,Taylor,danny.taylor25@icloud.com,Milano,Lombardia,Italy,2018-05-20,Platinum,26-35
CUST_01625,Amelia,Smith,amelia.smith63@virgilio.it,Napoli,Campania,Italy,2024-01-24,Bronze,36-50
CUST_01626,Jacqueline,Barnes,jacqueline.barnes43@outlook.com,Roma,Lazio,Italy,2021-09-17,Gold,26-35
CUST_01627,Livia,Musatti,livia.musatti89@hotmail.it,Venezia,Veneto,Italy,2022-03-08,Bronze,18-25
CUST_01628,Pasqual,Ceschi,pasqual.ceschi73@icloud.com,Genova,Liguria,Italy,2022-05-05,Silver,26-35
CUST_01629,Victoria,Thomas,victoria.thomas41@email.it,Bologna,Emilia-Romagna,Italy,2023-12-26,Bronze,36-50
CUST_01630,Elaine,Cole,elaine.cole22@gmail.com,Bari,Puglia,Italy,2021-10-11,Silver,50+
CUST_01631,Maria,Paganini,maria.paganini41@libero.it,Firenze,Toscana,Italy,2024-02-20,Silver,36-50
CUST_01632,Uberto,Zampa,uberto.zampa29@email.it,Bari,Puglia,Italy,2023-02-07,Silver,36-50
CUST_01633,Coriolano,Meucci,coriolano.meucci36@icloud.com,Napoli,Campania,Italy,2022-09-20,Bronze,18-25
CUST_01634,Margaret,Cooper,margaret.cooper18@icloud.com,Napoli,Campania,Italy,2021-09-15,Bronze,50+
CUST_01635,Gioacchino,Schiavo,gioacchino.schiavo62@virgilio.it,Genova,Liguria,Italy,2021-03-17,Bronze,36-50
CUST_01636,Dario,Interminei,dario.interminei58@icloud.com,Milano,Lombardia,Italy,2023-02-18,Bronze,36-50
CUST_01637,Roberto,Granatelli,roberto.granatelli40@virgilio.it,Palermo,Sicilia,Italy,2022-05-06,Silver,36-50
CUST_01638,Elmo,Cagnin,elmo.cagnin71@yahoo.it,Genova,Liguria,Italy,2024-03-14,Silver,26-35
CUST_01639,Cheryl,James,cheryl.james23@yahoo.it,Firenze,Toscana,Italy,2022-07-22,Silver,36-50
CUST_01640,Armando,Maccanelli,armando.maccanelli36@hotmail.it,Milano,Lombardia,Italy,2022-08-25,Silver,50+
CUST_01641,Naomi,Robinson,naomi.robinson69@libero.it,Milano,Lombardia,Italy,2022-03-12,Bronze,18-25
CUST_01642,Olivia,Arnold,olivia.arnold34@yahoo.it,Perugia,Umbria,Italy,2023-10-10,Bronze,36-50
CUST_01643,Oreste,Prodi,oreste.prodi94@yahoo.it,Palermo,Sicilia,Italy,2022-03-27,Bronze,50+
CUST_01644,Gionata,Curatoli,gionata.curatoli3@gmail.com,Milano,Lombardia,Italy,2021-05-16,Gold,26-35
CUST_01645,Paoletta,Monaco,paoletta.monaco75@email.it,Torino,Piemonte,Italy,2024-01-13,Silver,50+
CUST_01646,Malcolm,Kerr,malcolm.kerr99@libero.it,Venezia,Veneto,Italy,2023-01-08,Bronze,50+
CUST_01647,Aurora,Mazzeo,aurora.mazzeo5@outlook.com,Padova,Veneto,Italy,2022-12-30,Bronze,36-50
CUST_01648,Franco,Cuomo,franco.cuomo70@virgilio.it,Milano,Lombardia,Italy,2023-01-29,Gold,26-35
CUST_01649,Marie,Ross,marie.ross84@hotmail.it,Roma,Lazio,Italy,2023-07-05,Silver,26-35
CUST_01650,Telemaco,Tosto,telemaco.tosto47@email.it,Trento,Trentino-Alto Adige,Italy,2021-08-20,Silver,18-25
CUST_01651,Oliver,Cameron,oliver.cameron29@outlook.com,Milano,Lombardia,Italy,2019-03-13,Bronze,50+
CUST_01652,Ruggero,Tarantino,ruggero.tarantino18@virgilio.it,Roma,Lazio,Italy,2023-11-07,Bronze,50+
CUST_01653,Tiziana,Mascagni,tiziana.mascagni65@yahoo.it,Ancona,Marche,Italy,2020-05-01,Platinum,36-50
CUST_01654,Stefano,Ariasso,stefano.ariasso51@icloud.com,Genova,Liguria,Italy,2023-07-10,Silver,26-35
CUST_01655,Chloe,Spencer,chloe.spencer65@gmail.com,Roma,Lazio,Italy,2019-11-12,Bronze,18-25
CUST_01656,Carlo,Persico,carlo.persico85@libero.it,Milano,Lombardia,Italy,2021-12-24,Gold,36-50
CUST_01657,Caroline,Brown,caroline.brown79@hotmail.it,Milano,Lombardia,Italy,2019-08-19,Silver,36-50
CUST_01658,Gareth,Bolton,gareth.bolton97@hotmail.it,Roma,Lazio,Italy,2022-09-11,Bronze,50+
CUST_01659,Toni,Saragat,toni.saragat58@hotmail.it,Trieste,Friuli-Venezia Giulia,Italy,2023-04-02,Bronze,36-50
CUST_01660,Abbie,Morgan,abbie.morgan23@hotmail.it,Torino,Piemonte,Italy,2020-09-09,Bronze,50+
CUST_01661,Gioacchino,Gabrieli,gioacchino.gabrieli95@virgilio.it,Catania,Sicilia,Italy,2021-12-17,Bronze,36-50
CUST_01662,Berenice,Niscoromni,berenice.niscoromni46@gmail.com,Cagliari,Sardegna,Italy,2024-04-07,Silver,36-50
CUST_01663,Antonio,Benussi,antonio.benussi29@virgilio.it,Torino,Piemonte,Italy,2022-04-28,Bronze,26-35
CUST_01664,Keith,Jones,keith.jones30@yahoo.it,Roma,Lazio,Italy,2023-10-27,Gold,50+
CUST_01665,Ignazio,Taliani,ignazio.taliani34@icloud.com,Bologna,Emilia-Romagna,Italy,2024-04-03,Platinum,36-50
CUST_01666,Cassandra,Segrè,cassandra.segrè30@gmail.com,Cagliari,Sardegna,Italy,2024-05-31,Bronze,26-35
CUST_01667,Ivan,Valier,ivan.valier86@libero.it,Verona,Veneto,Italy,2024-02-28,Bronze,18-25
CUST_01668,Agnolo,Canil,agnolo.canil67@icloud.com,Milano,Lombardia,Italy,2021-08-29,Gold,26-35
CUST_01669,Puccio,Chigi,puccio.chigi50@virgilio.it,Palermo,Sicilia,Italy,2024-05-17,Silver,36-50
CUST_01670,Arthur,Cook,arthur.cook59@gmail.com,Bologna,Emilia-Romagna,Italy,2023-11-09,Silver,26-35
CUST_01671,Hazel,Simmons,hazel.simmons6@icloud.com,Cagliari,Sardegna,Italy,2023-12-12,Bronze,26-35
CUST_01672,Tonia,Iannucci,tonia.iannucci14@outlook.com,Milano,Lombardia,Italy,2018-10-19,Bronze,36-50
CUST_01673,Jonathan,Barton,jonathan.barton95@outlook.com,Bologna,Emilia-Romagna,Italy,2024-05-07,Silver,26-35
CUST_01674,Lilla,Ostinelli,lilla.ostinelli75@hotmail.it,Trieste,Friuli-Venezia Giulia,Italy,2023-09-25,Platinum,50+
CUST_01675,Frances,Taylor,frances.taylor49@email.it,Torino,Piemonte,Italy,2023-09-11,Bronze,36-50
CUST_01676,Marina,Pincherle,marina.pincherle47@yahoo.it,Napoli,Campania,Italy,2019-11-09,Gold,36-50
CUST_01677,Mirko,Beccaria,mirko.beccaria67@outlook.com,Milano,Lombardia,Italy,2021-02-18,Bronze,18-25
CUST_01678,Pasquale,Berengario,pasquale.berengario49@libero.it,Firenze,Toscana,Italy,2024-05-16,Platinum,26-35
CUST_01679,Jessica,Watson,jessica.watson67@email.it,Firenze,Toscana,Italy,2022-08-06,Silver,26-35
CUST_01680,Antonia,Zampa,antonia.zampa46@icloud.com,Ancona,Marche,Italy,2022-02-05,Bronze,50+
CUST_01681,Fulvio,Orlando,fulvio.orlando63@virgilio.it,Firenze,Toscana,Italy,2023-12-15,Silver,36-50
CUST_01682,Angelica,Lussu,angelica.lussu78@gmail.com,Napoli,Campania,Italy,2019-12-02,Bronze,26-35
CUST_01683,Benito,Peano,benito.peano65@hotmail.it,Palermo,Sicilia,Italy,2022-03-13,Bronze,36-50
CUST_01684,Toni,Salieri,toni.salieri57@hotmail.it,Roma,Lazio,Italy,2021-12-25,Bronze,26-35
CUST_01685,Kayleigh,Edwards,kayleigh.edwards30@yahoo.it,Napoli,Campania,Italy,2021-11-04,Bronze,50+
CUST_01686,Holly,Carr,holly.carr66@outlook.com,Bari,Puglia,Italy,2021-08-09,Bronze,50+
CUST_01687,Marina,Vidoni,marina.vidoni28@hotmail.it,Trieste,Friuli-Venezia Giulia,Italy,2020-12-23,Silver,36-50
CUST_01688,Alan,Richards,alan.richards24@hotmail.it,Genova,Liguria,Italy,2020-09-13,Silver,36-50
CUST_01689,Hugo,Casaleggio,hugo.casaleggio47@yahoo.it,Palermo,Sicilia,Italy,2023-03-14,Bronze,50+
CUST_01690,Damian,Yates,damian.yates85@libero.it,Milano,Lombardia,Italy,2024-03-25,Gold,36-50
CUST_01691,Gerard,Turner,gerard.turner54@icloud.com,Ancona,Marche,Italy,2022-08-20,Silver,36-50
CUST_01692,Dionigi,Cagnin,dionigi.cagnin93@yahoo.it,Milano,Lombardia,Italy,2021-07-19,Platinum,50+
CUST_01693,George,Williams,george.williams62@virgilio.it,Bari,Puglia,Italy,2020-08-04,Silver,36-50
CUST_01694,Panfilo,Palombi,panfilo.palombi62@libero.it,Roma,Lazio,Italy,2023-12-03,Bronze,36-50
CUST_01695,Nadia,Morlacchi,nadia.morlacchi76@hotmail.it,Perugia,Umbria,Italy,2024-05-27,Bronze,50+
CUST_01696,Nigel,Carter,nigel.carter83@email.it,Catania,Sicilia,Italy,2021-11-02,Silver,36-50
CUST_01697,Anita,Ossola,anita.ossola3@libero.it,Bari,Puglia,Italy,2021-07-03,Bronze,36-50
CUST_01698,Margherita,Collina,margherita.collina6@hotmail.it,Roma,Lazio,Italy,2023-01-15,Bronze,26-35
CUST_01699,Gaetano,Tomei,gaetano.tomei74@hotmail.it,Napoli,Campania,Italy,2023-09-21,Bronze,26-35
CUST_01700,Geraldine,Carr,geraldine.carr18@gmail.com,Genova,Liguria,Italy,2022-05-21,Bronze,18-25
CUST_01701,Pasquale,Tartini,pasquale.tartini74@hotmail.it,Bari,Puglia,Italy,2023-02-27,Bronze,36-50
CUST_01702,Annibale,Beccaria,annibale.beccaria8@hotmail.it,Milano,Lombardia,Italy,2023-07-02,Bronze,36-50
CUST_01703,Louise,Thompson,louise.thompson34@hotmail.it,Lecce,Puglia,Italy,2024-05-14,Bronze,50+
CUST_01704,Clifford,Cooke,clifford.cooke67@email.it,Trento,Trentino-Alto Adige,Italy,2020-08-21,Silver,36-50
CUST_01705,Angelo,Ciani,angelo.ciani77@gmail.com,Roma,Lazio,Italy,2024-06-27,Silver,36-50
CUST_01706,Laura,Montecchi,laura.montecchi93@outlook.com,Padova,Veneto,Italy,2022-01-25,Bronze,26-35
CUST_01707,Ninetta,Sgalambro,ninetta.sgalambro11@libero.it,Bologna,Emilia-Romagna,Italy,2023-07-11,Bronze,50+
CUST_01708,Ugolino,Saracino,ugolino.saracino58@virgilio.it,Napoli,Campania,Italy,2022-12-01,Bronze,36-50
CUST_01709,Enzio,Totino,enzio.totino62@hotmail.it,Firenze,Toscana,Italy,2022-07-14,Bronze,36-50
CUST_01710,Jordan,Duncan,jordan.duncan29@email.it,Venezia,Veneto,Italy,2023-06-06,Bronze,26-35
CUST_01711,Elladio,Mondadori,elladio.mondadori77@hotmail.it,Catania,Sicilia,Italy,2022-02-01,Bronze,36-50
CUST_01712,Daria,Metella,daria.metella75@hotmail.it,Torino,Piemonte,Italy,2020-04-22,Silver,36-50
CUST_01713,Ettore,Perozzo,ettore.perozzo80@outlook.com,Genova,Liguria,Italy,2022-07-18,Silver,36-50
CUST_01714,William,Harris,william.harris22@icloud.com,Catania,Sicilia,Italy,2022-09-11,Bronze,50+
CUST_01715,Dina,Mannoia,dina.mannoia59@yahoo.it,Catania,Sicilia,Italy,2020-12-01,Bronze,50+
CUST_01716,Karen,Crawford,karen.crawford30@email.it,Milano,Lombardia,Italy,2024-04-14,Silver,50+
CUST_01717,Carla,Morandi,carla.morandi50@hotmail.it,Trieste,Friuli-Venezia Giulia,Italy,2021-02-05,Gold,36-50
CUST_01718,Tonino,Tommaseo,tonino.tommaseo14@gmail.com,Napoli,Campania,Italy,2022-02-26,Silver,50+
CUST_01719,Vito,Stoppani,vito.stoppani26@email.it,Roma,Lazio,Italy,2020-07-22,Silver,50+
CUST_01720,Isabella,Zanichelli,isabella.zanichelli20@yahoo.it,Roma,Lazio,Italy,2022-10-03,Bronze,26-35
CUST_01721,Leonardo,Sibilia,leonardo.sibilia23@virgilio.it,Napoli,Campania,Italy,2021-08-08,Bronze,26-35
CUST_01722,Patrizia,Antonacci,patrizia.antonacci79@gmail.com,Trento,Trentino-Alto Adige,Italy,2022-07-18,Gold,26-35
CUST_01723,Nanni,Montanari,nanni.montanari69@yahoo.it,Torino,Piemonte,Italy,2021-01-29,Bronze,18-25
CUST_01724,Duncan,Hill,duncan.hill12@virgilio.it,Bari,Puglia,Italy,2019-07-04,Platinum,26-35
CUST_01725,Giada,Capecchi,giada.capecchi85@hotmail.it,Milano,Lombardia,Italy,2023-09-26,Silver,18-25
CUST_01726,Anna,Richardson,anna.richardson78@gmail.com,Napoli,Campania,Italy,2023-03-15,Silver,36-50
CUST_01727,Piermaria,Marzorati,piermaria.marzorati87@email.it,Reggio Calabria,Calabria,Italy,2021-10-16,Bronze,26-35
CUST_01728,Natalia,Avogadro,natalia.avogadro67@email.it,Bari,Puglia,Italy,2019-06-01,Silver,26-35
CUST_01729,Cassandra,Sgarbi,cassandra.sgarbi48@gmail.com,Roma,Lazio,Italy,2024-01-17,Bronze,36-50
CUST_01730,Giustino,Gentilini,giustino.gentilini90@email.it,Napoli,Campania,Italy,2020-09-04,Bronze,50+
CUST_01731,Licia,Bergoglio,licia.bergoglio30@virgilio.it,Roma,Lazio,Italy,2024-04-08,Bronze,50+
CUST_01732,Berenice,Solari,berenice.solari99@email.it,Torino,Piemonte,Italy,2022-06-30,Gold,36-50
CUST_01733,Fausto,Trevisani,fausto.trevisani45@yahoo.it,Verona,Veneto,Italy,2021-10-16,Silver,36-50
CUST_01734,Elisa,Parmitano,elisa.parmitano55@hotmail.it,Bari,Puglia,Italy,2023-08-06,Bronze,26-35
CUST_01735,Enrico,Golgi,enrico.golgi33@virgilio.it,Roma,Lazio,Italy,2024-02-01,Bronze,26-35
CUST_01736,Jeremy,Thompson,jeremy.thompson99@libero.it,Cagliari,Sardegna,Italy,2021-12-15,Silver,26-35
CUST_01737,Jason,John,jason.john11@outlook.com,Venezia,Veneto,Italy,2022-02-23,Silver,26-35
CUST_01738,Margaret,Bibi,margaret.bibi77@email.it,Torino,Piemonte,Italy,2022-04-11,Silver,50+
CUST_01739,Cameron,Stephenson,cameron.stephenson33@libero.it,Napoli,Campania,Italy,2024-03-28,Silver,18-25
CUST_01740,Amedeo,Capone,amedeo.capone1@gmail.com,Venezia,Veneto,Italy,2023-05-29,Bronze,26-35
CUST_01741,Franco,Antonini,franco.antonini74@yahoo.it,Bologna,Emilia-Romagna,Italy,2021-03-26,Silver,26-35
CUST_01742,Carole,Wilkins,carole.wilkins67@gmail.com,Napoli,Campania,Italy,2020-10-17,Bronze,36-50
CUST_01743,Ranieri,Mazzini,ranieri.mazzini49@libero.it,Napoli,Campania,Italy,2021-02-12,Gold,26-35
CUST_01744,Piero,Corbo,piero.corbo89@icloud.com,Roma,Lazio,Italy,2021-05-03,Silver,36-50
CUST_01745,Piergiuseppe,Fischetti,piergiuseppe.fischetti53@icloud.com,Verona,Veneto,Italy,2021-02-12,Bronze,18-25
CUST_01746,Piergiorgio,Tassoni,piergiorgio.tassoni14@hotmail.it,Bologna,Emilia-Romagna,Italy,2023-04-10,Bronze,26-35
CUST_01747,Matilda,Serao,matilda.serao55@outlook.com,Milano,Lombardia,Italy,2020-03-18,Gold,18-25
CUST_01748,Bethany,Dawson,bethany.dawson34@email.it,Bari,Puglia,Italy,2022-01-16,Bronze,36-50
CUST_01749,Sylvia,Blasi,sylvia.blasi73@icloud.com,Perugia,Umbria,Italy,2023-02-19,Bronze,18-25
CUST_01750,Isa,Cicala,isa.cicala79@outlook.com,Ancona,Marche,Italy,2021-07-03,Silver,36-50
CUST_01751,Kelly,Smith,kelly.smith88@email.it,Torino,Piemonte,Italy,2019-08-29,Bronze,36-50
CUST_01752,Ugolino,Fogazzaro,ugolino.fogazzaro97@libero.it,Milano,Lombardia,Italy,2019-11-10,Silver,36-50
CUST_01753,Annamaria,Modiano,annamaria.modiano53@virgilio.it,Bologna,Emilia-Romagna,Italy,2020-04-21,Bronze,26-35
CUST_01754,Francesca,Sobrero,francesca.sobrero23@icloud.com,Milano,Lombardia,Italy,2023-12-10,Silver,26-35
CUST_01755,John,Sutton,john.sutton72@virgilio.it,Perugia,Umbria,Italy,2023-04-09,Bronze,18-25
CUST_01756,Natalie,Hutchinson,natalie.hutchinson33@outlook.com,Roma,Lazio,Italy,2019-08-26,Bronze,36-50
CUST_01757,Vincentio,Paolini,vincentio.paolini74@icloud.com,Roma,Lazio,Italy,2022-01-23,Gold,36-50
CUST_01758,Sian,Kaur,sian.kaur91@email.it,Torino,Piemonte,Italy,2021-06-06,Silver,36-50
CUST_01759,Luca,Dossi,luca.dossi95@hotmail.it,Torino,Piemonte,Italy,2022-12-10,Bronze,36-50
CUST_01760,Liam,Williams,liam.williams85@yahoo.it,Verona,Veneto,Italy,2022-09-12,Bronze,50+
CUST_01761,Leigh,Scott,leigh.scott96@libero.it,Napoli,Campania,Italy,2022-07-04,Silver,36-50
CUST_01762,Clifford,Dawson,clifford.dawson58@hotmail.it,Roma,Lazio,Italy,2021-08-23,Silver,18-25
CUST_01763,Romeo,Tuzzolino,romeo.tuzzolino13@libero.it,Roma,Lazio,Italy,2020-05-30,Platinum,36-50
CUST_01764,Diane,Marshall,diane.marshall66@email.it,Napoli,Campania,Italy,2023-08-07,Platinum,18-25
CUST_01765,Caroline,Brady,caroline.brady44@gmail.com,Roma,Lazio,Italy,2024-02-04,Silver,36-50
CUST_01766,Massimo,Vergassola,massimo.vergassola21@email.it,Genova,Liguria,Italy,2024-04-24,Bronze,26-35
CUST_01767,Joe,Watkins,joe.watkins82@gmail.com,Bologna,Emilia-Romagna,Italy,2019-07-29,Bronze,18-25
CUST_01768,Michelangelo,Iannucci,michelangelo.iannucci12@hotmail.it,Catania,Sicilia,Italy,2023-08-04,Silver,50+
CUST_01769,Pamela,Dean,pamela.dean61@email.it,Perugia,Umbria,Italy,2023-07-16,Bronze,36-50
CUST_01770,Cristina,Sorrentino,cristina.sorrentino12@yahoo.it,Cagliari,Sardegna,Italy,2024-04-28,Bronze,26-35
CUST_01771,Margaret,Bradshaw,margaret.bradshaw34@libero.it,Ancona,Marche,Italy,2021-04-08,Bronze,18-25
CUST_01772,Fredo,Gozzi,fredo.gozzi48@yahoo.it,Roma,Lazio,Italy,2023-08-07,Bronze,36-50
CUST_01773,Gustavo,Zabarella,gustavo.zabarella78@gmail.com,Milano,Lombardia,Italy,2019-07-09,Bronze,50+
CUST_01774,Lazzaro,Gasperi,lazzaro.gasperi93@email.it,Firenze,Toscana,Italy,2023-03-01,Bronze,36-50
CUST_01775,Lazzaro,Lussu,lazzaro.lussu52@outlook.com,Trento,Trentino-Alto Adige,Italy,2021-11-06,Silver,50+
CUST_01776,Irma,Fogazzaro,irma.fogazzaro92@gmail.com,Lecce,Puglia,Italy,2023-09-12,Bronze,18-25
CUST_01777,Graziella,Stefanelli,graziella.stefanelli23@virgilio.it,Trieste,Friuli-Venezia Giulia,Italy,2024-01-14,Bronze,36-50
CUST_01778,Luciano,Sokolov,luciano.sokolov57@gmail.com,Milano,Lombardia,Italy,2021-12-04,Bronze,36-50
CUST_01779,Maurilio,Zaguri,maurilio.zaguri26@outlook.com,Ancona,Marche,Italy,2022-09-17,Silver,36-50
CUST_01780,Natalia,Legnante,natalia.legnante25@gmail.com,Napoli,Campania,Italy,2020-03-23,Bronze,18-25
CUST_01781,Beverley,Doyle,beverley.doyle77@libero.it,Milano,Lombardia,Italy,2022-03-13,Silver,36-50
CUST_01782,Ivo,Castelli,ivo.castelli79@hotmail.it,Napoli,Campania,Italy,2021-11-26,Platinum,36-50
CUST_01783,Beth,Harris,beth.harris87@gmail.com,Milano,Lombardia,Italy,2020-10-12,Bronze,36-50
CUST_01784,Katy,Byrne,katy.byrne47@libero.it,Bologna,Emilia-Romagna,Italy,2024-02-23,Bronze,36-50
CUST_01785,Antonina,Vento,antonina.vento84@gmail.com,Firenze,Toscana,Italy,2020-07-01,Bronze,36-50
CUST_01786,Nino,Peruzzi,nino.peruzzi21@yahoo.it,Napoli,Campania,Italy,2023-03-07,Platinum,36-50
CUST_01787,John,Armstrong,john.armstrong36@email.it,Genova,Liguria,Italy,2024-02-17,Silver,26-35
CUST_01788,Pierina,Murri,pierina.murri46@email.it,Trieste,Friuli-Venezia Giulia,Italy,2024-03-16,Gold,26-35
CUST_01789,Martina,Comboni,martina.comboni52@libero.it,Palermo,Sicilia,Italy,2023-10-15,Bronze,36-50
CUST_01790,Jacopo,Basso,jacopo.basso67@gmail.com,Napoli,Campania,Italy,2020-09-22,Platinum,50+
CUST_01791,Joyce,Marsh,joyce.marsh95@yahoo.it,Padova,Veneto,Italy,2023-11-16,Bronze,18-25
CUST_01792,Ivo,Bosurgi,ivo.bosurgi12@outlook.com,Cagliari,Sardegna,Italy,2021-06-01,Bronze,36-50
CUST_01793,Mattia,Roth,mattia.roth93@icloud.com,Milano,Lombardia,Italy,2024-03-29,Gold,26-35
CUST_01794,Adam,Walker,adam.walker45@outlook.com,Bologna,Emilia-Romagna,Italy,2023-06-22,Gold,26-35
CUST_01795,Jean,Lee,jean.lee29@libero.it,Firenze,Toscana,Italy,2023-10-04,Bronze,36-50
CUST_01796,Filippa,Guariento,filippa.guariento59@email.it,Milano,Lombardia,Italy,2019-11-23,Bronze,36-50
CUST_01797,Ludovica,Soffici,ludovica.soffici74@gmail.com,Palermo,Sicilia,Italy,2022-12-17,Bronze,18-25
CUST_01798,Mitchell,Russell,mitchell.russell34@hotmail.it,Trieste,Friuli-Venezia Giulia,Italy,2023-11-21,Bronze,36-50
CUST_01799,Giampaolo,Finotto,giampaolo.finotto53@yahoo.it,Roma,Lazio,Italy,2024-01-12,Bronze,50+
CUST_01800,Ramona,Vasari,ramona.vasari72@yahoo.it,Verona,Veneto,Italy,2019-02-06,Platinum,50+
CUST_01801,Greco,Zanazzo,greco.zanazzo65@outlook.com,Padova,Veneto,Italy,2024-04-18,Silver,26-35
CUST_01802,Bernard,Jenkins,bernard.jenkins44@yahoo.it,Cagliari,Sardegna,Italy,2019-05-09,Silver,36-50
CUST_01803,Ida,Lancisi,ida.lancisi66@outlook.com,Roma,Lazio,Italy,2023-02-04,Silver,26-35
CUST_01804,Jay,Lloyd,jay.lloyd69@outlook.com,Cagliari,Sardegna,Italy,2023-05-30,Silver,26-35
CUST_01805,Karl,Houghton,karl.houghton89@virgilio.it,Firenze,Toscana,Italy,2020-02-17,Silver,36-50
CUST_01806,Edoardo,Cantimori,edoardo.cantimori49@virgilio.it,Bologna,Emilia-Romagna,Italy,2019-06-04,Silver,36-50
CUST_01807,Dina,Giradello,dina.giradello99@libero.it,Milano,Lombardia,Italy,2023-10-04,Bronze,18-25
CUST_01808,Gioachino,Benussi,gioachino.benussi97@icloud.com,Milano,Lombardia,Italy,2022-01-11,Silver,50+
CUST_01809,Gemma,Turchi,gemma.turchi59@virgilio.it,Catania,Sicilia,Italy,2020-02-16,Silver,50+
CUST_01810,Gianluca,Giannini,gianluca.giannini76@gmail.com,Napoli,Campania,Italy,2023-09-04,Gold,36-50
CUST_01811,Josephine,Davey,josephine.davey62@yahoo.it,Roma,Lazio,Italy,2023-12-27,Platinum,36-50
CUST_01812,Arnaldo,Callegari,arnaldo.callegari34@yahoo.it,Roma,Lazio,Italy,2022-12-24,Bronze,26-35
CUST_01813,Katy,Davies,katy.davies49@libero.it,Palermo,Sicilia,Italy,2020-08-10,Silver,36-50
CUST_01814,Piergiuseppe,Montalcini,piergiuseppe.montalcini87@libero.it,Milano,Lombardia,Italy,2018-10-20,Bronze,26-35
CUST_01815,Letizia,Sermonti,letizia.sermonti41@email.it,Verona,Veneto,Italy,2023-06-10,Silver,50+
CUST_01816,Ciro,Cibin,ciro.cibin46@gmail.com,Milano,Lombardia,Italy,2022-10-26,Bronze,26-35
CUST_01817,Adelmo,Vigliotti,adelmo.vigliotti90@outlook.com,Roma,Lazio,Italy,2023-03-30,Bronze,26-35
CUST_01818,Ashley,Johnson,ashley.johnson32@outlook.com,Torino,Piemonte,Italy,2023-11-10,Bronze,36-50
CUST_01819,Ermenegildo,Pisaroni,ermenegildo.pisaroni12@email.it,Napoli,Campania,Italy,2022-04-13,Silver,26-35
CUST_01820,Fiamma,Silvestri,fiamma.silvestri87@icloud.com,Torino,Piemonte,Italy,2020-04-17,Bronze,26-35
CUST_01821,Sandro,Filippelli,sandro.filippelli10@hotmail.it,Firenze,Toscana,Italy,2024-04-19,Gold,36-50
CUST_01822,Maria,Luna,maria.luna61@icloud.com,Lecce,Puglia,Italy,2022-10-19,Bronze,50+
CUST_01823,Ludovico,Lucchesi,ludovico.lucchesi46@libero.it,Genova,Liguria,Italy,2023-02-05,Gold,36-50
CUST_01824,Fabia,Bianchi,fabia.bianchi74@outlook.com,Milano,Lombardia,Italy,2024-04-11,Silver,26-35
CUST_01825,Teresa,Willis,teresa.willis24@libero.it,Napoli,Campania,Italy,2024-04-09,Bronze,26-35
CUST_01826,Marissa,Bruscantini,marissa.bruscantini64@libero.it,Trieste,Friuli-Venezia Giulia,Italy,2022-11-30,Bronze,26-35
CUST_01827,Dylan,Pearson,dylan.pearson31@libero.it,Firenze,Toscana,Italy,2021-07-18,Silver,36-50
CUST_01828,Fernanda,Giannetti,fernanda.giannetti34@libero.it,Milano,Lombardia,Italy,2024-06-27,Silver,36-50
CUST_01829,Vittorio,Baresi,vittorio.baresi30@libero.it,Bari,Puglia,Italy,2023-05-12,Silver,18-25
CUST_01830,Federico,Procacci,federico.procacci32@icloud.com,Venezia,Veneto,Italy,2022-02-25,Bronze,26-35
CUST_01831,Tonia,Durante,tonia.durante20@yahoo.it,Bologna,Emilia-Romagna,Italy,2022-11-11,Bronze,26-35
CUST_01832,Amleto,Petrucelli,amleto.petrucelli16@yahoo.it,Milano,Lombardia,Italy,2022-03-11,Platinum,26-35
CUST_01833,Milena,Taliercio,milena.taliercio87@virgilio.it,Roma,Lazio,Italy,2024-02-15,Bronze,26-35
CUST_01834,Flavio,Luxardo,flavio.luxardo79@gmail.com,Genova,Liguria,Italy,2022-07-07,Bronze,36-50
CUST_01835,Teresa,Baresi,teresa.baresi98@gmail.com,Roma,Lazio,Italy,2023-11-24,Bronze,26-35
CUST_01836,Agnolo,Mancini,agnolo.mancini62@icloud.com,Napoli,Campania,Italy,2023-12-16,Silver,36-50
CUST_01837,Joshua,Jackson,joshua.jackson80@icloud.com,Bologna,Emilia-Romagna,Italy,2023-11-25,Silver,36-50
CUST_01838,Antonella,Canevascini,antonella.canevascini64@outlook.com,Firenze,Toscana,Italy,2023-07-10,Bronze,26-35
CUST_01839,Mario,Lovato,mario.lovato63@hotmail.it,Ancona,Marche,Italy,2024-01-04,Bronze,36-50
CUST_01840,Rodolfo,Vento,rodolfo.vento98@outlook.com,Padova,Veneto,Italy,2022-01-16,Bronze,36-50
CUST_01841,Venancio,Tafuri,venancio.tafuri51@libero.it,Catania,Sicilia,Italy,2020-03-14,Bronze,26-35
CUST_01842,Veronica,Chigi,veronica.chigi97@hotmail.it,Milano,Lombardia,Italy,2023-12-19,Bronze,50+
CUST_01843,Serafina,Terragni,serafina.terragni7@email.it,Milano,Lombardia,Italy,2022-08-02,Platinum,26-35
CUST_01844,Ruggero,Lattuada,ruggero.lattuada62@gmail.com,Napoli,Campania,Italy,2020-04-26,Bronze,50+
CUST_01845,Fredo,Carducci,fredo.carducci65@icloud.com,Roma,Lazio,Italy,2020-03-16,Bronze,36-50
CUST_01846,Marco,Cutuli,marco.cutuli51@hotmail.it,Lecce,Puglia,Italy,2020-08-04,Gold,36-50
CUST_01847,Lisa,Sauli,lisa.sauli59@yahoo.it,Roma,Lazio,Italy,2023-08-19,Bronze,50+
CUST_01848,Fabrizia,Guarneri,fabrizia.guarneri90@virgilio.it,Napoli,Campania,Italy,2023-06-24,Silver,50+
CUST_01849,Letizia,Fantozzi,letizia.fantozzi41@gmail.com,Torino,Piemonte,Italy,2020-12-07,Bronze,36-50
CUST_01850,Alberto,Morellato,alberto.morellato2@libero.it,Genova,Liguria,Italy,2023-12-24,Bronze,36-50
CUST_01851,Wayne,Green,wayne.green49@yahoo.it,Milano,Lombardia,Italy,2021-06-12,Gold,26-35
CUST_01852,Monica,Malacarne,monica.malacarne42@icloud.com,Napoli,Campania,Italy,2023-10-15,Silver,36-50
CUST_01853,Antonella,Ferragni,antonella.ferragni79@outlook.com,Firenze,Toscana,Italy,2022-07-17,Bronze,18-25
CUST_01854,Federico,Pisacane,federico.pisacane24@outlook.com,Trento,Trentino-Alto Adige,Italy,2023-07-23,Silver,18-25
CUST_01855,Bryan,Rose,bryan.rose31@outlook.com,Milano,Lombardia,Italy,2022-01-05,Gold,50+
CUST_01856,Ramona,Renier,ramona.renier61@icloud.com,Cagliari,Sardegna,Italy,2021-10-29,Bronze,18-25
CUST_01857,Uberto,Mondadori,uberto.mondadori47@hotmail.it,Padova,Veneto,Italy,2023-12-17,Silver,26-35
CUST_01858,Calogero,Piccio,calogero.piccio64@email.it,Firenze,Toscana,Italy,2019-03-22,Platinum,36-50
CUST_01859,Gemma,Caetani,gemma.caetani27@email.it,Verona,Veneto,Italy,2024-05-31,Bronze,18-25
CUST_01860,Fiorino,Cimarosa,fiorino.cimarosa90@icloud.com,Milano,Lombardia,Italy,2023-03-26,Silver,26-35
CUST_01861,Sandro,Missoni,sandro.missoni47@email.it,Lecce,Puglia,Italy,2022-04-10,Silver,36-50
CUST_01862,Elizabeth,Jarvis,elizabeth.jarvis36@virgilio.it,Bologna,Emilia-Romagna,Italy,2023-02-24,Silver,36-50
CUST_01863,Gionata,Alboni,gionata.alboni24@hotmail.it,Firenze,Toscana,Italy,2020-04-11,Bronze,36-50
CUST_01864,Wayne,Fitzgerald,wayne.fitzgerald74@libero.it,Torino,Piemonte,Italy,2022-08-29,Bronze,36-50
CUST_01865,Claire,Hill,claire.hill13@outlook.com,Milano,Lombardia,Italy,2024-06-13,Silver,36-50
CUST_01866,Giulio,Passalacqua,giulio.passalacqua31@email.it,Reggio Calabria,Calabria,Italy,2021-02-24,Bronze,36-50
CUST_01867,Gianpietro,Sabbatini,gianpietro.sabbatini49@libero.it,Milano,Lombardia,Italy,2023-07-10,Bronze,36-50
CUST_01868,Marcella,Interiano,marcella.interiano19@hotmail.it,Palermo,Sicilia,Italy,2022-04-14,Bronze,36-50
CUST_01869,Marcello,Marangoni,marcello.marangoni61@gmail.com,Napoli,Campania,Italy,2023-04-01,Bronze,50+
CUST_01870,Berenice,Amato,berenice.amato23@email.it,Ancona,Marche,Italy,2020-12-09,Platinum,26-35
CUST_01871,Abdul,Burke,abdul.burke64@hotmail.it,Roma,Lazio,Italy,2022-06-16,Bronze,26-35
CUST_01872,Douglas,Johnston,douglas.johnston81@icloud.com,Bologna,Emilia-Romagna,Italy,2024-06-07,Platinum,18-25
CUST_01873,Giulio,Olivetti,giulio.olivetti63@outlook.com,Napoli,Campania,Italy,2020-11-14,Bronze,36-50
CUST_01874,Greca,Gilardoni,greca.gilardoni33@gmail.com,Catania,Sicilia,Italy,2023-03-09,Silver,18-25
CUST_01875,Hayley,Morgan,hayley.morgan51@yahoo.it,Milano,Lombardia,Italy,2022-12-06,Bronze,36-50
CUST_01876,Bryan,Morris,bryan.morris89@hotmail.it,Roma,Lazio,Italy,2022-11-19,Silver,50+
CUST_01877,Declan,Roberts,declan.roberts8@libero.it,Roma,Lazio,Italy,2023-02-05,Silver,36-50
CUST_01878,Augusto,Casale,augusto.casale33@virgilio.it,Bari,Puglia,Italy,2022-08-09,Bronze,26-35
CUST_01879,Rosario,Martinelli,rosario.martinelli81@yahoo.it,Roma,Lazio,Italy,2018-11-05,Gold,36-50
CUST_01880,Ermes,Pisacane,ermes.pisacane58@icloud.com,Venezia,Veneto,Italy,2024-03-01,Bronze,26-35
CUST_01881,Giuseppina,Tedesco,giuseppina.tedesco34@icloud.com,Roma,Lazio,Italy,2023-11-28,Silver,36-50
CUST_01882,Virginia,Mattarella,virginia.mattarella47@outlook.com,Trieste,Friuli-Venezia Giulia,Italy,2020-09-17,Platinum,36-50
CUST_01883,Graziella,Casadei,graziella.casadei45@gmail.com,Ancona,Marche,Italy,2022-03-06,Gold,26-35
CUST_01884,Eugenia,Malacarne,eugenia.malacarne53@yahoo.it,Bologna,Emilia-Romagna,Italy,2023-09-14,Platinum,50+
CUST_01885,Nanni,Galvani,nanni.galvani45@libero.it,Torino,Piemonte,Italy,2024-06-07,Bronze,26-35
CUST_01886,Giancarlo,Chiesa,giancarlo.chiesa74@hotmail.it,Roma,Lazio,Italy,2024-05-03,Bronze,50+
CUST_01887,Sandro,Correr,sandro.correr37@icloud.com,Milano,Lombardia,Italy,2024-02-29,Bronze,18-25
CUST_01888,Rodolfo,Paltrinieri,rodolfo.paltrinieri42@virgilio.it,Roma,Lazio,Italy,2020-08-02,Silver,26-35
CUST_01889,Pierluigi,Vezzali,pierluigi.vezzali95@virgilio.it,Palermo,Sicilia,Italy,2024-03-19,Silver,26-35
CUST_01890,Sabatino,Valmarana,sabatino.valmarana11@email.it,Bologna,Emilia-Romagna,Italy,2024-02-03,Bronze,18-25
CUST_01891,Jade,Robson,jade.robson79@outlook.com,Ancona,Marche,Italy,2021-12-27,Silver,36-50
CUST_01892,Nina,Galeati,nina.galeati60@hotmail.it,Torino,Piemonte,Italy,2022-01-30,Bronze,36-50
CUST_01893,Mariana,Gramsci,mariana.gramsci22@icloud.com,Palermo,Sicilia,Italy,2022-05-29,Bronze,36-50
CUST_01894,Giulia,Bragadin,giulia.bragadin54@email.it,Napoli,Campania,Italy,2023-04-07,Silver,26-35
CUST_01895,Patrick,Mitchell,patrick.mitchell10@yahoo.it,Napoli,Campania,Italy,2021-04-26,Bronze,26-35
CUST_01896,Vincentio,Sabbatini,vincentio.sabbatini21@icloud.com,Roma,Lazio,Italy,2018-12-26,Gold,36-50
CUST_01897,Vincenzo,Opizzi,vincenzo.opizzi30@icloud.com,Napoli,Campania,Italy,2020-06-10,Bronze,26-35
CUST_01898,Beppe,Zecchini,beppe.zecchini41@outlook.com,Napoli,Campania,Italy,2022-04-24,Silver,36-50
CUST_01899,Costanzo,Bixio,costanzo.bixio91@outlook.com,Catania,Sicilia,Italy,2021-06-13,Bronze,36-50
CUST_01900,Renata,Versace,renata.versace78@email.it,Perugia,Umbria,Italy,2023-09-06,Bronze,18-25
CUST_01901,Toni,Finzi,toni.finzi35@virgilio.it,Firenze,Toscana,Italy,2020-02-14,Silver,36-50
CUST_01902,Eric,Taylor,eric.taylor47@virgilio.it,Milano,Lombardia,Italy,2024-03-22,Gold,36-50
CUST_01903,Antonina,Valier,antonina.valier53@hotmail.it,Napoli,Campania,Italy,2024-02-24,Bronze,36-50
CUST_01904,Frances,Robinson,frances.robinson24@gmail.com,Bologna,Emilia-Romagna,Italy,2024-03-12,Bronze,26-35
CUST_01905,Nicole,Owen,nicole.owen17@libero.it,Roma,Lazio,Italy,2023-08-03,Silver,26-35
CUST_01906,Enzio,Dallara,enzio.dallara85@outlook.com,Bari,Puglia,Italy,2020-02-15,Bronze,26-35
CUST_01907,Hannah,Brown,hannah.brown96@yahoo.it,Reggio Calabria,Calabria,Italy,2022-04-20,Gold,26-35
CUST_01908,Marcantonio,Trebbi,marcantonio.trebbi27@hotmail.it,Ancona,Marche,Italy,2020-05-09,Silver,26-35
CUST_01909,Rembrandt,Carullo,rembrandt.carullo51@yahoo.it,Roma,Lazio,Italy,2024-06-16,Bronze,50+
CUST_01910,Giulia,Florio,giulia.florio13@yahoo.it,Trieste,Friuli-Venezia Giulia,Italy,2021-10-01,Bronze,36-50
CUST_01911,Letizia,Stefanelli,letizia.stefanelli61@gmail.com,Catania,Sicilia,Italy,2022-12-21,Silver,36-50
CUST_01912,Carlo,Tonisto,carlo.tonisto4@email.it,Napoli,Campania,Italy,2023-09-26,Bronze,26-35
CUST_01913,Riccardo,Bertoli,riccardo.bertoli68@yahoo.it,Bologna,Emilia-Romagna,Italy,2024-03-26,Silver,50+
CUST_01914,Rodolfo,Cherubini,rodolfo.cherubini14@outlook.com,Padova,Veneto,Italy,2023-08-25,Bronze,26-35
CUST_01915,Ubaldo,Prada,ubaldo.prada80@hotmail.it,Napoli,Campania,Italy,2023-05-03,Silver,36-50
CUST_01916,Rolando,Zarlino,rolando.zarlino11@email.it,Torino,Piemonte,Italy,2022-06-08,Bronze,50+
CUST_01917,Arturo,Zaccardo,arturo.zaccardo40@libero.it,Napoli,Campania,Italy,2023-01-21,Gold,36-50
CUST_01918,Romolo,Mascagni,romolo.mascagni32@outlook.com,Venezia,Veneto,Italy,2019-12-29,Bronze,50+
CUST_01919,Lidia,Argenti,lidia.argenti57@hotmail.it,Roma,Lazio,Italy,2024-02-09,Bronze,36-50
CUST_01920,Paula,Harvey,paula.harvey17@hotmail.it,Trento,Trentino-Alto Adige,Italy,2022-10-16,Gold,26-35
CUST_01921,Paolo,Gualandi,paolo.gualandi4@gmail.com,Palermo,Sicilia,Italy,2019-04-21,Bronze,26-35
CUST_01922,Laura,Davies,laura.davies85@icloud.com,Genova,Liguria,Italy,2024-03-25,Bronze,26-35
CUST_01923,Paulina,Adinolfi,paulina.adinolfi42@virgilio.it,Milano,Lombardia,Italy,2022-07-18,Bronze,18-25
CUST_01924,Lucrezia,Gaito,lucrezia.gaito60@outlook.com,Venezia,Veneto,Italy,2024-01-21,Bronze,36-50
CUST_01925,Barbara,Bonomo,barbara.bonomo71@virgilio.it,Milano,Lombardia,Italy,2024-01-06,Gold,26-35
CUST_01926,Antonino,Randazzo,antonino.randazzo18@hotmail.it,Milano,Lombardia,Italy,2023-11-14,Silver,50+
CUST_01927,Matteo,Boccaccio,matteo.boccaccio76@virgilio.it,Bologna,Emilia-Romagna,Italy,2019-08-11,Bronze,26-35
CUST_01928,Ellie,Smith,ellie.smith81@email.it,Torino,Piemonte,Italy,2021-03-25,Silver,36-50
CUST_01929,Alessandra,Bignami,alessandra.bignami68@outlook.com,Venezia,Veneto,Italy,2024-01-30,Silver,50+
CUST_01930,Margaret,Fuller,margaret.fuller45@virgilio.it,Milano,Lombardia,Italy,2024-02-28,Gold,26-35
CUST_01931,Christine,Griffiths,christine.griffiths70@libero.it,Napoli,Campania,Italy,2022-05-25,Bronze,36-50
CUST_01932,Donald,Jones,donald.jones12@virgilio.it,Roma,Lazio,Italy,2022-04-23,Silver,36-50
CUST_01933,Jasmine,Young,jasmine.young40@icloud.com,Reggio Calabria,Calabria,Italy,2020-09-19,Silver,26-35
CUST_01934,Vincenza,Bompiani,vincenza.bompiani53@outlook.com,Bologna,Emilia-Romagna,Italy,2024-05-24,Bronze,36-50
CUST_01935,Sabatino,Bajardi,sabatino.bajardi20@outlook.com,Palermo,Sicilia,Italy,2020-12-31,Bronze,26-35
CUST_01936,Ivan,Pizziol,ivan.pizziol2@gmail.com,Firenze,Toscana,Italy,2020-11-02,Bronze,36-50
CUST_01937,Filippo,Chittolini,filippo.chittolini67@hotmail.it,Milano,Lombardia,Italy,2023-04-13,Silver,36-50
CUST_01938,Marisa,Pugliese,marisa.pugliese45@outlook.com,Lecce,Puglia,Italy,2021-03-15,Bronze,36-50
CUST_01939,Chelsea,Mills,chelsea.mills61@gmail.com,Firenze,Toscana,Italy,2024-04-18,Platinum,36-50
CUST_01940,Nico,Pasolini,nico.pasolini89@virgilio.it,Napoli,Campania,Italy,2018-09-05,Bronze,26-35
CUST_01941,Ricciotti,Papafava,ricciotti.papafava97@virgilio.it,Genova,Liguria,Italy,2018-06-29,Silver,36-50
CUST_01942,Nicola,Botticelli,nicola.botticelli39@gmail.com,Milano,Lombardia,Italy,2022-08-13,Gold,50+
CUST_01943,Giuliana,Vattimo,giuliana.vattimo99@email.it,Verona,Veneto,Italy,2022-07-16,Silver,50+
CUST_01944,Donato,Natta,donato.natta38@libero.it,Bologna,Emilia-Romagna,Italy,2020-08-16,Gold,36-50
CUST_01945,Kathryn,Quinn,kathryn.quinn1@icloud.com,Firenze,Toscana,Italy,2022-07-27,Gold,26-35
CUST_01946,Danilo,Emo,danilo.emo25@email.it,Milano,Lombardia,Italy,2022-03-03,Bronze,50+
CUST_01947,Adele,Perozzo,adele.perozzo72@email.it,Roma,Lazio,Italy,2024-02-18,Silver,26-35
CUST_01948,Vincenzo,Cendron,vincenzo.cendron51@libero.it,Trento,Trentino-Alto Adige,Italy,2018-08-16,Bronze,36-50
CUST_01949,Lilla,Garobbio,lilla.garobbio21@email.it,Palermo,Sicilia,Italy,2024-06-02,Silver,26-35
CUST_01950,Romana,Agazzi,romana.agazzi49@libero.it,Roma,Lazio,Italy,2023-02-19,Bronze,50+
CUST_01951,Maria,Argurio,maria.argurio34@yahoo.it,Milano,Lombardia,Italy,2020-07-13,Silver,36-50
CUST_01952,Lazzaro,Scaramucci,lazzaro.scaramucci55@libero.it,Palermo,Sicilia,Italy,2019-05-28,Silver,36-50
CUST_01953,Giada,Verdi,giada.verdi67@outlook.com,Bologna,Emilia-Romagna,Italy,2022-10-07,Bronze,18-25
CUST_01954,Pietro,Turrini,pietro.turrini37@outlook.com,Torino,Piemonte,Italy,2021-02-23,Bronze,36-50
CUST_01955,Nino,Giacometti,nino.giacometti53@libero.it,Torino,Piemonte,Italy,2021-07-26,Platinum,36-50
CUST_01956,Gioffre,Scaduto,gioffre.scaduto9@hotmail.it,Roma,Lazio,Italy,2021-03-20,Bronze,36-50
CUST_01957,Mattia,Costanzi,mattia.costanzi18@outlook.com,Palermo,Sicilia,Italy,2023-03-29,Bronze,26-35
CUST_01958,Guido,Farnese,guido.farnese15@virgilio.it,Lecce,Puglia,Italy,2022-11-01,Bronze,36-50
CUST_01959,Philip,Woods,philip.woods80@virgilio.it,Roma,Lazio,Italy,2019-10-25,Platinum,18-25
CUST_01960,Teresa,Carfagna,teresa.carfagna35@virgilio.it,Venezia,Veneto,Italy,2022-09-18,Platinum,36-50
CUST_01961,Amedeo,Pucci,amedeo.pucci25@icloud.com,Napoli,Campania,Italy,2023-10-12,Silver,26-35
CUST_01962,Diana,Anichini,diana.anichini3@hotmail.it,Napoli,Campania,Italy,2019-11-07,Gold,26-35
CUST_01963,Gioacchino,Foa,gioacchino.foa7@gmail.com,Roma,Lazio,Italy,2024-02-17,Bronze,26-35
CUST_01964,Baldassare,Callegaro,baldassare.callegaro24@yahoo.it,Padova,Veneto,Italy,2022-12-10,Platinum,26-35
CUST_01965,Carolina,Balotelli,carolina.balotelli37@outlook.com,Napoli,Campania,Italy,2024-05-02,Bronze,18-25
CUST_01966,Gillian,Walker,gillian.walker17@virgilio.it,Bologna,Emilia-Romagna,Italy,2020-07-02,Bronze,50+
CUST_01967,Riccardo,Bellò,riccardo.bellò94@gmail.com,Firenze,Toscana,Italy,2024-06-23,Bronze,36-50
CUST_01968,Gioele,Battisti,gioele.battisti30@yahoo.it,Roma,Lazio,Italy,2023-03-20,Silver,26-35
CUST_01969,Pasquale,Rosiello,pasquale.rosiello20@gmail.com,Milano,Lombardia,Italy,2022-11-23,Silver,36-50
CUST_01970,Gianpaolo,Vecellio,gianpaolo.vecellio64@libero.it,Catania,Sicilia,Italy,2022-08-31,Bronze,36-50
CUST_01971,Gian,Bertoni,gian.bertoni44@email.it,Roma,Lazio,Italy,2018-12-31,Platinum,50+
CUST_01972,Elladio,Tencalla,elladio.tencalla40@virgilio.it,Palermo,Sicilia,Italy,2024-04-19,Bronze,26-35
CUST_01973,Josh,Brooks,josh.brooks48@virgilio.it,Torino,Piemonte,Italy,2023-03-20,Bronze,26-35
CUST_01974,Jacopo,Giannuzzi,jacopo.giannuzzi90@gmail.com,Torino,Piemonte,Italy,2019-12-19,Bronze,50+
CUST_01975,Patrizia,Meucci,patrizia.meucci43@yahoo.it,Napoli,Campania,Italy,2018-12-10,Silver,26-35
CUST_01976,Connor,Davidson,connor.davidson97@hotmail.it,Torino,Piemonte,Italy,2019-06-19,Gold,18-25
CUST_01977,Aurora,Michelangeli,aurora.michelangeli8@outlook.com,Milano,Lombardia,Italy,2023-01-27,Bronze,18-25
CUST_01978,Ian,Rogers,ian.rogers51@yahoo.it,Firenze,Toscana,Italy,2023-02-03,Silver,18-25
CUST_01979,Gilberto,Marangoni,gilberto.marangoni70@virgilio.it,Palermo,Sicilia,Italy,2022-08-05,Bronze,50+
CUST_01980,Valerie,Clark,valerie.clark24@libero.it,Palermo,Sicilia,Italy,2021-08-07,Silver,26-35
CUST_01981,Teresa,Cociarelli,teresa.cociarelli33@email.it,Firenze,Toscana,Italy,2022-09-27,Platinum,50+
CUST_01982,Damian,Shah,damian.shah2@yahoo.it,Napoli,Campania,Italy,2022-09-01,Bronze,50+
CUST_01983,Barry,McCarthy,barry.mccarthy99@libero.it,Roma,Lazio,Italy,2018-11-27,Gold,36-50
CUST_01984,Fortunata,Tremonti,fortunata.tremonti50@virgilio.it,Roma,Lazio,Italy,2021-06-14,Silver,18-25
CUST_01985,Lauren,Davies,lauren.davies32@gmail.com,Milano,Lombardia,Italy,2019-07-01,Bronze,18-25
CUST_01986,Gianfrancesco,Ponti,gianfrancesco.ponti26@virgilio.it,Trento,Trentino-Alto Adige,Italy,2024-03-01,Platinum,36-50
CUST_01987,Leonardo,Leone,leonardo.leone95@yahoo.it,Roma,Lazio,Italy,2023-07-14,Bronze,26-35
CUST_01988,Augusto,Volta,augusto.volta67@libero.it,Roma,Lazio,Italy,2024-06-26,Bronze,36-50
CUST_01989,Camilla,Dulbecco,camilla.dulbecco61@email.it,Firenze,Toscana,Italy,2021-07-28,Bronze,26-35
CUST_01990,Elena,Renault,elena.renault88@outlook.com,Milano,Lombardia,Italy,2024-02-03,Bronze,50+
CUST_01991,Angelina,Tamborini,angelina.tamborini42@hotmail.it,Genova,Liguria,Italy,2023-01-17,Gold,36-50
CUST_01992,Antonio,Murialdo,antonio.murialdo81@gmail.com,Milano,Lombardia,Italy,2022-05-17,Silver,36-50
CUST_01993,Bethan,Harding,bethan.harding96@yahoo.it,Milano,Lombardia,Italy,2021-01-24,Gold,50+
CUST_01994,Samantha,Fox,samantha.fox33@virgilio.it,Genova,Liguria,Italy,2023-08-02,Bronze,18-25
CUST_01995,Evangelista,Parri,evangelista.parri82@outlook.com,Firenze,Toscana,Italy,2024-03-06,Bronze,26-35
CUST_01996,Michela,Trezzini,michela.trezzini26@icloud.com,Catania,Sicilia,Italy,2021-02-24,Bronze,18-25
CUST_01997,Lucio,Pratesi,lucio.pratesi7@libero.it,Bologna,Emilia-Romagna,Italy,2020-09-20,Silver,18-25
CUST_01998,Pierangelo,Contarini,pierangelo.contarini15@libero.it,Roma,Lazio,Italy,2023-06-03,Platinum,36-50
CUST_01999,Leonardo,Paoletti,leonardo.paoletti82@email.it,Palermo,Sicilia,Italy,2024-06-03,Silver,26-35
CUST_02000,Fiorino,Vanvitelli,fiorino.vanvitelli42@gmail.com,Milano,Lombardia,Italy,2023-08-17,Bronze,26-35
CUST_02001,Salvatore,Giusti,salvatore.giusti22@outlook.com,Bologna,Emilia-Romagna,Italy,2021-06-19,Gold,50+
CUST_02002,Dean,Young,dean.young75@yahoo.it,Napoli,Campania,Italy,2022-03-18,Silver,26-35
CUST_02003,Sandra,Gatto,sandra.gatto51@libero.it,Roma,Lazio,Italy,2022-01-10,Bronze,36-50
CUST_02004,Leonardo,Collina,leonardo.collina2@gmail.com,Venezia,Veneto,Italy,2023-12-31,Gold,18-25
CUST_02005,Olga,Scaramucci,olga.scaramucci75@virgilio.it,Trieste,Friuli-Venezia Giulia,Italy,2023-09-16,Bronze,26-35
CUST_02006,Arturo,Zanazzo,arturo.zanazzo89@hotmail.it,Reggio Calabria,Calabria,Italy,2022-12-27,Bronze,36-50
CUST_02007,Piergiuseppe,Prati,piergiuseppe.prati48@yahoo.it,Venezia,Veneto,Italy,2021-05-29,Bronze,50+
CUST_02008,Anita,Turati,anita.turati32@hotmail.it,Torino,Piemonte,Italy,2024-04-17,Bronze,26-35
CUST_02009,Donato,Pedroni,donato.pedroni64@yahoo.it,Roma,Lazio,Italy,2023-04-02,Bronze,18-25
CUST_02010,Gioachino,Gualtieri,gioachino.gualtieri88@icloud.com,Roma,Lazio,Italy,2024-05-26,Bronze,26-35
CUST_02011,Abbie,Gibson,abbie.gibson98@gmail.com,Napoli,Campania,Italy,2022-12-13,Bronze,18-25
CUST_02012,Wendy,Richards,wendy.richards8@icloud.com,Torino,Piemonte,Italy,2023-11-21,Silver,26-35
CUST_02013,Gastone,Montalcini,gastone.montalcini83@hotmail.it,Cagliari,Sardegna,Italy,2023-11-10,Platinum,36-50
CUST_02014,Fabrizia,Bosurgi,fabrizia.bosurgi90@yahoo.it,Torino,Piemonte,Italy,2021-10-10,Silver,18-25
CUST_02015,Roberto,Pagliaro,roberto.pagliaro17@virgilio.it,Torino,Piemonte,Italy,2024-05-18,Bronze,36-50
CUST_02016,Carmelo,Ungaretti,carmelo.ungaretti30@icloud.com,Torino,Piemonte,Italy,2018-12-18,Bronze,36-50
CUST_02017,Lidia,Federici,lidia.federici72@icloud.com,Padova,Veneto,Italy,2023-09-12,Bronze,26-35
CUST_02018,Arnaldo,Inzaghi,arnaldo.inzaghi57@libero.it,Palermo,Sicilia,Italy,2024-05-20,Bronze,18-25
CUST_02019,Nicolò,Barracco,nicolò.barracco3@email.it,Genova,Liguria,Italy,2021-10-13,Silver,50+
CUST_02020,Tatiana,Bonomo,tatiana.bonomo46@hotmail.it,Firenze,Toscana,Italy,2023-03-26,Silver,26-35
CUST_02021,Francesco,Zaccardo,francesco.zaccardo33@gmail.com,Padova,Veneto,Italy,2022-11-15,Silver,36-50
CUST_02022,Leonard,Rhodes,leonard.rhodes63@virgilio.it,Milano,Lombardia,Italy,2023-09-02,Silver,26-35
CUST_02023,Lauren,Brennan,lauren.brennan72@outlook.com,Trieste,Friuli-Venezia Giulia,Italy,2024-01-18,Bronze,36-50
CUST_02024,Louise,Watson,louise.watson70@virgilio.it,Napoli,Campania,Italy,2023-01-17,Bronze,26-35
CUST_02025,Gian,Soffici,gian.soffici25@hotmail.it,Torino,Piemonte,Italy,2023-11-14,Silver,26-35
CUST_02026,Linda,Gibson,linda.gibson70@icloud.com,Napoli,Campania,Italy,2021-08-18,Bronze,18-25
CUST_02027,Giacinto,Monte,giacinto.monte42@virgilio.it,Palermo,Sicilia,Italy,2021-02-08,Bronze,26-35
CUST_02028,Joyce,Owen,joyce.owen36@hotmail.it,Milano,Lombardia,Italy,2022-04-07,Bronze,50+
CUST_02029,Leopoldo,Anguissola,leopoldo.anguissola9@hotmail.it,Trieste,Friuli-Venezia Giulia,Italy,2023-05-08,Bronze,36-50
CUST_02030,Leah,Evans,leah.evans58@outlook.com,Napoli,Campania,Italy,2020-10-23,Bronze,18-25
CUST_02031,Giacomo,Favata,giacomo.favata34@icloud.com,Torino,Piemonte,Italy,2023-05-12,Gold,36-50
CUST_02032,Patricia,White,patricia.white59@gmail.com,Roma,Lazio,Italy,2022-01-29,Gold,50+
CUST_02033,Adrian,Wells,adrian.wells82@email.it,Napoli,Campania,Italy,2023-10-18,Bronze,36-50
CUST_02034,Lucia,Casadei,lucia.casadei94@hotmail.it,Napoli,Campania,Italy,2019-04-01,Bronze,18-25
CUST_02035,Ludovica,Soderini,ludovica.soderini3@icloud.com,Torino,Piemonte,Italy,2023-04-24,Silver,50+
CUST_02036,Sandra,Green,sandra.green80@libero.it,Palermo,Sicilia,Italy,2023-03-28,Bronze,26-35
CUST_02037,Gioachino,Fittipaldi,gioachino.fittipaldi42@yahoo.it,Napoli,Campania,Italy,2024-04-20,Bronze,36-50
CUST_02038,Phillip,Graham,phillip.graham85@email.it,Lecce,Puglia,Italy,2023-06-28,Bronze,36-50
CUST_02039,Paride,Giradello,paride.giradello25@virgilio.it,Venezia,Veneto,Italy,2023-10-19,Bronze,50+
CUST_02040,Amanda,Migliaccio,amanda.migliaccio99@hotmail.it,Verona,Veneto,Italy,2024-03-06,Silver,50+
CUST_02041,Maura,Longhena,maura.longhena79@outlook.com,Milano,Lombardia,Italy,2023-05-04,Gold,50+
CUST_02042,Nino,Schiaparelli,nino.schiaparelli42@email.it,Torino,Piemonte,Italy,2021-07-02,Bronze,18-25
CUST_02043,Jodie,Coates,jodie.coates83@icloud.com,Firenze,Toscana,Italy,2024-01-23,Bronze,50+
CUST_02044,Vittorio,Oliboni,vittorio.oliboni15@yahoo.it,Bologna,Emilia-Romagna,Italy,2023-08-14,Bronze,18-25
CUST_02045,Livio,Gussoni,livio.gussoni67@yahoo.it,Trieste,Friuli-Venezia Giulia,Italy,2022-03-26,Bronze,26-35
CUST_02046,Michelotto,Toscanini,michelotto.toscanini6@hotmail.it,Milano,Lombardia,Italy,2023-06-24,Platinum,36-50
CUST_02047,Tonia,Tamburini,tonia.tamburini23@gmail.com,Milano,Lombardia,Italy,2024-01-20,Silver,36-50
CUST_02048,Adam,Fitzgerald,adam.fitzgerald26@yahoo.it,Padova,Veneto,Italy,2024-06-01,Silver,36-50
CUST_02049,Norman,Scott,norman.scott63@libero.it,Roma,Lazio,Italy,2024-05-04,Silver,36-50
CUST_02050,Rosario,Caironi,rosario.caironi13@gmail.com,Palermo,Sicilia,Italy,2021-09-15,Gold,50+
CUST_02051,Anna,Martin,anna.martin74@email.it,Bologna,Emilia-Romagna,Italy,2022-03-21,Gold,26-35
CUST_02052,Andrea,Martin,andrea.martin85@virgilio.it,Padova,Veneto,Italy,2020-02-25,Bronze,26-35
CUST_02053,Ninetta,Seddio,ninetta.seddio68@outlook.com,Milano,Lombardia,Italy,2021-03-26,Bronze,50+
CUST_02054,Robin,Bradley,robin.bradley7@icloud.com,Milano,Lombardia,Italy,2024-02-08,Silver,18-25
CUST_02055,Maria,Micca,maria.micca29@yahoo.it,Bologna,Emilia-Romagna,Italy,2021-11-26,Bronze,36-50
CUST_02056,Gastone,Pagliaro,gastone.pagliaro2@libero.it,Ancona,Marche,Italy,2023-02-13,Platinum,36-50
CUST_02057,Donald,Mills,donald.mills84@virgilio.it,Torino,Piemonte,Italy,2023-04-21,Silver,36-50
CUST_02058,Luca,Porcellato,luca.porcellato11@virgilio.it,Firenze,Toscana,Italy,2023-09-30,Platinum,36-50
CUST_02059,Sean,Pearson,sean.pearson82@gmail.com,Venezia,Veneto,Italy,2020-10-11,Bronze,26-35
CUST_02060,Jodie,Harper,jodie.harper47@email.it,Perugia,Umbria,Italy,2021-08-02,Gold,50+
CUST_02061,Antonino,Zanichelli,antonino.zanichelli48@gmail.com,Padova,Veneto,Italy,2022-05-08,Bronze,18-25
CUST_02062,Jacob,Scott,jacob.scott79@outlook.com,Reggio Calabria,Calabria,Italy,2021-12-04,Platinum,26-35
CUST_02063,Stefani,Gangemi,stefani.gangemi68@gmail.com,Milano,Lombardia,Italy,2024-06-10,Bronze,18-25
CUST_02064,Lucia,Combi,lucia.combi94@yahoo.it,Milano,Lombardia,Italy,2023-12-09,Silver,36-50
CUST_02065,Alderano,Gulotta,alderano.gulotta39@yahoo.it,Venezia,Veneto,Italy,2022-07-02,Silver,36-50
CUST_02066,Sheila,Smith,sheila.smith28@yahoo.it,Padova,Veneto,Italy,2024-02-04,Bronze,50+
CUST_02067,Angelica,Procacci,angelica.procacci13@libero.it,Firenze,Toscana,Italy,2021-10-30,Bronze,36-50
CUST_02068,Laureano,Corradi,laureano.corradi69@email.it,Roma,Lazio,Italy,2023-10-05,Platinum,36-50
CUST_02069,Gabriele,Monicelli,gabriele.monicelli25@libero.it,Verona,Veneto,Italy,2021-01-27,Bronze,50+
CUST_02070,Clive,Griffiths,clive.griffiths68@libero.it,Milano,Lombardia,Italy,2023-09-17,Silver,36-50
CUST_02071,Gianmarco,Parisi,gianmarco.parisi73@hotmail.it,Torino,Piemonte,Italy,2022-05-23,Bronze,36-50
CUST_02072,Antonia,Gozzano,antonia.gozzano72@email.it,Napoli,Campania,Italy,2020-02-17,Gold,36-50
CUST_02073,Telemaco,Vigliotti,telemaco.vigliotti96@yahoo.it,Bologna,Emilia-Romagna,Italy,2021-05-25,Silver,26-35
CUST_02074,Filippa,Moresi,filippa.moresi99@icloud.com,Catania,Sicilia,Italy,2022-02-13,Bronze,50+
CUST_02075,Richard,Clarke,richard.clarke87@virgilio.it,Torino,Piemonte,Italy,2023-08-17,Bronze,26-35
CUST_02076,Girolamo,Staglieno,girolamo.staglieno90@email.it,Genova,Liguria,Italy,2019-10-03,Silver,36-50
CUST_02077,Lidia,Storladi,lidia.storladi14@hotmail.it,Venezia,Veneto,Italy,2023-04-12,Bronze,36-50
CUST_02078,Sarah,Pearson,sarah.pearson24@email.it,Bologna,Emilia-Romagna,Italy,2023-07-01,Bronze,50+
CUST_02079,Romeo,Dibiasi,romeo.dibiasi65@icloud.com,Genova,Liguria,Italy,2023-04-03,Silver,50+
CUST_02080,Frank,Fox,frank.fox85@hotmail.it,Roma,Lazio,Italy,2023-09-01,Bronze,36-50
CUST_02081,Livia,Niggli,livia.niggli69@virgilio.it,Milano,Lombardia,Italy,2020-09-28,Bronze,36-50
CUST_02082,Andrew,Coleman,andrew.coleman46@icloud.com,Milano,Lombardia,Italy,2022-12-24,Silver,26-35
CUST_02083,Fabrizio,Cilibrasi,fabrizio.cilibrasi71@icloud.com,Roma,Lazio,Italy,2024-04-21,Bronze,36-50
CUST_02084,Liana,Vergerio,liana.vergerio48@email.it,Napoli,Campania,Italy,2023-01-29,Bronze,50+
CUST_02085,Lee,Clarke,lee.clarke98@email.it,Padova,Veneto,Italy,2023-01-30,Bronze,50+
CUST_02086,Emily,Carey,emily.carey93@icloud.com,Catania,Sicilia,Italy,2023-07-30,Silver,50+
CUST_02087,Philip,Jones,philip.jones78@libero.it,Verona,Veneto,Italy,2021-10-01,Silver,18-25
CUST_02088,Severino,Falier,severino.falier73@libero.it,Torino,Piemonte,Italy,2023-06-09,Silver,50+
CUST_02089,Linda,Lewis,linda.lewis49@outlook.com,Torino,Piemonte,Italy,2024-03-21,Bronze,50+
CUST_02090,Raymond,Price,raymond.price47@virgilio.it,Torino,Piemonte,Italy,2018-09-05,Bronze,26-35
CUST_02091,Veronica,Veneziano,veronica.veneziano58@email.it,Roma,Lazio,Italy,2024-01-23,Bronze,36-50
CUST_02092,Ross,Harding,ross.harding1@gmail.com,Milano,Lombardia,Italy,2021-01-14,Bronze,36-50
CUST_02093,Samuel,Wood,samuel.wood37@gmail.com,Venezia,Veneto,Italy,2022-05-22,Gold,36-50
CUST_02094,Eva,Biagiotti,eva.biagiotti67@hotmail.it,Reggio Calabria,Calabria,Italy,2023-12-31,Bronze,50+
CUST_02095,Venancio,Bandello,venancio.bandello39@gmail.com,Roma,Lazio,Italy,2023-11-24,Bronze,36-50
CUST_02096,Rosa,Borrani,rosa.borrani39@libero.it,Milano,Lombardia,Italy,2024-02-20,Bronze,36-50
CUST_02097,Paulina,Bellò,paulina.bellò28@icloud.com,Verona,Veneto,Italy,2024-04-20,Silver,36-50
CUST_02098,Marina,Alboni,marina.alboni3@outlook.com,Roma,Lazio,Italy,2022-05-06,Silver,36-50
CUST_02099,Piergiuseppe,Cibin,piergiuseppe.cibin71@hotmail.it,Padova,Veneto,Italy,2023-04-07,Silver,50+
CUST_02100,Rosaria,Gianinazzi,rosaria.gianinazzi13@gmail.com,Catania,Sicilia,Italy,2022-01-22,Gold,36-50
CUST_02101,Baldassare,Coppola,baldassare.coppola59@icloud.com,Ancona,Marche,Italy,2021-11-06,Bronze,26-35
CUST_02102,Agnolo,Galeati,agnolo.galeati20@hotmail.it,Torino,Piemonte,Italy,2022-04-08,Bronze,18-25
CUST_02103,Katy,Bishop,katy.bishop34@icloud.com,Palermo,Sicilia,Italy,2023-08-08,Bronze,26-35
CUST_02104,Clare,Graham,clare.graham75@libero.it,Napoli,Campania,Italy,2022-08-08,Silver,36-50
CUST_02105,Toni,Sanudo,toni.sanudo30@outlook.com,Genova,Liguria,Italy,2023-11-11,Silver,50+
CUST_02106,Robert,Long,robert.long39@yahoo.it,Napoli,Campania,Italy,2023-08-11,Silver,26-35
CUST_02107,Nico,Bignami,nico.bignami74@email.it,Roma,Lazio,Italy,2018-12-06,Silver,26-35
CUST_02108,Dolores,Soranzo,dolores.soranzo73@libero.it,Napoli,Campania,Italy,2023-02-27,Silver,26-35
CUST_02109,Flora,Sraffa,flora.sraffa94@yahoo.it,Bologna,Emilia-Romagna,Italy,2022-04-17,Gold,36-50
CUST_02110,Alderano,Alboni,alderano.alboni93@icloud.com,Verona,Veneto,Italy,2022-05-23,Silver,50+
CUST_02111,Catherine,Baker,catherine.baker62@hotmail.it,Catania,Sicilia,Italy,2023-11-17,Silver,36-50
CUST_02112,Rachel,Vincent,rachel.vincent63@yahoo.it,Palermo,Sicilia,Italy,2022-10-22,Bronze,36-50
CUST_02113,Vito,Villadicani,vito.villadicani77@outlook.com,Milano,Lombardia,Italy,2024-02-12,Silver,36-50
CUST_02114,Piergiorgio,Ammaniti,piergiorgio.ammaniti5@email.it,Catania,Sicilia,Italy,2023-06-27,Gold,18-25
CUST_02115,Alderano,Trussardi,alderano.trussardi11@gmail.com,Napoli,Campania,Italy,2022-10-31,Bronze,36-50
CUST_02116,Licia,Leoncavallo,licia.leoncavallo99@icloud.com,Trento,Trentino-Alto Adige,Italy,2023-08-24,Silver,36-50
CUST_02117,Adelasia,Ludovisi,adelasia.ludovisi45@email.it,Cagliari,Sardegna,Italy,2019-04-10,Silver,36-50
CUST_02118,Alderano,Tebaldi,alderano.tebaldi54@yahoo.it,Milano,Lombardia,Italy,2019-01-26,Bronze,50+
CUST_02119,Abigail,Edwards,abigail.edwards99@libero.it,Padova,Veneto,Italy,2019-11-16,Silver,36-50
CUST_02120,Louise,Ford,louise.ford96@gmail.com,Milano,Lombardia,Italy,2022-04-19,Bronze,36-50
CUST_02121,Paoletta,Ricci,paoletta.ricci82@email.it,Torino,Piemonte,Italy,2021-02-25,Platinum,50+
CUST_02122,Jonathan,Storey,jonathan.storey7@outlook.com,Bologna,Emilia-Romagna,Italy,2024-06-12,Gold,50+
CUST_02123,Olga,Errani,olga.errani68@gmail.com,Roma,Lazio,Italy,2022-10-14,Bronze,36-50
CUST_02124,Coriolano,Caffarelli,coriolano.caffarelli41@hotmail.it,Bari,Puglia,Italy,2023-04-16,Bronze,18-25
CUST_02125,Venancio,Condoleo,venancio.condoleo42@libero.it,Milano,Lombardia,Italy,2021-06-06,Silver,36-50
CUST_02126,Gioacchino,Ferrabosco,gioacchino.ferrabosco20@gmail.com,Roma,Lazio,Italy,2021-09-07,Bronze,36-50
CUST_02127,Sean,Collins,sean.collins87@email.it,Venezia,Veneto,Italy,2021-10-06,Bronze,18-25
CUST_02128,Donatella,Troisi,donatella.troisi58@yahoo.it,Catania,Sicilia,Italy,2023-06-07,Silver,18-25
CUST_02129,Giosuè,Nolcini,giosuè.nolcini29@email.it,Cagliari,Sardegna,Italy,2022-06-22,Bronze,18-25
CUST_02130,Goffredo,Petrucci,goffredo.petrucci38@email.it,Catania,Sicilia,Italy,2022-09-04,Bronze,36-50
CUST_02131,Bernardo,Palombi,bernardo.palombi19@hotmail.it,Palermo,Sicilia,Italy,2022-12-31,Gold,36-50
CUST_02132,Henry,Johnson,henry.johnson44@yahoo.it,Torino,Piemonte,Italy,2023-09-12,Gold,26-35
CUST_02133,Pellegrino,Sauro,pellegrino.sauro61@gmail.com,Milano,Lombardia,Italy,2019-12-15,Silver,18-25
CUST_02134,Annunziata,Gonzaga,annunziata.gonzaga71@email.it,Milano,Lombardia,Italy,2023-09-23,Gold,36-50
CUST_02135,Ida,Gelli,ida.gelli34@yahoo.it,Bologna,Emilia-Romagna,Italy,2022-11-16,Bronze,26-35
CUST_02136,Leonardo,Bottigliero,leonardo.bottigliero52@email.it,Palermo,Sicilia,Italy,2023-04-25,Bronze,26-35
CUST_02137,Fiamma,Bajardi,fiamma.bajardi90@hotmail.it,Torino,Piemonte,Italy,2021-09-19,Bronze,36-50
CUST_02138,Carmelo,Pisacane,carmelo.pisacane98@hotmail.it,Catania,Sicilia,Italy,2022-02-27,Silver,36-50
CUST_02139,Nino,Paolucci,nino.paolucci62@libero.it,Bologna,Emilia-Romagna,Italy,2021-02-14,Gold,26-35
CUST_02140,Fiona,Parry,fiona.parry63@email.it,Milano,Lombardia,Italy,2024-06-06,Silver,36-50
CUST_02141,Victor,Palmer,victor.palmer84@libero.it,Roma,Lazio,Italy,2022-07-31,Gold,26-35
CUST_02142,Jodie,Hill,jodie.hill72@libero.it,Padova,Veneto,Italy,2024-06-26,Silver,36-50
CUST_02143,Amanda,Silvestri,amanda.silvestri32@yahoo.it,Catania,Sicilia,Italy,2022-07-19,Bronze,26-35
CUST_02144,Arsenio,Aloisio,arsenio.aloisio35@email.it,Trento,Trentino-Alto Adige,Italy,2021-01-17,Bronze,26-35
CUST_02145,Iolanda,Donini,iolanda.donini42@yahoo.it,Milano,Lombardia,Italy,2022-08-18,Bronze,36-50
CUST_02146,Sandra,Lowe,sandra.lowe15@email.it,Reggio Calabria,Calabria,Italy,2019-04-17,Bronze,36-50
CUST_02147,Bruno,Tartaglia,bruno.tartaglia55@icloud.com,Roma,Lazio,Italy,2024-03-07,Silver,26-35
CUST_02148,Rosina,Ritacca,rosina.ritacca45@libero.it,Milano,Lombardia,Italy,2023-11-17,Bronze,18-25
CUST_02149,Fabia,Montanari,fabia.montanari42@icloud.com,Reggio Calabria,Calabria,Italy,2023-07-15,Silver,50+
CUST_02150,Annunziata,Caetani,annunziata.caetani77@gmail.com,Firenze,Toscana,Italy,2023-01-27,Silver,36-50
CUST_02151,Virginia,Tropea,virginia.tropea99@outlook.com,Palermo,Sicilia,Italy,2022-12-12,Bronze,26-35
CUST_02152,Ansaldo,Giacometti,ansaldo.giacometti22@icloud.com,Roma,Lazio,Italy,2024-06-27,Bronze,36-50
CUST_02153,Sharon,Gibson,sharon.gibson79@virgilio.it,Venezia,Veneto,Italy,2021-06-04,Bronze,18-25
CUST_02154,Giacomo,Zito,giacomo.zito80@hotmail.it,Cagliari,Sardegna,Italy,2023-09-27,Bronze,36-50
CUST_02155,Salvi,Lamborghini,salvi.lamborghini57@gmail.com,Firenze,Toscana,Italy,2022-12-15,Gold,18-25
CUST_02156,Antonino,Borrani,antonino.borrani30@libero.it,Palermo,Sicilia,Italy,2024-06-02,Bronze,26-35
CUST_02157,Giulietta,Liverotti,giulietta.liverotti88@icloud.com,Roma,Lazio,Italy,2023-11-29,Silver,18-25
CUST_02158,Vittoria,Vento,vittoria.vento20@yahoo.it,Genova,Liguria,Italy,2024-06-29,Gold,36-50
CUST_02159,Rita,Clark,rita.clark15@gmail.com,Firenze,Toscana,Italy,2022-12-26,Gold,26-35
CUST_02160,Annetta,Balla,annetta.balla32@hotmail.it,Roma,Lazio,Italy,2020-12-08,Gold,26-35
CUST_02161,Abbie,Horton,abbie.horton37@gmail.com,Firenze,Toscana,Italy,2022-08-11,Bronze,18-25
CUST_02162,Ferdinando,Medici,ferdinando.medici44@yahoo.it,Roma,Lazio,Italy,2023-06-25,Bronze,26-35
CUST_02163,Alderano,Fogazzaro,alderano.fogazzaro40@virgilio.it,Trento,Trentino-Alto Adige,Italy,2023-09-20,Bronze,36-50
CUST_02164,Lynn,Atkinson,lynn.atkinson61@gmail.com,Torino,Piemonte,Italy,2018-02-23,Bronze,26-35
CUST_02165,Bianca,Collina,bianca.collina43@libero.it,Roma,Lazio,Italy,2022-08-14,Gold,36-50
CUST_02166,Marcella,Pezzali,marcella.pezzali95@libero.it,Napoli,Campania,Italy,2021-02-24,Silver,26-35
CUST_02167,Beppe,Mannoia,beppe.mannoia27@outlook.com,Firenze,Toscana,Italy,2024-01-29,Bronze,26-35
CUST_02168,Ettore,Zarlino,ettore.zarlino71@virgilio.it,Bari,Puglia,Italy,2020-07-16,Bronze,36-50
CUST_02169,Robin,Sykes,robin.sykes80@hotmail.it,Lecce,Puglia,Italy,2023-04-22,Bronze,50+
CUST_02170,Gioacchino,Zito,gioacchino.zito89@gmail.com,Napoli,Campania,Italy,2021-05-08,Silver,18-25
CUST_02171,Julian,Ali,julian.ali49@gmail.com,Trieste,Friuli-Venezia Giulia,Italy,2021-11-17,Silver,18-25
CUST_02172,Sandra,Matthews,sandra.matthews33@hotmail.it,Bologna,Emilia-Romagna,Italy,2024-04-20,Gold,36-50
CUST_02173,Romana,Pellegrini,romana.pellegrini8@outlook.com,Roma,Lazio,Italy,2021-03-09,Gold,50+
CUST_02174,Neil,Webster,neil.webster26@outlook.com,Palermo,Sicilia,Italy,2020-01-02,Bronze,50+
CUST_02175,Giorgia,Veltroni,giorgia.veltroni7@virgilio.it,Napoli,Campania,Italy,2019-09-17,Bronze,36-50
CUST_02176,Terry,King,terry.king84@gmail.com,Palermo,Sicilia,Italy,2022-08-13,Bronze,36-50
CUST_02177,Marco,Pastine,marco.pastine9@email.it,Trento,Trentino-Alto Adige,Italy,2023-03-16,Bronze,36-50
CUST_02178,Margherita,Cilibrasi,margherita.cilibrasi85@outlook.com,Napoli,Campania,Italy,2021-09-19,Gold,36-50
CUST_02179,Monica,Bossi,monica.bossi85@icloud.com,Trento,Trentino-Alto Adige,Italy,2023-05-26,Silver,36-50
CUST_02180,Temistocle,Muti,temistocle.muti14@gmail.com,Bari,Puglia,Italy,2019-08-09,Silver,50+
CUST_02181,Arnulfo,Cainero,arnulfo.cainero38@email.it,Napoli,Campania,Italy,2024-01-07,Bronze,36-50
CUST_02182,Karen,Watson,karen.watson30@email.it,Venezia,Veneto,Italy,2023-11-15,Bronze,36-50
CUST_02183,Raffaello,Giannetti,raffaello.giannetti66@yahoo.it,Firenze,Toscana,Italy,2024-06-13,Bronze,36-50
CUST_02184,Rosa,Borroni,rosa.borroni41@virgilio.it,Reggio Calabria,Calabria,Italy,2024-04-15,Silver,36-50
CUST_02185,Joyce,Preston,joyce.preston77@yahoo.it,Palermo,Sicilia,Italy,2021-11-17,Silver,36-50
CUST_02186,Massimiliano,Petrucci,massimiliano.petrucci24@libero.it,Milano,Lombardia,Italy,2022-02-08,Bronze,36-50
CUST_02187,Joseph,Green,joseph.green65@virgilio.it,Firenze,Toscana,Italy,2023-08-12,Silver,18-25
CUST_02188,Graham,Green,graham.green72@gmail.com,Genova,Liguria,Italy,2020-05-18,Gold,26-35
CUST_02189,Lewis,Morris,lewis.morris6@libero.it,Milano,Lombardia,Italy,2021-08-22,Bronze,36-50
CUST_02190,Christine,Barker,christine.barker68@outlook.com,Milano,Lombardia,Italy,2020-03-27,Silver,50+
CUST_02191,Matilda,Mogherini,matilda.mogherini43@virgilio.it,Napoli,Campania,Italy,2022-05-20,Bronze,26-35
CUST_02192,Amadeo,Leblanc,amadeo.leblanc51@hotmail.it,Firenze,Toscana,Italy,2022-10-29,Silver,36-50
CUST_02193,Suzanne,Howard,suzanne.howard3@icloud.com,Napoli,Campania,Italy,2020-12-26,Silver,26-35
CUST_02194,Mercedes,Salieri,mercedes.salieri88@icloud.com,Roma,Lazio,Italy,2019-01-22,Platinum,18-25
CUST_02195,Silvestro,Geraci,silvestro.geraci46@outlook.com,Roma,Lazio,Italy,2023-07-06,Bronze,50+
CUST_02196,Michele,Virgilio,michele.virgilio31@outlook.com,Palermo,Sicilia,Italy,2018-12-02,Bronze,50+
CUST_02197,Chelsea,Moore,chelsea.moore8@outlook.com,Bologna,Emilia-Romagna,Italy,2024-05-30,Bronze,18-25
CUST_02198,Nicola,Rienzo,nicola.rienzo50@gmail.com,Roma,Lazio,Italy,2021-01-21,Bronze,36-50
CUST_02199,Flavio,Parmitano,flavio.parmitano72@outlook.com,Firenze,Toscana,Italy,2023-04-18,Silver,26-35
CUST_02200,Calcedonio,Malacarne,calcedonio.malacarne29@hotmail.it,Venezia,Veneto,Italy,2022-04-14,Gold,50+
CUST_02201,Nedda,Gozzi,nedda.gozzi44@email.it,Milano,Lombardia,Italy,2019-08-03,Bronze,26-35
CUST_02202,Laura,Borghese,laura.borghese85@hotmail.it,Roma,Lazio,Italy,2022-06-19,Bronze,26-35
CUST_02203,Bruno,Interminelli,bruno.interminelli12@email.it,Milano,Lombardia,Italy,2022-09-02,Bronze,36-50
CUST_02204,Eraldo,Parmitano,eraldo.parmitano67@libero.it,Verona,Veneto,Italy,2024-01-03,Bronze,50+
CUST_02205,Vanessa,Blake,vanessa.blake54@libero.it,Bari,Puglia,Italy,2023-07-24,Bronze,26-35
CUST_02206,Lara,Cossiga,lara.cossiga74@hotmail.it,Bari,Puglia,Italy,2019-10-30,Bronze,36-50
CUST_02207,Owen,Wong,owen.wong55@outlook.com,Catania,Sicilia,Italy,2020-12-21,Silver,18-25
CUST_02208,Mary,Taylor,mary.taylor78@icloud.com,Palermo,Sicilia,Italy,2021-08-18,Bronze,50+
CUST_02209,Loretta,Pelli,loretta.pelli58@hotmail.it,Napoli,Campania,Italy,2020-03-20,Silver,18-25
CUST_02210,Luciano,Onio,luciano.onio27@hotmail.it,Genova,Liguria,Italy,2022-05-23,Silver,50+
CUST_02211,Coriolano,Buscetta,coriolano.buscetta75@libero.it,Milano,Lombardia,Italy,2024-06-12,Bronze,36-50
CUST_02212,Lee,Morgan,lee.morgan18@outlook.com,Genova,Liguria,Italy,2022-08-30,Silver,26-35
CUST_02213,Adelmo,Mascagni,adelmo.mascagni89@hotmail.it,Verona,Veneto,Italy,2023-08-06,Silver,50+
CUST_02214,Renzo,Omma,renzo.omma56@hotmail.it,Napoli,Campania,Italy,2023-05-15,Silver,50+
CUST_02215,Maria,Jilani,maria.jilani84@hotmail.it,Torino,Piemonte,Italy,2023-12-28,Bronze,36-50
CUST_02216,Claudio,Chiappetta,claudio.chiappetta41@yahoo.it,Firenze,Toscana,Italy,2021-01-06,Bronze,18-25
CUST_02217,Calogero,Faranda,calogero.faranda72@yahoo.it,Genova,Liguria,Italy,2023-08-23,Gold,36-50
CUST_02218,Puccio,Salandra,puccio.salandra24@icloud.com,Palermo,Sicilia,Italy,2024-02-06,Silver,36-50
CUST_02219,Grace,Webster,grace.webster19@gmail.com,Trieste,Friuli-Venezia Giulia,Italy,2020-09-09,Bronze,36-50
CUST_02220,Anita,Vittadello,anita.vittadello98@icloud.com,Torino,Piemonte,Italy,2021-10-29,Bronze,36-50
CUST_02221,Ubaldo,Pizzamano,ubaldo.pizzamano53@email.it,Bari,Puglia,Italy,2024-05-26,Bronze,18-25
CUST_02222,Claudio,Aulenti,claudio.aulenti39@virgilio.it,Bologna,Emilia-Romagna,Italy,2023-09-28,Bronze,36-50
CUST_02223,Stuart,Whitehead,stuart.whitehead96@outlook.com,Trieste,Friuli-Venezia Giulia,Italy,2021-06-15,Silver,36-50
CUST_02224,Camillo,Nitto,camillo.nitto20@libero.it,Bologna,Emilia-Romagna,Italy,2022-11-17,Bronze,18-25
CUST_02225,Phillip,Nash,phillip.nash14@hotmail.it,Bologna,Emilia-Romagna,Italy,2022-02-17,Bronze,36-50
CUST_02226,Angelica,Caboto,angelica.caboto24@gmail.com,Venezia,Veneto,Italy,2022-07-19,Silver,36-50
CUST_02227,Cassandra,Mocenigo,cassandra.mocenigo98@outlook.com,Bari,Puglia,Italy,2021-11-15,Bronze,36-50
CUST_02228,Stefani,Pavanello,stefani.pavanello78@libero.it,Lecce,Puglia,Italy,2021-06-07,Silver,18-25
CUST_02229,Alberico,Maffei,alberico.maffei77@libero.it,Milano,Lombardia,Italy,2023-05-04,Silver,36-50
CUST_02230,Piergiuseppe,Pedrazzini,piergiuseppe.pedrazzini30@gmail.com,Milano,Lombardia,Italy,2023-09-25,Bronze,26-35
CUST_02231,Melania,Brenna,melania.brenna46@yahoo.it,Perugia,Umbria,Italy,2024-01-28,Silver,36-50
CUST_02232,Hayley,Wilson,hayley.wilson89@virgilio.it,Bologna,Emilia-Romagna,Italy,2020-07-23,Silver,36-50
CUST_02233,Liliana,Zacchia,liliana.zacchia18@virgilio.it,Genova,Liguria,Italy,2023-11-23,Bronze,36-50
CUST_02234,Gioachino,Tremonti,gioachino.tremonti92@icloud.com,Napoli,Campania,Italy,2021-04-12,Bronze,18-25
CUST_02235,Fabrizio,Parpinel,fabrizio.parpinel24@email.it,Milano,Lombardia,Italy,2022-04-01,Silver,36-50
CUST_02236,Fabrizio,Cignaroli,fabrizio.cignaroli63@virgilio.it,Bari,Puglia,Italy,2024-03-03,Gold,50+
CUST_02237,Graziano,Manunta,graziano.manunta18@hotmail.it,Bari,Puglia,Italy,2022-05-19,Silver,26-35
CUST_02238,Graziano,Tacchini,graziano.tacchini25@libero.it,Firenze,Toscana,Italy,2020-11-19,Bronze,50+
CUST_02239,Ennio,Bocca,ennio.bocca5@email.it,Firenze,Toscana,Italy,2020-08-06,Silver,36-50
CUST_02240,Fabio,Rizzoli,fabio.rizzoli98@gmail.com,Padova,Veneto,Italy,2022-06-20,Bronze,36-50
CUST_02241,Guido,Pulci,guido.pulci35@email.it,Milano,Lombardia,Italy,2023-09-04,Silver,26-35
CUST_02242,Leonardo,Sorrentino,leonardo.sorrentino29@libero.it,Trieste,Friuli-Venezia Giulia,Italy,2024-06-27,Silver,26-35
CUST_02243,Melissa,Borsiere,melissa.borsiere97@libero.it,Roma,Lazio,Italy,2023-10-07,Silver,50+
CUST_02244,Michelotto,Gremese,michelotto.gremese9@hotmail.it,Venezia,Veneto,Italy,2024-02-01,Gold,26-35
CUST_02245,Raymond,Dodd,raymond.dodd57@virgilio.it,Perugia,Umbria,Italy,2023-08-15,Silver,18-25
CUST_02246,Gioffre,Tamborini,gioffre.tamborini89@icloud.com,Palermo,Sicilia,Italy,2024-02-24,Silver,36-50
CUST_02247,Carolina,Ferrata,carolina.ferrata59@libero.it,Torino,Piemonte,Italy,2019-10-18,Bronze,18-25
CUST_02248,Roman,Canevascini,roman.canevascini55@email.it,Palermo,Sicilia,Italy,2024-04-07,Gold,36-50
CUST_02249,Suzanne,Owen,suzanne.owen6@email.it,Torino,Piemonte,Italy,2022-02-02,Gold,36-50
CUST_02250,Ricky,Allen,ricky.allen93@icloud.com,Firenze,Toscana,Italy,2024-03-28,Bronze,50+
CUST_02251,Durante,Marinetti,durante.marinetti51@gmail.com,Reggio Calabria,Calabria,Italy,2019-10-15,Bronze,36-50
CUST_02252,Anne,Brady,anne.brady67@yahoo.it,Bari,Puglia,Italy,2023-06-30,Bronze,18-25
CUST_02253,Adriano,Petrassi,adriano.petrassi58@virgilio.it,Genova,Liguria,Italy,2023-07-29,Silver,26-35
CUST_02254,Mariano,Parmitano,mariano.parmitano6@libero.it,Torino,Piemonte,Italy,2024-06-27,Silver,36-50
CUST_02255,Brenda,Osborne,brenda.osborne67@email.it,Milano,Lombardia,Italy,2023-09-12,Bronze,26-35
CUST_02256,Carly,Randall,carly.randall95@gmail.com,Milano,Lombardia,Italy,2022-01-07,Gold,50+
CUST_02257,Ninetta,Moneta,ninetta.moneta72@email.it,Bologna,Emilia-Romagna,Italy,2022-11-07,Bronze,36-50
CUST_02258,Ranieri,Monteverdi,ranieri.monteverdi67@gmail.com,Bari,Puglia,Italy,2021-12-07,Silver,18-25
CUST_02259,Puccio,Ciampi,puccio.ciampi25@outlook.com,Bologna,Emilia-Romagna,Italy,2020-11-16,Bronze,50+
CUST_02260,Leonardo,Michelangeli,leonardo.michelangeli57@email.it,Padova,Veneto,Italy,2021-03-28,Bronze,18-25
CUST_02261,Tina,Murray,tina.murray39@outlook.com,Milano,Lombardia,Italy,2021-01-22,Bronze,18-25
CUST_02262,Chiara,Filzi,chiara.filzi60@hotmail.it,Torino,Piemonte,Italy,2022-10-24,Bronze,36-50
CUST_02263,Sante,Mazzocchi,sante.mazzocchi55@outlook.com,Roma,Lazio,Italy,2024-03-08,Silver,50+
CUST_02264,Federigo,Pezzali,federigo.pezzali79@gmail.com,Napoli,Campania,Italy,2024-03-17,Silver,36-50
CUST_02265,Lucio,Maderno,lucio.maderno89@hotmail.it,Milano,Lombardia,Italy,2019-07-09,Bronze,26-35
CUST_02266,Lolita,Stradivari,lolita.stradivari60@virgilio.it,Ancona,Marche,Italy,2019-11-02,Bronze,26-35
CUST_02267,Aria,Golgi,aria.golgi12@yahoo.it,Roma,Lazio,Italy,2021-03-20,Bronze,26-35
CUST_02268,Annette,Phillips,annette.phillips24@hotmail.it,Cagliari,Sardegna,Italy,2021-04-13,Silver,26-35
CUST_02269,Jeremy,Robertson,jeremy.robertson51@email.it,Napoli,Campania,Italy,2020-01-01,Silver,26-35
CUST_02270,Manuel,Paoletti,manuel.paoletti42@virgilio.it,Reggio Calabria,Calabria,Italy,2022-01-18,Bronze,36-50
CUST_02271,Dylan,Woodward,dylan.woodward4@hotmail.it,Bologna,Emilia-Romagna,Italy,2022-12-25,Silver,50+
CUST_02272,Bruce,Bailey,bruce.bailey59@libero.it,Perugia,Umbria,Italy,2022-12-10,Bronze,26-35
CUST_02273,Gareth,Sullivan,gareth.sullivan59@yahoo.it,Milano,Lombardia,Italy,2022-10-16,Gold,26-35
CUST_02274,Hugo,Perozzo,hugo.perozzo33@icloud.com,Bari,Puglia,Italy,2021-10-12,Gold,50+
CUST_02275,Mirco,Carnera,mirco.carnera89@hotmail.it,Cagliari,Sardegna,Italy,2023-06-18,Silver,36-50
CUST_02276,Annetta,Filippini,annetta.filippini92@yahoo.it,Roma,Lazio,Italy,2023-11-28,Gold,50+
CUST_02277,Carla,Verga,carla.verga12@yahoo.it,Milano,Lombardia,Italy,2021-10-28,Gold,26-35
CUST_02278,Filippo,Vidoni,filippo.vidoni91@virgilio.it,Napoli,Campania,Italy,2019-11-25,Gold,18-25
CUST_02279,Alfredo,Scalfaro,alfredo.scalfaro82@icloud.com,Perugia,Umbria,Italy,2021-07-15,Silver,36-50
CUST_02280,Isabella,Foscari,isabella.foscari11@email.it,Bologna,Emilia-Romagna,Italy,2020-05-29,Bronze,36-50
CUST_02281,Joanne,Rees,joanne.rees94@hotmail.it,Bologna,Emilia-Romagna,Italy,2022-06-11,Bronze,36-50
CUST_02282,Raimondo,Maderno,raimondo.maderno49@email.it,Roma,Lazio,Italy,2020-07-25,Bronze,36-50
CUST_02283,Rita,Bompiani,rita.bompiani6@hotmail.it,Milano,Lombardia,Italy,2022-06-03,Silver,26-35
CUST_02284,Ashleigh,Page,ashleigh.page43@hotmail.it,Verona,Veneto,Italy,2021-01-20,Bronze,36-50
CUST_02285,George,Morris,george.morris21@hotmail.it,Milano,Lombardia,Italy,2023-08-02,Bronze,36-50
CUST_02286,Robin,Patel,robin.patel23@gmail.com,Genova,Liguria,Italy,2019-01-29,Bronze,26-35
CUST_02287,Sandra,Cook,sandra.cook54@outlook.com,Cagliari,Sardegna,Italy,2022-11-03,Bronze,36-50
CUST_02288,Pierina,Pizziol,pierina.pizziol40@virgilio.it,Roma,Lazio,Italy,2020-09-03,Silver,36-50
CUST_02289,Lauren,Webster,lauren.webster37@hotmail.it,Palermo,Sicilia,Italy,2018-03-16,Gold,26-35
CUST_02290,Giada,Tarchetti,giada.tarchetti16@hotmail.it,Milano,Lombardia,Italy,2024-01-22,Silver,26-35
CUST_02291,Elladio,Marcacci,elladio.marcacci26@gmail.com,Venezia,Veneto,Italy,2023-04-29,Silver,26-35
CUST_02292,Gioacchino,Grimani,gioacchino.grimani80@outlook.com,Roma,Lazio,Italy,2020-01-17,Silver,18-25
CUST_02293,Flora,Cossiga,flora.cossiga2@virgilio.it,Catania,Sicilia,Italy,2023-04-18,Bronze,36-50
CUST_02294,Lauretta,Ramazzotti,lauretta.ramazzotti64@virgilio.it,Firenze,Toscana,Italy,2023-01-30,Bronze,50+
CUST_02295,Monica,Paolucci,monica.paolucci70@gmail.com,Napoli,Campania,Italy,2022-06-21,Gold,26-35
CUST_02296,Victor,O'Donnell,victor.odonnell78@virgilio.it,Venezia,Veneto,Italy,2022-03-17,Bronze,18-25
CUST_02297,Benito,Salandra,benito.salandra31@libero.it,Roma,Lazio,Italy,2024-02-13,Bronze,50+
CUST_02298,Caterina,Soffici,caterina.soffici76@virgilio.it,Bari,Puglia,Italy,2021-03-20,Silver,26-35
CUST_02299,Kirsty,Anderson,kirsty.anderson59@email.it,Firenze,Toscana,Italy,2022-02-06,Bronze,18-25
CUST_02300,Berenice,Piccio,berenice.piccio57@yahoo.it,Palermo,Sicilia,Italy,2021-09-23,Bronze,26-35
CUST_02301,Vittorio,Toldo,vittorio.toldo77@gmail.com,Roma,Lazio,Italy,2023-09-15,Bronze,36-50
CUST_02302,Susanna,Prodi,susanna.prodi32@outlook.com,Palermo,Sicilia,Italy,2024-03-21,Bronze,26-35
CUST_02303,Alessia,Barese,alessia.barese80@libero.it,Milano,Lombardia,Italy,2023-12-28,Bronze,36-50
CUST_02304,Monica,Olivetti,monica.olivetti7@hotmail.it,Napoli,Campania,Italy,2023-10-21,Bronze,26-35
CUST_02305,Lee,Bryan,lee.bryan19@gmail.com,Roma,Lazio,Italy,2024-06-15,Silver,18-25
CUST_02306,Iolanda,Valier,iolanda.valier84@icloud.com,Bari,Puglia,Italy,2023-06-05,Gold,26-35
CUST_02307,Carolina,Bresciani,carolina.bresciani5@hotmail.it,Roma,Lazio,Italy,2023-08-19,Bronze,36-50
CUST_02308,Marian,Parker,marian.parker5@outlook.com,Trieste,Friuli-Venezia Giulia,Italy,2024-06-10,Gold,36-50
CUST_02309,Jonathan,Dixon,jonathan.dixon43@yahoo.it,Trento,Trentino-Alto Adige,Italy,2018-07-17,Bronze,18-25
CUST_02310,Corrado,Grassi,corrado.grassi7@yahoo.it,Roma,Lazio,Italy,2023-03-05,Bronze,26-35
CUST_02311,Flavia,Norbiato,flavia.norbiato54@hotmail.it,Genova,Liguria,Italy,2023-08-02,Bronze,36-50
CUST_02312,Fabio,Battisti,fabio.battisti21@outlook.com,Milano,Lombardia,Italy,2024-03-23,Silver,50+
CUST_02313,Annetta,Piazzi,annetta.piazzi79@hotmail.it,Torino,Piemonte,Italy,2024-02-09,Bronze,26-35
CUST_02314,Marcella,Montanariello,marcella.montanariello59@icloud.com,Catania,Sicilia,Italy,2023-12-18,Silver,36-50
CUST_02315,Natalia,Ricci,natalia.ricci5@yahoo.it,Palermo,Sicilia,Italy,2024-04-26,Silver,26-35
CUST_02316,Irene,Douglas,irene.douglas99@outlook.com,Genova,Liguria,Italy,2022-10-06,Silver,26-35
CUST_02317,Coriolano,Altera,coriolano.altera42@icloud.com,Firenze,Toscana,Italy,2018-07-16,Silver,18-25
CUST_02318,Cirillo,Guicciardini,cirillo.guicciardini49@yahoo.it,Torino,Piemonte,Italy,2018-09-07,Gold,36-50
CUST_02319,Gianfrancesco,Tonisto,gianfrancesco.tonisto98@email.it,Milano,Lombardia,Italy,2022-10-18,Bronze,26-35
CUST_02320,Ludovica,Travaglio,ludovica.travaglio71@yahoo.it,Catania,Sicilia,Italy,2022-04-15,Bronze,50+
CUST_02321,Anita,Galvani,anita.galvani38@virgilio.it,Napoli,Campania,Italy,2022-05-13,Silver,36-50
CUST_02322,Riccardo,Palumbo,riccardo.palumbo18@yahoo.it,Catania,Sicilia,Italy,2022-02-10,Silver,50+
CUST_02323,Lynda,Williams,lynda.williams89@outlook.com,Roma,Lazio,Italy,2024-03-23,Bronze,26-35
CUST_02324,Ottone,Scaramucci,ottone.scaramucci43@email.it,Firenze,Toscana,Italy,2021-11-22,Bronze,26-35
CUST_02325,Martina,Tartini,martina.tartini68@libero.it,Firenze,Toscana,Italy,2024-01-05,Bronze,50+
CUST_02326,Enzo,Murri,enzo.murri90@libero.it,Milano,Lombardia,Italy,2024-03-04,Bronze,36-50
CUST_02327,Alfio,Soprano,alfio.soprano79@gmail.com,Torino,Piemonte,Italy,2022-08-04,Bronze,50+
CUST_02328,Coluccio,Malaparte,coluccio.malaparte14@yahoo.it,Verona,Veneto,Italy,2022-05-06,Gold,18-25
CUST_02329,Pierluigi,Briccialdi,pierluigi.briccialdi62@outlook.com,Trento,Trentino-Alto Adige,Italy,2023-09-02,Silver,26-35
CUST_02330,Daniele,Civaschi,daniele.civaschi55@icloud.com,Bologna,Emilia-Romagna,Italy,2023-06-20,Bronze,36-50
CUST_02331,Maurilio,Mazzacurati,maurilio.mazzacurati34@icloud.com,Napoli,Campania,Italy,2021-09-21,Silver,18-25
CUST_02332,Abdul,Stevens,abdul.stevens17@virgilio.it,Milano,Lombardia,Italy,2020-01-30,Gold,36-50
CUST_02333,Sally,Clark,sally.clark67@virgilio.it,Trieste,Friuli-Venezia Giulia,Italy,2021-05-05,Bronze,26-35
CUST_02334,Sharon,Griffiths,sharon.griffiths64@hotmail.it,Milano,Lombardia,Italy,2020-05-08,Bronze,18-25
CUST_02335,Josephine,Davies,josephine.davies79@libero.it,Ancona,Marche,Italy,2021-07-12,Silver,26-35
CUST_02336,Massimo,Santoro,massimo.santoro91@outlook.com,Napoli,Campania,Italy,2021-04-28,Silver,26-35
CUST_02337,Holly,Hill,holly.hill25@gmail.com,Torino,Piemonte,Italy,2023-03-10,Bronze,18-25
CUST_02338,Mercedes,Foconi,mercedes.foconi16@gmail.com,Perugia,Umbria,Italy,2024-05-07,Platinum,36-50
CUST_02339,Mohammad,Thomas,mohammad.thomas60@yahoo.it,Milano,Lombardia,Italy,2023-05-19,Bronze,26-35
CUST_02340,Hannah,Robinson,hannah.robinson95@libero.it,Venezia,Veneto,Italy,2024-04-03,Bronze,26-35
CUST_02341,William,Bailey,william.bailey79@email.it,Bologna,Emilia-Romagna,Italy,2023-10-03,Bronze,50+
CUST_02342,Josh,Harding,josh.harding53@gmail.com,Roma,Lazio,Italy,2023-07-18,Bronze,36-50
CUST_02343,Umberto,Soranzo,umberto.soranzo43@icloud.com,Napoli,Campania,Italy,2022-03-07,Silver,26-35
CUST_02344,Maurilio,Simeoni,maurilio.simeoni72@libero.it,Palermo,Sicilia,Italy,2021-09-14,Platinum,36-50
CUST_02345,Cipriano,Roncalli,cipriano.roncalli2@libero.it,Catania,Sicilia,Italy,2023-12-23,Bronze,50+
CUST_02346,Licia,Samele,licia.samele89@outlook.com,Milano,Lombardia,Italy,2024-03-07,Platinum,18-25
CUST_02347,Lucio,Boitani,lucio.boitani33@yahoo.it,Perugia,Umbria,Italy,2022-05-15,Gold,26-35
CUST_02348,Leonardo,Bazzi,leonardo.bazzi40@outlook.com,Roma,Lazio,Italy,2018-08-14,Bronze,36-50
CUST_02349,Ashley,Miller,ashley.miller65@icloud.com,Roma,Lazio,Italy,2023-10-14,Silver,26-35
CUST_02350,Paloma,Carosone,paloma.carosone99@gmail.com,Roma,Lazio,Italy,2021-06-20,Bronze,36-50
CUST_02351,Gregory,Mills,gregory.mills15@icloud.com,Milano,Lombardia,Italy,2018-08-24,Silver,50+
CUST_02352,Thomas,Stephenson,thomas.stephenson44@email.it,Milano,Lombardia,Italy,2023-10-31,Bronze,50+
CUST_02353,Sharon,Jarvis,sharon.jarvis93@gmail.com,Reggio Calabria,Calabria,Italy,2022-09-03,Silver,26-35
CUST_02354,Jessica,Kent,jessica.kent23@libero.it,Firenze,Toscana,Italy,2023-05-19,Bronze,26-35
CUST_02355,Alessio,Mozart,alessio.mozart43@icloud.com,Milano,Lombardia,Italy,2024-03-19,Gold,50+
CUST_02356,Bernard,Knight,bernard.knight87@virgilio.it,Milano,Lombardia,Italy,2022-10-12,Gold,36-50
CUST_02357,Aimee,Forster,aimee.forster61@gmail.com,Catania,Sicilia,Italy,2022-08-11,Bronze,26-35
CUST_02358,Fabrizia,Cantimori,fabrizia.cantimori83@hotmail.it,Trieste,Friuli-Venezia Giulia,Italy,2021-07-03,Bronze,36-50
CUST_02359,Giorgia,Dallara,giorgia.dallara62@hotmail.it,Roma,Lazio,Italy,2021-08-03,Bronze,26-35
CUST_02360,Steven,Frost,steven.frost81@virgilio.it,Milano,Lombardia,Italy,2023-10-19,Silver,26-35
CUST_02361,Lucia,Gori,lucia.gori69@icloud.com,Roma,Lazio,Italy,2022-05-09,Bronze,50+
CUST_02362,Ugo,Druso,ugo.druso60@email.it,Milano,Lombardia,Italy,2020-08-17,Silver,26-35
CUST_02363,Amanda,Curatoli,amanda.curatoli96@gmail.com,Milano,Lombardia,Italy,2019-12-31,Bronze,18-25
CUST_02364,Marco,Zacco,marco.zacco67@outlook.com,Napoli,Campania,Italy,2022-06-20,Bronze,26-35
CUST_02365,Pompeo,Scamarcio,pompeo.scamarcio73@icloud.com,Roma,Lazio,Italy,2022-06-06,Bronze,36-50
CUST_02366,Luke,Williams,luke.williams72@gmail.com,Bologna,Emilia-Romagna,Italy,2023-04-03,Bronze,18-25
CUST_02367,Gianni,Pirelli,gianni.pirelli27@icloud.com,Roma,Lazio,Italy,2022-06-17,Silver,36-50
CUST_02368,Elisa,Fallaci,elisa.fallaci46@yahoo.it,Perugia,Umbria,Italy,2020-06-17,Platinum,36-50
CUST_02369,Flavio,Righi,flavio.righi20@outlook.com,Cagliari,Sardegna,Italy,2022-08-18,Bronze,50+
CUST_02370,Paolo,Badoer,paolo.badoer4@icloud.com,Bologna,Emilia-Romagna,Italy,2024-03-09,Silver,26-35
CUST_02371,Kelly,Woodward,kelly.woodward49@hotmail.it,Torino,Piemonte,Italy,2020-08-05,Bronze,50+
CUST_02372,Loredana,Fibonacci,loredana.fibonacci74@email.it,Torino,Piemonte,Italy,2023-05-25,Silver,26-35
CUST_02373,Roberto,Riccardi,roberto.riccardi24@yahoo.it,Torino,Piemonte,Italy,2023-01-03,Bronze,36-50
CUST_02374,Ottavio,Agostinelli,ottavio.agostinelli97@outlook.com,Catania,Sicilia,Italy,2023-08-16,Silver,26-35
CUST_02375,Irma,Gabbana,irma.gabbana91@icloud.com,Napoli,Campania,Italy,2020-07-09,Gold,18-25
CUST_02376,Terry,Allen,terry.allen91@gmail.com,Trieste,Friuli-Venezia Giulia,Italy,2024-04-21,Bronze,36-50
CUST_02377,Marion,Ahmed,marion.ahmed35@email.it,Ancona,Marche,Italy,2023-02-13,Silver,26-35
CUST_02378,Geronimo,Ligorio,geronimo.ligorio12@virgilio.it,Firenze,Toscana,Italy,2023-12-24,Bronze,26-35
CUST_02379,Marcella,Boaga,marcella.boaga31@icloud.com,Bologna,Emilia-Romagna,Italy,2021-03-24,Bronze,26-35
CUST_02380,Aurora,Camanni,aurora.camanni58@outlook.com,Milano,Lombardia,Italy,2023-08-03,Bronze,36-50
CUST_02381,Nicoletta,Valier,nicoletta.valier28@outlook.com,Roma,Lazio,Italy,2023-09-29,Bronze,26-35
CUST_02382,Flavio,Ostinelli,flavio.ostinelli23@yahoo.it,Torino,Piemonte,Italy,2022-02-04,Bronze,26-35
CUST_02383,Manuel,Ferrucci,manuel.ferrucci48@gmail.com,Roma,Lazio,Italy,2022-01-10,Bronze,18-25
CUST_02384,Roman,Carnera,roman.carnera26@yahoo.it,Trieste,Friuli-Venezia Giulia,Italy,2023-04-09,Bronze,36-50
CUST_02385,Giuseppe,Stein,giuseppe.stein57@gmail.com,Roma,Lazio,Italy,2019-12-26,Bronze,26-35
CUST_02386,Ruth,Fletcher,ruth.fletcher62@hotmail.it,Napoli,Campania,Italy,2023-07-29,Silver,26-35
CUST_02387,Geoffrey,Gibbons,geoffrey.gibbons25@icloud.com,Venezia,Veneto,Italy,2019-05-07,Gold,18-25
CUST_02388,Vincenzo,Mazzi,vincenzo.mazzi62@outlook.com,Palermo,Sicilia,Italy,2020-11-01,Bronze,26-35
CUST_02389,Victor,Thompson,victor.thompson42@hotmail.it,Torino,Piemonte,Italy,2023-04-18,Bronze,36-50
CUST_02390,Cassandra,Pedroni,cassandra.pedroni99@yahoo.it,Trieste,Friuli-Venezia Giulia,Italy,2020-01-14,Bronze,36-50
CUST_02391,Cristina,Perini,cristina.perini67@hotmail.it,Bologna,Emilia-Romagna,Italy,2024-05-28,Gold,50+
CUST_02392,Marian,Nicholls,marian.nicholls27@gmail.com,Napoli,Campania,Italy,2024-01-21,Silver,18-25
CUST_02393,Hollie,Bell,hollie.bell59@email.it,Milano,Lombardia,Italy,2023-02-21,Bronze,50+
CUST_02394,Craig,Williams,craig.williams92@yahoo.it,Napoli,Campania,Italy,2023-11-18,Bronze,26-35
CUST_02395,Bianca,Carnera,bianca.carnera1@outlook.com,Padova,Veneto,Italy,2024-02-14,Bronze,50+
CUST_02396,Maurilio,Nievo,maurilio.nievo6@yahoo.it,Genova,Liguria,Italy,2021-04-23,Bronze,26-35
CUST_02397,Kenneth,Smith,kenneth.smith43@virgilio.it,Padova,Veneto,Italy,2023-12-28,Gold,36-50
CUST_02398,Rosina,Satriani,rosina.satriani6@yahoo.it,Napoli,Campania,Italy,2020-11-13,Gold,26-35
CUST_02399,Dolores,Dossetti,dolores.dossetti67@outlook.com,Milano,Lombardia,Italy,2022-03-06,Bronze,26-35
CUST_02400,Paoletta,Malpighi,paoletta.malpighi3@outlook.com,Milano,Lombardia,Italy,2022-11-08,Silver,50+
CUST_02401,Diana,Brenna,diana.brenna82@libero.it,Firenze,Toscana,Italy,2023-06-28,Bronze,36-50
CUST_02402,Giada,Chigi,giada.chigi42@libero.it,Palermo,Sicilia,Italy,2019-02-16,Bronze,50+
CUST_02403,Luca,Casagrande,luca.casagrande25@outlook.com,Verona,Veneto,Italy,2021-07-02,Gold,36-50
CUST_02404,Joan,Matthews,joan.matthews36@icloud.com,Firenze,Toscana,Italy,2023-01-26,Silver,36-50
CUST_02405,Gino,Marino,gino.marino99@virgilio.it,Napoli,Campania,Italy,2021-11-19,Bronze,18-25
CUST_02406,Daniele,Fagotto,daniele.fagotto86@yahoo.it,Napoli,Campania,Italy,2023-09-21,Bronze,50+
CUST_02407,Nico,Cipolla,nico.cipolla35@hotmail.it,Torino,Piemonte,Italy,2023-03-31,Gold,36-50
CUST_02408,Tullio,Pedroni,tullio.pedroni21@outlook.com,Roma,Lazio,Italy,2021-02-22,Silver,36-50
CUST_02409,Piero,Cicala,piero.cicala15@gmail.com,Roma,Lazio,Italy,2020-06-25,Bronze,26-35
CUST_02410,Aria,Passalacqua,aria.passalacqua80@yahoo.it,Roma,Lazio,Italy,2023-02-25,Bronze,36-50
CUST_02411,Jason,Byrne,jason.byrne27@icloud.com,Milano,Lombardia,Italy,2022-05-12,Bronze,50+
CUST_02412,Piersanti,Fantoni,piersanti.fantoni71@icloud.com,Roma,Lazio,Italy,2020-09-02,Platinum,26-35
CUST_02413,Dylan,Morris,dylan.morris35@hotmail.it,Milano,Lombardia,Italy,2021-09-17,Silver,26-35
CUST_02414,Sergius,Valmarana,sergius.valmarana91@outlook.com,Genova,Liguria,Italy,2021-07-30,Bronze,26-35
CUST_02415,Griselda,Dossi,griselda.dossi74@libero.it,Firenze,Toscana,Italy,2020-02-19,Silver,36-50
CUST_02416,Angelina,Depero,angelina.depero22@yahoo.it,Lecce,Puglia,Italy,2022-10-21,Silver,18-25
CUST_02417,Severino,Lussu,severino.lussu40@icloud.com,Roma,Lazio,Italy,2023-09-05,Bronze,18-25
CUST_02418,Ross,Ross,ross.ross70@virgilio.it,Torino,Piemonte,Italy,2022-12-06,Bronze,26-35
CUST_02419,Elladio,Faranda,elladio.faranda7@hotmail.it,Torino,Piemonte,Italy,2023-11-28,Silver,36-50
CUST_02420,Luchino,Salvemini,luchino.salvemini4@virgilio.it,Milano,Lombardia,Italy,2020-04-27,Silver,26-35
CUST_02421,Leslie,Wallis,leslie.wallis87@gmail.com,Padova,Veneto,Italy,2022-04-16,Silver,18-25
CUST_02422,Ashleigh,Clark,ashleigh.clark14@email.it,Milano,Lombardia,Italy,2023-01-27,Gold,50+
CUST_02423,Denise,O'Connor,denise.oconnor7@yahoo.it,Perugia,Umbria,Italy,2023-05-05,Bronze,50+
CUST_02424,Donatella,Bernetti,donatella.bernetti55@email.it,Trento,Trentino-Alto Adige,Italy,2023-06-03,Bronze,26-35
CUST_02425,Damien,Parsons,damien.parsons23@virgilio.it,Bologna,Emilia-Romagna,Italy,2023-07-19,Platinum,36-50
CUST_02426,Stefania,Oliboni,stefania.oliboni79@icloud.com,Bologna,Emilia-Romagna,Italy,2023-03-31,Bronze,36-50
CUST_02427,Agnolo,Spadafora,agnolo.spadafora40@icloud.com,Palermo,Sicilia,Italy,2019-12-30,Silver,26-35
CUST_02428,Durante,Ferraris,durante.ferraris26@yahoo.it,Torino,Piemonte,Italy,2023-06-02,Silver,26-35
CUST_02429,Patrizia,Pastine,patrizia.pastine97@virgilio.it,Genova,Liguria,Italy,2023-07-14,Silver,36-50
CUST_02430,Annamaria,Togliatti,annamaria.togliatti73@hotmail.it,Milano,Lombardia,Italy,2024-06-23,Bronze,26-35
CUST_02431,Fiamma,Taliani,fiamma.taliani12@virgilio.it,Milano,Lombardia,Italy,2023-05-30,Silver,26-35
CUST_02432,Leah,Sharp,leah.sharp13@virgilio.it,Napoli,Campania,Italy,2023-05-21,Gold,50+
CUST_02433,Pierangelo,Stucchi,pierangelo.stucchi40@virgilio.it,Bologna,Emilia-Romagna,Italy,2022-08-30,Silver,36-50
CUST_02434,Pierluigi,Ruggeri,pierluigi.ruggeri61@libero.it,Trento,Trentino-Alto Adige,Italy,2024-01-20,Bronze,36-50
CUST_02435,Severino,Desio,severino.desio29@hotmail.it,Milano,Lombardia,Italy,2024-06-27,Bronze,26-35
CUST_02436,Damian,Webb,damian.webb79@outlook.com,Padova,Veneto,Italy,2023-09-26,Bronze,36-50
CUST_02437,Bruno,Zetticci,bruno.zetticci47@email.it,Roma,Lazio,Italy,2023-02-01,Bronze,26-35
CUST_02438,Amadeo,Galuppi,amadeo.galuppi24@icloud.com,Torino,Piemonte,Italy,2019-10-29,Bronze,36-50
CUST_02439,Douglas,Chapman,douglas.chapman42@virgilio.it,Firenze,Toscana,Italy,2023-07-16,Platinum,36-50
CUST_02440,Mandy,Gould,mandy.gould63@gmail.com,Torino,Piemonte,Italy,2023-06-21,Silver,36-50
CUST_02441,Lamberto,Balbo,lamberto.balbo9@virgilio.it,Roma,Lazio,Italy,2023-09-21,Silver,26-35
CUST_02442,Guglielmo,Gasperi,guglielmo.gasperi15@icloud.com,Napoli,Campania,Italy,2020-04-17,Silver,36-50
CUST_02443,Abbie,Tucker,abbie.tucker62@virgilio.it,Verona,Veneto,Italy,2023-04-03,Bronze,50+
CUST_02444,Adele,Lussu,adele.lussu22@outlook.com,Napoli,Campania,Italy,2021-07-14,Platinum,36-50
CUST_02445,Fabrizio,Saragat,fabrizio.saragat99@icloud.com,Napoli,Campania,Italy,2023-09-01,Bronze,18-25
CUST_02446,Teresa,Hughes,teresa.hughes78@hotmail.it,Padova,Veneto,Italy,2021-03-09,Bronze,36-50
CUST_02447,Annunziata,Taliercio,annunziata.taliercio66@yahoo.it,Catania,Sicilia,Italy,2023-05-17,Bronze,18-25
CUST_02448,Amalia,Torlonia,amalia.torlonia52@yahoo.it,Napoli,Campania,Italy,2021-07-12,Gold,50+
CUST_02449,Costanzo,Carnera,costanzo.carnera42@yahoo.it,Roma,Lazio,Italy,2018-08-13,Gold,36-50
CUST_02450,Graziano,Vento,graziano.vento39@virgilio.it,Trento,Trentino-Alto Adige,Italy,2023-03-04,Bronze,26-35
CUST_02451,Priscilla,Ovadia,priscilla.ovadia52@email.it,Venezia,Veneto,Italy,2020-03-09,Gold,18-25
CUST_02452,Lynne,Carter,lynne.carter31@libero.it,Roma,Lazio,Italy,2023-04-11,Bronze,26-35
CUST_02453,Alessandra,Bassi,alessandra.bassi71@hotmail.it,Roma,Lazio,Italy,2024-04-02,Bronze,50+
CUST_02454,Maria,Rossi,maria.rossi62@email.it,Verona,Veneto,Italy,2024-05-25,Gold,18-25
CUST_02455,Alina,Galeati,alina.galeati9@icloud.com,Milano,Lombardia,Italy,2021-02-26,Gold,36-50
CUST_02456,Pietro,Camicione,pietro.camicione27@email.it,Reggio Calabria,Calabria,Italy,2023-11-05,Silver,50+
CUST_02457,Lucy,Davies,lucy.davies56@icloud.com,Milano,Lombardia,Italy,2021-11-11,Silver,26-35
CUST_02458,Lolita,Gramsci,lolita.gramsci70@libero.it,Verona,Veneto,Italy,2024-03-01,Gold,26-35
CUST_02459,Lazzaro,Balbo,lazzaro.balbo23@yahoo.it,Torino,Piemonte,Italy,2023-10-07,Silver,36-50
CUST_02460,Roberto,Iadanza,roberto.iadanza95@virgilio.it,Napoli,Campania,Italy,2019-10-07,Gold,36-50
CUST_02461,Maurilio,Broschi,maurilio.broschi15@virgilio.it,Trieste,Friuli-Venezia Giulia,Italy,2022-02-22,Silver,26-35
CUST_02462,Raimondo,Casadei,raimondo.casadei42@yahoo.it,Torino,Piemonte,Italy,2021-10-10,Platinum,18-25
CUST_02463,Anna,Graham,anna.graham57@hotmail.it,Bologna,Emilia-Romagna,Italy,2023-10-04,Platinum,36-50
CUST_02464,Sara,Stanley,sara.stanley40@email.it,Milano,Lombardia,Italy,2022-02-28,Bronze,50+
CUST_02465,Maura,Ginesio,maura.ginesio9@yahoo.it,Milano,Lombardia,Italy,2023-05-18,Gold,18-25
CUST_02466,Giacobbe,Nicolini,giacobbe.nicolini88@email.it,Roma,Lazio,Italy,2023-01-16,Bronze,26-35
CUST_02467,Teresa,Saunders,teresa.saunders42@virgilio.it,Palermo,Sicilia,Italy,2024-06-01,Bronze,26-35
CUST_02468,Chloe,Townsend,chloe.townsend83@gmail.com,Milano,Lombardia,Italy,2024-04-16,Silver,50+
CUST_02469,Sonia,Rensi,sonia.rensi12@libero.it,Milano,Lombardia,Italy,2022-04-01,Bronze,26-35
CUST_02470,Ezio,Cilea,ezio.cilea18@gmail.com,Torino,Piemonte,Italy,2023-07-12,Silver,50+
CUST_02471,Mercedes,Foconi,mercedes.foconi97@hotmail.it,Genova,Liguria,Italy,2023-12-02,Gold,18-25
CUST_02472,Angela,Mistry,angela.mistry85@hotmail.it,Catania,Sicilia,Italy,2024-02-28,Bronze,50+
CUST_02473,Henry,Wright,henry.wright58@outlook.com,Roma,Lazio,Italy,2019-09-12,Bronze,36-50
CUST_02474,Paoletta,Foconi,paoletta.foconi50@virgilio.it,Milano,Lombardia,Italy,2021-07-28,Gold,36-50
CUST_02475,Olga,Bianchi,olga.bianchi26@libero.it,Perugia,Umbria,Italy,2021-09-04,Bronze,26-35
CUST_02476,Jay,O'Sullivan,jay.osullivan88@icloud.com,Roma,Lazio,Italy,2022-04-13,Bronze,36-50
CUST_02477,Dylan,Hall,dylan.hall39@outlook.com,Padova,Veneto,Italy,2020-09-03,Bronze,26-35
CUST_02478,Ian,George,ian.george56@icloud.com,Trieste,Friuli-Venezia Giulia,Italy,2022-07-30,Silver,18-25
CUST_02479,Mitchell,Hamilton,mitchell.hamilton12@gmail.com,Bari,Puglia,Italy,2023-04-17,Silver,26-35
CUST_02480,Antonia,Nicolini,antonia.nicolini79@email.it,Roma,Lazio,Italy,2022-08-01,Gold,50+
CUST_02481,Vito,Lollobrigida,vito.lollobrigida17@outlook.com,Padova,Veneto,Italy,2023-04-21,Bronze,36-50
CUST_02482,Cassandra,Vasari,cassandra.vasari8@icloud.com,Bari,Puglia,Italy,2019-09-04,Gold,36-50
CUST_02483,Fabrizio,Missoni,fabrizio.missoni71@gmail.com,Venezia,Veneto,Italy,2024-01-30,Silver,36-50
CUST_02484,Irma,Maglio,irma.maglio1@icloud.com,Firenze,Toscana,Italy,2024-04-18,Bronze,18-25
CUST_02485,George,Richards,george.richards15@outlook.com,Roma,Lazio,Italy,2023-02-09,Silver,50+
CUST_02486,Jacopo,Interminei,jacopo.interminei4@libero.it,Milano,Lombardia,Italy,2024-02-06,Silver,36-50
CUST_02487,Kathleen,Cooper,kathleen.cooper56@email.it,Napoli,Campania,Italy,2020-05-10,Silver,36-50
CUST_02488,Sole,Toso,sole.toso81@icloud.com,Venezia,Veneto,Italy,2023-10-21,Bronze,36-50
CUST_02489,Kimberley,Naylor,kimberley.naylor92@email.it,Torino,Piemonte,Italy,2020-03-29,Bronze,50+
CUST_02490,Vittoria,Caetani,vittoria.caetani52@email.it,Napoli,Campania,Italy,2022-02-24,Bronze,50+
CUST_02491,Durante,Polesel,durante.polesel56@libero.it,Torino,Piemonte,Italy,2021-09-12,Bronze,36-50
CUST_02492,Atenulf,Lerner,atenulf.lerner85@hotmail.it,Genova,Liguria,Italy,2022-12-21,Silver,26-35
CUST_02493,Stefania,Celentano,stefania.celentano61@hotmail.it,Trento,Trentino-Alto Adige,Italy,2021-07-26,Bronze,36-50
CUST_02494,Luke,Power,luke.power25@email.it,Roma,Lazio,Italy,2023-03-10,Silver,36-50
CUST_02495,Alexandra,Riley,alexandra.riley47@email.it,Torino,Piemonte,Italy,2021-12-09,Bronze,26-35
CUST_02496,Iolanda,Chiappetta,iolanda.chiappetta20@outlook.com,Roma,Lazio,Italy,2024-01-11,Bronze,26-35
CUST_02497,Gionata,Comboni,gionata.comboni86@hotmail.it,Genova,Liguria,Italy,2023-03-05,Silver,26-35
CUST_02498,Lara,Milanesi,lara.milanesi18@gmail.com,Catania,Sicilia,Italy,2021-01-05,Bronze,36-50
CUST_02499,Renata,Gramsci,renata.gramsci10@gmail.com,Perugia,Umbria,Italy,2021-10-07,Gold,26-35
CUST_02500,Danny,Butler,danny.butler19@virgilio.it,Firenze,Toscana,Italy,2023-12-25,Bronze,26-35
CUST_02501,Donna,Hayes,donna.hayes85@email.it,Ancona,Marche,Italy,2022-01-15,Bronze,36-50
CUST_02502,Maria,Perozzo,maria.perozzo18@yahoo.it,Milano,Lombardia,Italy,2022-10-03,Gold,36-50
CUST_02503,Benjamin,Price,benjamin.price18@email.it,Venezia,Veneto,Italy,2023-03-27,Silver,18-25
CUST_02504,Severino,Coardi,severino.coardi59@email.it,Milano,Lombardia,Italy,2021-10-31,Bronze,26-35
CUST_02505,Glenn,Robinson,glenn.robinson80@hotmail.it,Trento,Trentino-Alto Adige,Italy,2021-07-10,Bronze,50+
CUST_02506,Aurora,Ioppi,aurora.ioppi59@email.it,Bologna,Emilia-Romagna,Italy,2022-06-24,Silver,36-50
CUST_02507,Graham,Pollard,graham.pollard71@virgilio.it,Palermo,Sicilia,Italy,2021-01-04,Platinum,26-35
CUST_02508,Kyle,Thomas,kyle.thomas50@icloud.com,Padova,Veneto,Italy,2021-06-18,Gold,50+
CUST_02509,Eliana,Porzio,eliana.porzio29@hotmail.it,Roma,Lazio,Italy,2019-08-14,Bronze,18-25
CUST_02510,Lindsey,Williams,lindsey.williams55@gmail.com,Milano,Lombardia,Italy,2021-08-01,Platinum,50+
CUST_02511,Nicola,Salvo,nicola.salvo74@virgilio.it,Trieste,Friuli-Venezia Giulia,Italy,2021-09-05,Bronze,26-35
CUST_02512,Benvenuto,Caboto,benvenuto.caboto94@libero.it,Firenze,Toscana,Italy,2024-05-16,Bronze,18-25
CUST_02513,Patrizio,Totino,patrizio.totino92@outlook.com,Milano,Lombardia,Italy,2022-12-28,Gold,26-35
CUST_02514,Jennifer,Barry,jennifer.barry53@icloud.com,Napoli,Campania,Italy,2023-10-07,Bronze,26-35
CUST_02515,Kathryn,Walsh,kathryn.walsh5@gmail.com,Venezia,Veneto,Italy,2019-05-21,Bronze,36-50
CUST_02516,Christine,Bell,christine.bell73@virgilio.it,Milano,Lombardia,Italy,2020-02-14,Bronze,36-50
CUST_02517,Charlotte,Hanson,charlotte.hanson91@icloud.com,Firenze,Toscana,Italy,2023-11-12,Bronze,50+
CUST_02518,Luigina,Lettiere,luigina.lettiere15@virgilio.it,Milano,Lombardia,Italy,2023-02-17,Silver,26-35
CUST_02519,Declan,Davies,declan.davies89@yahoo.it,Napoli,Campania,Italy,2020-11-02,Silver,26-35
CUST_02520,Griselda,Pacillo,griselda.pacillo19@outlook.com,Trento,Trentino-Alto Adige,Italy,2022-02-18,Bronze,18-25
CUST_02521,Rodolfo,Sraffa,rodolfo.sraffa60@yahoo.it,Reggio Calabria,Calabria,Italy,2022-10-08,Silver,18-25
CUST_02522,Marcantonio,Acerbi,marcantonio.acerbi67@yahoo.it,Genova,Liguria,Italy,2023-12-20,Gold,36-50
CUST_02523,Lee,Pearson,lee.pearson32@virgilio.it,Roma,Lazio,Italy,2019-08-06,Gold,18-25
CUST_02524,Eileen,Shepherd,eileen.shepherd81@yahoo.it,Cagliari,Sardegna,Italy,2023-01-07,Bronze,36-50
CUST_02525,Stella,Caboto,stella.caboto88@outlook.com,Bologna,Emilia-Romagna,Italy,2023-07-03,Platinum,36-50
CUST_02526,Lisa,Satta,lisa.satta79@gmail.com,Roma,Lazio,Italy,2024-06-04,Silver,26-35
CUST_02527,Hugh,Green,hugh.green44@gmail.com,Cagliari,Sardegna,Italy,2023-11-02,Bronze,36-50
CUST_02528,Erika,Odescalchi,erika.odescalchi61@virgilio.it,Bari,Puglia,Italy,2021-05-31,Bronze,26-35
CUST_02529,Josephine,Cooper,josephine.cooper66@virgilio.it,Catania,Sicilia,Italy,2023-06-22,Bronze,26-35
CUST_02530,Howard,Wood,howard.wood74@icloud.com,Catania,Sicilia,Italy,2023-09-05,Silver,36-50
CUST_02531,Serafina,Bocca,serafina.bocca54@icloud.com,Roma,Lazio,Italy,2023-07-21,Bronze,36-50
CUST_02532,Natalia,Udinesi,natalia.udinesi38@outlook.com,Roma,Lazio,Italy,2023-11-19,Silver,18-25
CUST_02533,Sylvia,Arnold,sylvia.arnold22@gmail.com,Palermo,Sicilia,Italy,2024-03-05,Bronze,36-50
CUST_02534,Mandy,Wong,mandy.wong89@outlook.com,Roma,Lazio,Italy,2020-01-15,Gold,26-35
CUST_02535,Paride,Gaito,paride.gaito94@outlook.com,Napoli,Campania,Italy,2020-02-07,Bronze,36-50
CUST_02536,Brett,Reeves,brett.reeves8@virgilio.it,Verona,Veneto,Italy,2023-10-19,Gold,36-50
CUST_02537,Pomponio,Franscini,pomponio.franscini75@hotmail.it,Verona,Veneto,Italy,2021-04-06,Gold,36-50
CUST_02538,Simone,Inzaghi,simone.inzaghi74@gmail.com,Napoli,Campania,Italy,2019-07-28,Bronze,50+
CUST_02539,Cheryl,Dale,cheryl.dale85@outlook.com,Verona,Veneto,Italy,2022-02-11,Bronze,36-50
CUST_02540,Bruce,Gordon,bruce.gordon95@gmail.com,Padova,Veneto,Italy,2023-11-19,Bronze,18-25
CUST_02541,Luigi,Lopresti,luigi.lopresti37@virgilio.it,Palermo,Sicilia,Italy,2020-04-23,Gold,26-35
CUST_02542,Abbie,Harrison,abbie.harrison11@hotmail.it,Roma,Lazio,Italy,2023-04-29,Silver,50+
CUST_02543,Martino,Verri,martino.verri65@yahoo.it,Firenze,Toscana,Italy,2018-05-23,Bronze,18-25
CUST_02544,Aurora,Ceschi,aurora.ceschi36@outlook.com,Firenze,Toscana,Italy,2020-02-25,Bronze,36-50
CUST_02545,Annunziata,Spallanzani,annunziata.spallanzani17@outlook.com,Milano,Lombardia,Italy,2021-11-06,Bronze,36-50
CUST_02546,Deborah,Clarke,deborah.clarke36@outlook.com,Firenze,Toscana,Italy,2019-11-17,Gold,36-50
CUST_02547,Milena,Munari,milena.munari2@yahoo.it,Roma,Lazio,Italy,2023-12-23,Silver,36-50
CUST_02548,Vincenza,Bellò,vincenza.bellò78@hotmail.it,Napoli,Campania,Italy,2024-01-15,Gold,36-50
CUST_02549,Antonino,Calbo,antonino.calbo76@hotmail.it,Cagliari,Sardegna,Italy,2023-08-25,Bronze,36-50
CUST_02550,Lindsey,Singh,lindsey.singh85@virgilio.it,Milano,Lombardia,Italy,2021-03-14,Bronze,50+
CUST_02551,Elena,Savorgnan,elena.savorgnan48@hotmail.it,Catania,Sicilia,Italy,2022-09-13,Platinum,36-50
CUST_02552,Dylan,Moore,dylan.moore34@libero.it,Palermo,Sicilia,Italy,2020-10-15,Bronze,26-35
CUST_02553,Alderano,Catenazzi,alderano.catenazzi63@hotmail.it,Milano,Lombardia,Italy,2021-06-12,Gold,36-50
CUST_02554,Sole,Cuda,sole.cuda68@gmail.com,Perugia,Umbria,Italy,2022-09-01,Bronze,36-50
CUST_02555,Ranieri,Saraceno,ranieri.saraceno44@yahoo.it,Bologna,Emilia-Romagna,Italy,2023-07-28,Bronze,50+
CUST_02556,Carly,James,carly.james19@hotmail.it,Torino,Piemonte,Italy,2019-12-31,Silver,26-35
CUST_02557,Scott,Davies,scott.davies64@email.it,Bari,Puglia,Italy,2021-07-16,Platinum,26-35
CUST_02558,Achille,Rensi,achille.rensi99@email.it,Roma,Lazio,Italy,2024-04-03,Platinum,50+
CUST_02559,Gaspare,Cherubini,gaspare.cherubini31@virgilio.it,Palermo,Sicilia,Italy,2022-04-04,Bronze,36-50
CUST_02560,Tonia,Marangoni,tonia.marangoni93@hotmail.it,Milano,Lombardia,Italy,2024-04-18,Bronze,26-35
CUST_02561,Ermes,Leonardi,ermes.leonardi27@icloud.com,Padova,Veneto,Italy,2024-06-20,Silver,36-50
CUST_02562,Carmelo,Onio,carmelo.onio7@outlook.com,Napoli,Campania,Italy,2022-09-18,Silver,50+
CUST_02563,Giorgio,Bragaglia,giorgio.bragaglia97@yahoo.it,Genova,Liguria,Italy,2021-06-27,Silver,50+
CUST_02564,Niccolò,Deledda,niccolò.deledda7@hotmail.it,Roma,Lazio,Italy,2023-10-12,Bronze,36-50
CUST_02565,Arnaldo,Petrocelli,arnaldo.petrocelli60@email.it,Palermo,Sicilia,Italy,2020-08-04,Platinum,26-35
CUST_02566,Elena,Marino,elena.marino61@outlook.com,Bari,Puglia,Italy,2021-04-06,Silver,50+
CUST_02567,Lydia,Walker,lydia.walker61@libero.it,Napoli,Campania,Italy,2023-10-04,Gold,36-50
CUST_02568,Liliana,Giannuzzi,liliana.giannuzzi49@email.it,Genova,Liguria,Italy,2022-04-12,Silver,50+
CUST_02569,Pomponio,Burcardo,pomponio.burcardo61@outlook.com,Napoli,Campania,Italy,2020-12-01,Bronze,26-35
CUST_02570,Colin,Willis,colin.willis19@email.it,Trento,Trentino-Alto Adige,Italy,2023-03-30,Platinum,18-25
CUST_02571,Irma,Cadorna,irma.cadorna2@outlook.com,Napoli,Campania,Italy,2023-07-25,Silver,36-50
CUST_02572,Achille,Fuseli,achille.fuseli58@email.it,Padova,Veneto,Italy,2020-04-18,Gold,26-35
CUST_02573,Sandro,Bosio,sandro.bosio87@icloud.com,Verona,Veneto,Italy,2021-06-02,Platinum,36-50
CUST_02574,Donatello,Gemito,donatello.gemito68@gmail.com,Torino,Piemonte,Italy,2021-01-20,Silver,50+
CUST_02575,Ugolino,Russo,ugolino.russo13@icloud.com,Roma,Lazio,Italy,2022-01-02,Silver,36-50
CUST_02576,Agnolo,Alfonsi,agnolo.alfonsi56@outlook.com,Torino,Piemonte,Italy,2023-09-05,Bronze,50+
CUST_02577,Mary,Buckley,mary.buckley43@outlook.com,Padova,Veneto,Italy,2023-06-28,Bronze,36-50
CUST_02578,Ida,Munari,ida.munari35@yahoo.it,Roma,Lazio,Italy,2023-04-16,Bronze,36-50
CUST_02579,Paulina,Casellati,paulina.casellati33@email.it,Bologna,Emilia-Romagna,Italy,2018-07-07,Bronze,50+
CUST_02580,Sonia,Querini,sonia.querini60@libero.it,Verona,Veneto,Italy,2020-06-13,Bronze,36-50
CUST_02581,Griselda,Cherubini,griselda.cherubini94@libero.it,Torino,Piemonte,Italy,2021-01-26,Bronze,36-50
CUST_02582,Sandro,Bondumier,sandro.bondumier67@icloud.com,Genova,Liguria,Italy,2021-05-22,Bronze,36-50
CUST_02583,Jack,Evans,jack.evans87@hotmail.it,Roma,Lazio,Italy,2020-06-26,Bronze,36-50
CUST_02584,Gianmarco,Pasqua,gianmarco.pasqua41@gmail.com,Milano,Lombardia,Italy,2022-02-28,Bronze,26-35
CUST_02585,Camillo,Camicione,camillo.camicione87@gmail.com,Verona,Veneto,Italy,2019-10-13,Bronze,50+
CUST_02586,Claudio,Mazzi,claudio.mazzi9@gmail.com,Milano,Lombardia,Italy,2023-08-18,Silver,50+
CUST_02587,Nanni,Mannoia,nanni.mannoia53@yahoo.it,Roma,Lazio,Italy,2023-10-08,Silver,36-50
CUST_02588,Jeremy,Watson,jeremy.watson68@yahoo.it,Trieste,Friuli-Venezia Giulia,Italy,2022-12-04,Bronze,36-50
CUST_02589,Edoardo,Pasolini,edoardo.pasolini88@virgilio.it,Torino,Piemonte,Italy,2019-12-12,Silver,36-50
CUST_02590,Matilda,Chiaramonte,matilda.chiaramonte45@libero.it,Lecce,Puglia,Italy,2024-02-17,Gold,36-50
CUST_02591,Eva,Cocci,eva.cocci93@outlook.com,Lecce,Puglia,Italy,2024-05-20,Bronze,36-50
CUST_02592,Maurice,May,maurice.may33@libero.it,Roma,Lazio,Italy,2020-12-03,Silver,50+
CUST_02593,Bartolomeo,Turchetta,bartolomeo.turchetta5@gmail.com,Milano,Lombardia,Italy,2023-06-15,Platinum,26-35
CUST_02594,Annetta,Alighieri,annetta.alighieri80@yahoo.it,Catania,Sicilia,Italy,2023-12-18,Gold,18-25
CUST_02595,Danielle,Lucas,danielle.lucas8@libero.it,Napoli,Campania,Italy,2022-10-10,Bronze,50+
CUST_02596,Ashley,Nash,ashley.nash77@yahoo.it,Milano,Lombardia,Italy,2021-09-11,Silver,36-50
CUST_02597,Cristina,Dallara,cristina.dallara91@yahoo.it,Catania,Sicilia,Italy,2022-06-30,Bronze,50+
CUST_02598,Ranieri,Nicolucci,ranieri.nicolucci12@hotmail.it,Milano,Lombardia,Italy,2022-08-26,Silver,18-25
CUST_02599,Licia,Fusani,licia.fusani49@hotmail.it,Trieste,Friuli-Venezia Giulia,Italy,2022-02-10,Platinum,18-25
CUST_02600,Eliana,Corbo,eliana.corbo15@hotmail.it,Roma,Lazio,Italy,2024-04-07,Silver,50+
CUST_02601,Piergiorgio,Rubbia,piergiorgio.rubbia33@outlook.com,Milano,Lombardia,Italy,2023-08-09,Gold,18-25
CUST_02602,Sonia,Gagliardi,sonia.gagliardi60@yahoo.it,Roma,Lazio,Italy,2021-03-11,Bronze,50+
CUST_02603,Calogero,Callegari,calogero.callegari82@virgilio.it,Ancona,Marche,Italy,2022-12-21,Platinum,50+
CUST_02604,Elladio,Castioni,elladio.castioni36@email.it,Palermo,Sicilia,Italy,2023-05-24,Silver,36-50
CUST_02605,Bianca,Pastine,bianca.pastine89@icloud.com,Verona,Veneto,Italy,2020-06-07,Bronze,18-25
CUST_02606,Bryan,Watts,bryan.watts33@hotmail.it,Torino,Piemonte,Italy,2021-11-21,Silver,36-50
CUST_02607,Maurizio,Riccardi,maurizio.riccardi10@outlook.com,Firenze,Toscana,Italy,2024-03-08,Bronze,50+
CUST_02608,Luchino,Cilibrasi,luchino.cilibrasi8@email.it,Roma,Lazio,Italy,2022-11-23,Bronze,26-35
CUST_02609,Gioffre,Lerner,gioffre.lerner50@icloud.com,Napoli,Campania,Italy,2021-01-10,Gold,26-35
CUST_02610,Oliver,Buckley,oliver.buckley8@outlook.com,Bologna,Emilia-Romagna,Italy,2020-04-11,Bronze,26-35
CUST_02611,Fabia,Branciforte,fabia.branciforte34@hotmail.it,Genova,Liguria,Italy,2022-09-05,Silver,18-25
CUST_02612,Gionata,Visconti,gionata.visconti57@yahoo.it,Roma,Lazio,Italy,2022-10-23,Bronze,50+
CUST_02613,Cecilia,Lucarelli,cecilia.lucarelli63@libero.it,Ancona,Marche,Italy,2021-10-04,Bronze,50+
CUST_02614,Melania,Avogadro,melania.avogadro79@email.it,Roma,Lazio,Italy,2023-02-28,Platinum,50+
CUST_02615,Sandra,Manzoni,sandra.manzoni23@virgilio.it,Lecce,Puglia,Italy,2019-09-14,Bronze,36-50
CUST_02616,Geronimo,Trapani,geronimo.trapani14@hotmail.it,Milano,Lombardia,Italy,2020-06-22,Silver,36-50
CUST_02617,Clelia,Tommaseo,clelia.tommaseo70@email.it,Napoli,Campania,Italy,2022-10-20,Silver,26-35
CUST_02618,Sheila,Lee,sheila.lee28@yahoo.it,Firenze,Toscana,Italy,2019-08-13,Silver,36-50
CUST_02619,Francesco,Pergolesi,francesco.pergolesi57@outlook.com,Napoli,Campania,Italy,2024-02-06,Gold,36-50
CUST_02620,Laureano,Berrè,laureano.berrè14@gmail.com,Bologna,Emilia-Romagna,Italy,2020-06-13,Silver,50+
CUST_02621,Kerry,Thomas,kerry.thomas10@yahoo.it,Napoli,Campania,Italy,2023-05-02,Bronze,50+
CUST_02622,Mercedes,Giradello,mercedes.giradello74@outlook.com,Torino,Piemonte,Italy,2022-01-24,Gold,50+
CUST_02623,Simone,Pavone,simone.pavone58@gmail.com,Catania,Sicilia,Italy,2022-02-09,Bronze,50+
CUST_02624,Costanzo,Giusti,costanzo.giusti64@hotmail.it,Palermo,Sicilia,Italy,2023-09-07,Silver,50+
CUST_02625,Telemaco,Bondumier,telemaco.bondumier84@gmail.com,Padova,Veneto,Italy,2022-08-04,Platinum,18-25
CUST_02626,Tom,Hawkins,tom.hawkins5@email.it,Roma,Lazio,Italy,2023-07-15,Silver,50+
CUST_02627,Marian,Clarke,marian.clarke35@hotmail.it,Venezia,Veneto,Italy,2022-08-14,Gold,36-50
CUST_02628,Vincenzo,Ammaniti,vincenzo.ammaniti90@icloud.com,Venezia,Veneto,Italy,2023-01-02,Silver,26-35
CUST_02629,Michelotto,Mercalli,michelotto.mercalli51@gmail.com,Torino,Piemonte,Italy,2023-09-01,Gold,18-25
CUST_02630,Nicola,Nash,nicola.nash66@virgilio.it,Napoli,Campania,Italy,2023-01-24,Gold,36-50
CUST_02631,Jeremy,Holden,jeremy.holden62@email.it,Firenze,Toscana,Italy,2023-02-05,Bronze,26-35
CUST_02632,Sara,Law,sara.law52@yahoo.it,Roma,Lazio,Italy,2023-10-10,Bronze,36-50
CUST_02633,Donatello,Pederiva,donatello.pederiva70@libero.it,Roma,Lazio,Italy,2024-04-30,Bronze,36-50
CUST_02634,Sonia,Puglisi,sonia.puglisi1@email.it,Milano,Lombardia,Italy,2021-12-27,Silver,50+
CUST_02635,Roger,Atkinson,roger.atkinson89@virgilio.it,Palermo,Sicilia,Italy,2022-12-08,Bronze,50+
CUST_02636,Mirko,Vergassola,mirko.vergassola16@icloud.com,Palermo,Sicilia,Italy,2019-11-28,Bronze,36-50
CUST_02637,Giuliana,Dossetti,giuliana.dossetti43@outlook.com,Ancona,Marche,Italy,2021-11-22,Bronze,26-35
CUST_02638,Mariana,Semitecolo,mariana.semitecolo52@gmail.com,Catania,Sicilia,Italy,2022-03-04,Platinum,26-35
CUST_02639,Marta,Bonomo,marta.bonomo81@yahoo.it,Milano,Lombardia,Italy,2023-12-09,Silver,26-35
CUST_02640,Alderano,Boito,alderano.boito47@icloud.com,Trento,Trentino-Alto Adige,Italy,2022-08-28,Bronze,18-25
CUST_02641,Alberto,Iacobucci,alberto.iacobucci11@virgilio.it,Trieste,Friuli-Venezia Giulia,Italy,2023-07-22,Bronze,50+
CUST_02642,Samuel,Ali,samuel.ali98@outlook.com,Napoli,Campania,Italy,2018-11-23,Bronze,36-50
CUST_02643,Giampiero,Barsanti,giampiero.barsanti83@libero.it,Venezia,Veneto,Italy,2022-06-06,Bronze,18-25
CUST_02644,Sian,Peters,sian.peters23@gmail.com,Lecce,Puglia,Italy,2024-03-02,Bronze,26-35
CUST_02645,Atenulf,Pezzali,atenulf.pezzali50@libero.it,Bologna,Emilia-Romagna,Italy,2021-01-28,Gold,36-50
CUST_02646,Tonino,Luciani,tonino.luciani39@email.it,Cagliari,Sardegna,Italy,2019-02-25,Platinum,36-50
CUST_02647,Louise,Morrison,louise.morrison14@icloud.com,Milano,Lombardia,Italy,2022-04-12,Bronze,18-25
CUST_02648,Eliana,Tasso,eliana.tasso63@yahoo.it,Roma,Lazio,Italy,2023-06-15,Bronze,50+
CUST_02649,Marisa,Prada,marisa.prada81@virgilio.it,Napoli,Campania,Italy,2022-05-19,Bronze,26-35
CUST_02650,Piersanti,Pignatti,piersanti.pignatti95@libero.it,Venezia,Veneto,Italy,2022-05-29,Bronze,18-25
CUST_02651,Bruno,Valguarnera,bruno.valguarnera18@gmail.com,Padova,Veneto,Italy,2023-04-27,Bronze,18-25
CUST_02652,Lucy,Barnes,lucy.barnes25@gmail.com,Reggio Calabria,Calabria,Italy,2021-04-11,Bronze,36-50
CUST_02653,Shane,Gordon,shane.gordon93@libero.it,Torino,Piemonte,Italy,2023-08-20,Bronze,18-25
CUST_02654,Adele,Corradi,adele.corradi63@email.it,Milano,Lombardia,Italy,2020-07-17,Silver,18-25
CUST_02655,Gustavo,Brancaccio,gustavo.brancaccio9@outlook.com,Verona,Veneto,Italy,2022-02-01,Silver,26-35
CUST_02656,Lodovico,Bosurgi,lodovico.bosurgi64@virgilio.it,Venezia,Veneto,Italy,2023-04-06,Silver,36-50
CUST_02657,Pauline,Cooke,pauline.cooke3@gmail.com,Roma,Lazio,Italy,2023-11-30,Bronze,18-25
CUST_02658,Tullio,Fiorucci,tullio.fiorucci44@gmail.com,Napoli,Campania,Italy,2023-10-13,Gold,26-35
CUST_02659,Ornella,Cremonesi,ornella.cremonesi44@gmail.com,Bari,Puglia,Italy,2023-07-09,Platinum,26-35
CUST_02660,Adelasia,Molesini,adelasia.molesini52@yahoo.it,Bari,Puglia,Italy,2021-11-22,Bronze,26-35
CUST_02661,Ottone,Boezio,ottone.boezio28@virgilio.it,Napoli,Campania,Italy,2020-04-09,Bronze,36-50
CUST_02662,Lodovico,Romano,lodovico.romano87@hotmail.it,Firenze,Toscana,Italy,2021-01-09,Silver,18-25
CUST_02663,Gordon,Chan,gordon.chan95@libero.it,Lecce,Puglia,Italy,2024-01-16,Bronze,18-25
CUST_02664,Lina,Giorgetti,lina.giorgetti10@gmail.com,Palermo,Sicilia,Italy,2024-01-07,Bronze,36-50
CUST_02665,Arturo,Gottardi,arturo.gottardi95@hotmail.it,Torino,Piemonte,Italy,2024-05-03,Silver,26-35
CUST_02666,Alexandra,Robinson,alexandra.robinson63@gmail.com,Firenze,Toscana,Italy,2019-10-16,Silver,18-25
CUST_02667,Bethany,Moran,bethany.moran61@gmail.com,Catania,Sicilia,Italy,2022-10-05,Bronze,26-35
CUST_02668,Calogero,Rizzo,calogero.rizzo32@hotmail.it,Roma,Lazio,Italy,2023-03-27,Silver,50+
CUST_02669,Daniele,Sanguineti,daniele.sanguineti2@hotmail.it,Roma,Lazio,Italy,2023-06-24,Platinum,36-50
CUST_02670,Daria,Bersani,daria.bersani81@gmail.com,Bologna,Emilia-Romagna,Italy,2023-03-20,Bronze,50+
CUST_02671,Lodovico,Duodo,lodovico.duodo40@yahoo.it,Firenze,Toscana,Italy,2023-09-14,Silver,50+
CUST_02672,Dante,Anastasi,dante.anastasi59@hotmail.it,Genova,Liguria,Italy,2021-11-23,Bronze,50+
CUST_02673,Isabella,Cibin,isabella.cibin76@yahoo.it,Milano,Lombardia,Italy,2020-10-01,Bronze,36-50
CUST_02674,Iolanda,Amato,iolanda.amato14@yahoo.it,Palermo,Sicilia,Italy,2020-12-09,Silver,36-50
CUST_02675,Margaret,Kerr,margaret.kerr64@libero.it,Firenze,Toscana,Italy,2018-09-17,Bronze,26-35
CUST_02676,Ettore,Tamburello,ettore.tamburello9@libero.it,Milano,Lombardia,Italy,2021-11-05,Bronze,26-35
CUST_02677,Mattia,Treves,mattia.treves55@icloud.com,Milano,Lombardia,Italy,2019-12-20,Bronze,36-50
CUST_02678,Ugo,Guidone,ugo.guidone95@email.it,Perugia,Umbria,Italy,2021-09-07,Silver,50+
CUST_02679,Samantha,Morgan,samantha.morgan42@yahoo.it,Trieste,Friuli-Venezia Giulia,Italy,2023-02-24,Silver,36-50
CUST_02680,Marc,Roberts,marc.roberts88@hotmail.it,Roma,Lazio,Italy,2024-02-23,Bronze,36-50
CUST_02681,Ashley,Wong,ashley.wong42@libero.it,Verona,Veneto,Italy,2023-12-15,Silver,36-50
CUST_02682,Lee,Hart,lee.hart98@gmail.com,Venezia,Veneto,Italy,2021-04-07,Bronze,26-35
CUST_02683,Christine,Naylor,christine.naylor76@hotmail.it,Lecce,Puglia,Italy,2020-05-18,Silver,26-35
CUST_02684,Fabio,Palazzo,fabio.palazzo43@yahoo.it,Torino,Piemonte,Italy,2020-11-08,Bronze,36-50
CUST_02685,Dino,Ioppi,dino.ioppi16@outlook.com,Palermo,Sicilia,Italy,2024-05-27,Silver,26-35
CUST_02686,Livia,Casagrande,livia.casagrande19@email.it,Milano,Lombardia,Italy,2022-10-25,Platinum,36-50
CUST_02687,Timothy,Ellis,timothy.ellis22@icloud.com,Torino,Piemonte,Italy,2020-10-10,Gold,50+
CUST_02688,Georgia,Barton,georgia.barton71@hotmail.it,Lecce,Puglia,Italy,2023-12-16,Bronze,50+
CUST_02689,Marta,Badoglio,marta.badoglio57@libero.it,Bologna,Emilia-Romagna,Italy,2022-01-31,Gold,26-35
CUST_02690,Mario,Riccardi,mario.riccardi75@gmail.com,Firenze,Toscana,Italy,2024-02-29,Bronze,50+
CUST_02691,Guarino,Trevisan,guarino.trevisan18@yahoo.it,Milano,Lombardia,Italy,2021-04-26,Platinum,26-35
CUST_02692,Glen,Short,glen.short81@email.it,Catania,Sicilia,Italy,2022-01-27,Bronze,26-35
CUST_02693,Azeglio,Iadanza,azeglio.iadanza21@gmail.com,Genova,Liguria,Italy,2022-08-14,Bronze,36-50
CUST_02694,Lara,Borsiere,lara.borsiere63@yahoo.it,Torino,Piemonte,Italy,2024-02-20,Bronze,26-35
CUST_02695,Stefano,Santoro,stefano.santoro1@gmail.com,Ancona,Marche,Italy,2024-01-21,Bronze,18-25
CUST_02696,Tullio,Omma,tullio.omma23@yahoo.it,Milano,Lombardia,Italy,2022-12-04,Silver,26-35
CUST_02697,Shaun,Sharpe,shaun.sharpe91@outlook.com,Firenze,Toscana,Italy,2021-01-22,Gold,36-50
CUST_02698,Arsenio,Tartaglia,arsenio.tartaglia54@virgilio.it,Cagliari,Sardegna,Italy,2022-02-15,Silver,26-35
CUST_02699,Sally,Kennedy,sally.kennedy89@hotmail.it,Firenze,Toscana,Italy,2024-06-01,Silver,36-50
CUST_02700,Sole,Zito,sole.zito27@hotmail.it,Roma,Lazio,Italy,2023-01-24,Silver,36-50
CUST_02701,Fabio,Pacelli,fabio.pacelli82@outlook.com,Bologna,Emilia-Romagna,Italy,2023-09-29,Bronze,36-50
CUST_02702,Ermenegildo,Gualtieri,ermenegildo.gualtieri67@virgilio.it,Padova,Veneto,Italy,2022-05-11,Bronze,50+
CUST_02703,Amanda,Green,amanda.green53@libero.it,Milano,Lombardia,Italy,2022-09-27,Bronze,26-35
CUST_02704,Martina,Camilleri,martina.camilleri23@gmail.com,Ancona,Marche,Italy,2022-04-04,Bronze,26-35
CUST_02705,Vincenza,Carpaccio,vincenza.carpaccio77@hotmail.it,Verona,Veneto,Italy,2023-06-13,Bronze,26-35
CUST_02706,Gianluigi,Tomei,gianluigi.tomei92@virgilio.it,Roma,Lazio,Italy,2023-12-30,Bronze,26-35
CUST_02707,Ross,Warren,ross.warren79@yahoo.it,Catania,Sicilia,Italy,2022-08-18,Bronze,36-50
CUST_02708,Adamo,Battisti,adamo.battisti81@outlook.com,Torino,Piemonte,Italy,2022-07-04,Bronze,18-25
CUST_02709,Damien,Begum,damien.begum45@email.it,Torino,Piemonte,Italy,2021-10-16,Gold,26-35
CUST_02710,Sole,Anastasi,sole.anastasi1@libero.it,Verona,Veneto,Italy,2020-09-25,Bronze,36-50
CUST_02711,Gioele,Beffa,gioele.beffa25@yahoo.it,Lecce,Puglia,Italy,2024-04-18,Silver,36-50
CUST_02712,Sabatino,Ortolani,sabatino.ortolani68@yahoo.it,Milano,Lombardia,Italy,2021-08-26,Silver,36-50
CUST_02713,Oreste,Conti,oreste.conti80@icloud.com,Napoli,Campania,Italy,2023-10-25,Silver,50+
CUST_02714,Ferdinando,Barberini,ferdinando.barberini98@libero.it,Napoli,Campania,Italy,2023-06-30,Bronze,36-50
CUST_02715,Angelica,Pucci,angelica.pucci60@libero.it,Torino,Piemonte,Italy,2023-10-12,Bronze,36-50
CUST_02716,Gianfranco,Milanesi,gianfranco.milanesi36@gmail.com,Torino,Piemonte,Italy,2024-04-15,Bronze,26-35
CUST_02717,Elizabeth,Manning,elizabeth.manning25@yahoo.it,Milano,Lombardia,Italy,2023-02-17,Bronze,50+
CUST_02718,Gionata,Pratesi,gionata.pratesi20@virgilio.it,Palermo,Sicilia,Italy,2024-02-27,Bronze,36-50
CUST_02719,Stephanie,Patel,stephanie.patel64@hotmail.it,Napoli,Campania,Italy,2020-08-29,Silver,26-35
CUST_02720,Liana,Micca,liana.micca21@gmail.com,Roma,Lazio,Italy,2023-02-22,Silver,26-35
CUST_02721,Greco,Bosio,greco.bosio7@icloud.com,Padova,Veneto,Italy,2023-09-17,Silver,36-50
CUST_02722,Antonietta,Palmisano,antonietta.palmisano37@libero.it,Verona,Veneto,Italy,2021-05-21,Bronze,50+
CUST_02723,Dante,Tebaldi,dante.tebaldi56@outlook.com,Napoli,Campania,Italy,2023-08-05,Bronze,26-35
CUST_02724,Giada,Bernardi,giada.bernardi43@virgilio.it,Firenze,Toscana,Italy,2023-09-25,Gold,18-25
CUST_02725,Ferdinando,Garozzo,ferdinando.garozzo6@yahoo.it,Genova,Liguria,Italy,2023-12-04,Bronze,50+
CUST_02726,Ninetta,Tozzi,ninetta.tozzi95@gmail.com,Firenze,Toscana,Italy,2021-08-20,Silver,50+
CUST_02727,Antonino,Pietrangeli,antonino.pietrangeli69@hotmail.it,Roma,Lazio,Italy,2023-05-14,Silver,26-35
CUST_02728,Emma,Turner,emma.turner21@gmail.com,Catania,Sicilia,Italy,2021-08-01,Bronze,26-35
CUST_02729,Karen,Wilson,karen.wilson63@yahoo.it,Milano,Lombardia,Italy,2023-08-02,Bronze,36-50
CUST_02730,Bartolomeo,Scarpetta,bartolomeo.scarpetta10@libero.it,Milano,Lombardia,Italy,2022-06-03,Bronze,26-35
CUST_02731,Stefania,Lombroso,stefania.lombroso93@virgilio.it,Milano,Lombardia,Italy,2023-01-09,Bronze,50+
CUST_02732,Matilda,Mattarella,matilda.mattarella76@icloud.com,Roma,Lazio,Italy,2022-03-11,Bronze,18-25
CUST_02733,Marcantonio,Brichese,marcantonio.brichese54@libero.it,Milano,Lombardia,Italy,2020-08-12,Bronze,18-25
CUST_02734,Angelica,Saracino,angelica.saracino96@icloud.com,Reggio Calabria,Calabria,Italy,2020-09-27,Bronze,26-35
CUST_02735,Agnolo,Pacillo,agnolo.pacillo30@yahoo.it,Firenze,Toscana,Italy,2019-10-23,Silver,26-35
CUST_02736,Galasso,Maffei,galasso.maffei42@libero.it,Roma,Lazio,Italy,2023-02-09,Gold,18-25
CUST_02737,Annetta,Marenzio,annetta.marenzio13@libero.it,Roma,Lazio,Italy,2023-12-27,Bronze,18-25
CUST_02738,Loretta,Golgi,loretta.golgi95@email.it,Perugia,Umbria,Italy,2018-12-09,Gold,36-50
CUST_02739,Stanley,Begum,stanley.begum26@email.it,Bologna,Emilia-Romagna,Italy,2019-09-03,Platinum,26-35
CUST_02740,Francesca,Goodwin,francesca.goodwin29@yahoo.it,Torino,Piemonte,Italy,2022-05-24,Platinum,50+
CUST_02741,Ronaldo,Pacetti,ronaldo.pacetti61@virgilio.it,Trieste,Friuli-Venezia Giulia,Italy,2023-08-01,Gold,26-35
CUST_02742,Jacob,Khan,jacob.khan7@email.it,Torino,Piemonte,Italy,2020-07-31,Bronze,36-50
CUST_02743,Mitchell,Bell,mitchell.bell19@libero.it,Firenze,Toscana,Italy,2021-05-21,Bronze,26-35
CUST_02744,Camilla,Taccola,camilla.taccola79@virgilio.it,Roma,Lazio,Italy,2021-02-16,Silver,26-35
CUST_02745,Martina,Ferrata,martina.ferrata23@email.it,Torino,Piemonte,Italy,2022-02-07,Silver,36-50
CUST_02746,Livia,Vergerio,livia.vergerio48@hotmail.it,Firenze,Toscana,Italy,2021-01-30,Gold,36-50
CUST_02747,Megan,Booth,megan.booth59@libero.it,Palermo,Sicilia,Italy,2021-11-09,Platinum,36-50
CUST_02748,Bradley,Reed,bradley.reed81@icloud.com,Firenze,Toscana,Italy,2023-07-19,Silver,36-50
CUST_02749,Maria,Govoni,maria.govoni35@libero.it,Venezia,Veneto,Italy,2023-01-29,Bronze,36-50
CUST_02750,Enzo,Alboni,enzo.alboni43@hotmail.it,Milano,Lombardia,Italy,2019-11-07,Bronze,26-35
CUST_02751,Pierangelo,Ariosto,pierangelo.ariosto5@gmail.com,Roma,Lazio,Italy,2023-03-10,Bronze,50+
CUST_02752,Gianpaolo,Venditti,gianpaolo.venditti36@hotmail.it,Torino,Piemonte,Italy,2022-06-27,Silver,36-50
CUST_02753,Mattia,Aloisio,mattia.aloisio15@virgilio.it,Perugia,Umbria,Italy,2024-04-13,Silver,50+
CUST_02754,Pauline,Patterson,pauline.patterson59@email.it,Torino,Piemonte,Italy,2021-06-30,Gold,50+
CUST_02755,Mario,Abba,mario.abba22@icloud.com,Palermo,Sicilia,Italy,2023-07-16,Silver,18-25
CUST_02756,Christopher,Howe,christopher.howe29@outlook.com,Roma,Lazio,Italy,2023-07-22,Gold,26-35
CUST_02757,Jack,Smith,jack.smith78@hotmail.it,Milano,Lombardia,Italy,2021-01-21,Silver,36-50
CUST_02758,Kieran,Parry,kieran.parry82@hotmail.it,Milano,Lombardia,Italy,2024-03-05,Gold,36-50
CUST_02759,Maria,Paoletti,maria.paoletti74@libero.it,Firenze,Toscana,Italy,2022-07-21,Bronze,36-50
CUST_02760,Sandra,Martucci,sandra.martucci12@email.it,Roma,Lazio,Italy,2023-05-10,Gold,36-50
CUST_02761,Coluccio,Florio,coluccio.florio67@virgilio.it,Roma,Lazio,Italy,2020-06-24,Silver,26-35
CUST_02762,Virgilio,Giolitti,virgilio.giolitti28@virgilio.it,Bari,Puglia,Italy,2021-04-19,Bronze,26-35
CUST_02763,Piero,Stucchi,piero.stucchi60@outlook.com,Milano,Lombardia,Italy,2022-12-22,Bronze,18-25
CUST_02764,Atenulf,Coardi,atenulf.coardi2@email.it,Bologna,Emilia-Romagna,Italy,2021-09-02,Gold,36-50
CUST_02765,Lara,Littizzetto,lara.littizzetto95@libero.it,Torino,Piemonte,Italy,2022-08-05,Bronze,36-50
CUST_02766,Carmelo,Battelli,carmelo.battelli32@icloud.com,Napoli,Campania,Italy,2021-12-22,Bronze,26-35
CUST_02767,Gianni,Travia,gianni.travia56@libero.it,Bologna,Emilia-Romagna,Italy,2023-03-15,Bronze,36-50
CUST_02768,Piergiuseppe,Palladio,piergiuseppe.palladio76@hotmail.it,Firenze,Toscana,Italy,2022-07-15,Silver,18-25
CUST_02769,Tina,Hill,tina.hill74@gmail.com,Firenze,Toscana,Italy,2018-06-10,Gold,18-25
CUST_02770,Jamie,Russell,jamie.russell54@gmail.com,Catania,Sicilia,Italy,2023-03-28,Bronze,36-50
CUST_02771,Roman,Brenna,roman.brenna6@virgilio.it,Trieste,Friuli-Venezia Giulia,Italy,2022-03-22,Bronze,26-35
CUST_02772,Beatrice,Caetani,beatrice.caetani94@gmail.com,Roma,Lazio,Italy,2021-10-18,Platinum,36-50
CUST_02773,Toni,Chiesa,toni.chiesa55@email.it,Milano,Lombardia,Italy,2019-12-29,Silver,50+
CUST_02774,Etta,Pertini,etta.pertini62@yahoo.it,Trento,Trentino-Alto Adige,Italy,2021-01-18,Gold,50+
CUST_02775,Benvenuto,Zoppetti,benvenuto.zoppetti58@virgilio.it,Torino,Piemonte,Italy,2021-01-27,Bronze,26-35
CUST_02776,Frank,Hodgson,frank.hodgson31@yahoo.it,Bologna,Emilia-Romagna,Italy,2024-04-14,Bronze,36-50
CUST_02777,Augusto,Rizzoli,augusto.rizzoli72@gmail.com,Torino,Piemonte,Italy,2022-04-10,Bronze,36-50
CUST_02778,Francesca,Ceschi,francesca.ceschi89@email.it,Milano,Lombardia,Italy,2019-05-02,Silver,36-50
CUST_02779,Gilberto,Maffei,gilberto.maffei28@hotmail.it,Venezia,Veneto,Italy,2020-06-02,Bronze,36-50
CUST_02780,Giulio,Mengolo,giulio.mengolo46@outlook.com,Bologna,Emilia-Romagna,Italy,2019-10-29,Bronze,26-35
CUST_02781,Nina,Perozzo,nina.perozzo31@yahoo.it,Roma,Lazio,Italy,2022-12-26,Bronze,26-35
CUST_02782,Imelda,Mogherini,imelda.mogherini3@virgilio.it,Napoli,Campania,Italy,2020-10-21,Bronze,36-50
CUST_02783,Luciano,Sandi,luciano.sandi86@outlook.com,Verona,Veneto,Italy,2022-08-03,Gold,36-50
CUST_02784,Guarino,Giannotti,guarino.giannotti21@virgilio.it,Venezia,Veneto,Italy,2021-12-14,Bronze,26-35
CUST_02785,Benvenuto,Fioravanti,benvenuto.fioravanti74@gmail.com,Milano,Lombardia,Italy,2023-10-29,Silver,18-25
CUST_02786,Durante,Cantimori,durante.cantimori59@virgilio.it,Bologna,Emilia-Romagna,Italy,2021-09-05,Gold,36-50
CUST_02787,Ermanno,Camuccini,ermanno.camuccini99@hotmail.it,Catania,Sicilia,Italy,2022-05-26,Bronze,26-35
CUST_02788,Anthony,Smith,anthony.smith91@email.it,Verona,Veneto,Italy,2023-07-09,Silver,26-35
CUST_02789,Ezio,Salata,ezio.salata24@icloud.com,Genova,Liguria,Italy,2022-04-11,Platinum,18-25
CUST_02790,Rosario,Mazzocchi,rosario.mazzocchi81@virgilio.it,Roma,Lazio,Italy,2023-10-15,Platinum,26-35
CUST_02791,Pier,Casini,pier.casini91@gmail.com,Catania,Sicilia,Italy,2023-04-15,Bronze,36-50
CUST_02792,Adelasia,Odescalchi,adelasia.odescalchi81@yahoo.it,Palermo,Sicilia,Italy,2022-03-01,Bronze,26-35
CUST_02793,Marta,Foletti,marta.foletti50@icloud.com,Milano,Lombardia,Italy,2022-08-12,Bronze,18-25
CUST_02794,Rocco,Mascagni,rocco.mascagni68@gmail.com,Torino,Piemonte,Italy,2024-05-22,Silver,18-25
CUST_02795,Ruth,James,ruth.james38@email.it,Firenze,Toscana,Italy,2023-04-15,Silver,26-35
CUST_02796,Ronaldo,Iannuzzi,ronaldo.iannuzzi97@outlook.com,Palermo,Sicilia,Italy,2024-03-07,Silver,36-50
CUST_02797,Serena,Casarin,serena.casarin90@libero.it,Roma,Lazio,Italy,2020-09-30,Bronze,18-25
CUST_02798,Carlo,Cristoforetti,carlo.cristoforetti88@yahoo.it,Venezia,Veneto,Italy,2022-07-08,Bronze,36-50
CUST_02799,Clare,Collins,clare.collins80@icloud.com,Cagliari,Sardegna,Italy,2024-03-12,Silver,18-25
CUST_02800,Ornella,Marinetti,ornella.marinetti95@gmail.com,Verona,Veneto,Italy,2021-09-09,Bronze,26-35
CUST_02801,Ramona,Bartoli,ramona.bartoli66@icloud.com,Cagliari,Sardegna,Italy,2024-05-23,Silver,26-35
CUST_02802,Giampiero,Mondadori,giampiero.mondadori7@yahoo.it,Lecce,Puglia,Italy,2020-01-10,Bronze,18-25
CUST_02803,Enrico,Burcardo,enrico.burcardo50@icloud.com,Milano,Lombardia,Italy,2024-03-04,Bronze,36-50
CUST_02804,Lara,Grassi,lara.grassi60@gmail.com,Genova,Liguria,Italy,2022-05-03,Bronze,36-50
CUST_02805,Michele,Petrocelli,michele.petrocelli47@icloud.com,Torino,Piemonte,Italy,2019-10-07,Bronze,50+
CUST_02806,Ubaldo,Bembo,ubaldo.bembo23@yahoo.it,Trieste,Friuli-Venezia Giulia,Italy,2024-02-04,Bronze,18-25
CUST_02807,Giorgia,Mannoia,giorgia.mannoia72@libero.it,Roma,Lazio,Italy,2021-04-05,Bronze,18-25
CUST_02808,Giulio,Draghi,giulio.draghi18@icloud.com,Reggio Calabria,Calabria,Italy,2018-12-20,Bronze,26-35
CUST_02809,Amadeo,Pirandello,amadeo.pirandello31@yahoo.it,Genova,Liguria,Italy,2020-05-24,Bronze,36-50
CUST_02810,Dawn,Anderson,dawn.anderson84@virgilio.it,Verona,Veneto,Italy,2023-04-11,Bronze,26-35
CUST_02811,Silvia,Samele,silvia.samele95@libero.it,Milano,Lombardia,Italy,2024-06-04,Silver,26-35
CUST_02812,Angelina,Vidoni,angelina.vidoni97@libero.it,Roma,Lazio,Italy,2020-03-02,Bronze,26-35
CUST_02813,Gionata,Caccioppoli,gionata.caccioppoli42@icloud.com,Bari,Puglia,Italy,2022-06-01,Silver,18-25
CUST_02814,Romolo,Camanni,romolo.camanni35@email.it,Milano,Lombardia,Italy,2020-10-05,Silver,50+
CUST_02815,Andrew,Mistry,andrew.mistry36@gmail.com,Padova,Veneto,Italy,2023-08-11,Silver,36-50
CUST_02816,Ninetta,Cilibrasi,ninetta.cilibrasi9@icloud.com,Milano,Lombardia,Italy,2020-03-26,Platinum,36-50
CUST_02817,Dario,Ammaniti,dario.ammaniti45@virgilio.it,Palermo,Sicilia,Italy,2021-03-07,Bronze,36-50
CUST_02818,Augusto,Garibaldi,augusto.garibaldi63@yahoo.it,Torino,Piemonte,Italy,2020-11-17,Silver,36-50
CUST_02819,Domenico,Ficino,domenico.ficino61@outlook.com,Venezia,Veneto,Italy,2022-10-30,Platinum,18-25
CUST_02820,Priscilla,Piccio,priscilla.piccio58@icloud.com,Palermo,Sicilia,Italy,2024-01-27,Gold,36-50
CUST_02821,Niccolò,Branciforte,niccolò.branciforte87@yahoo.it,Torino,Piemonte,Italy,2022-08-24,Bronze,26-35
CUST_02822,Berenice,Guidone,berenice.guidone25@virgilio.it,Milano,Lombardia,Italy,2019-07-27,Bronze,26-35
CUST_02823,Beverley,Smith,beverley.smith12@yahoo.it,Milano,Lombardia,Italy,2022-11-17,Bronze,36-50
CUST_02824,Paoletta,Borromeo,paoletta.borromeo51@hotmail.it,Venezia,Veneto,Italy,2023-10-21,Silver,36-50
CUST_02825,Gareth,Harris,gareth.harris37@yahoo.it,Bologna,Emilia-Romagna,Italy,2020-05-12,Silver,36-50
CUST_02826,David,Richards,david.richards14@hotmail.it,Bari,Puglia,Italy,2019-10-02,Bronze,36-50
CUST_02827,Cameron,Tyler,cameron.tyler36@yahoo.it,Napoli,Campania,Italy,2020-10-25,Silver,18-25
CUST_02828,Alessio,Boccioni,alessio.boccioni90@hotmail.it,Napoli,Campania,Italy,2023-08-12,Silver,26-35
CUST_02829,Gaetano,Ruffini,gaetano.ruffini64@hotmail.it,Torino,Piemonte,Italy,2022-12-31,Bronze,18-25
CUST_02830,Christian,Adams,christian.adams27@gmail.com,Milano,Lombardia,Italy,2022-10-11,Gold,36-50
CUST_02831,Paloma,Cerquiglini,paloma.cerquiglini38@email.it,Firenze,Toscana,Italy,2021-03-31,Silver,50+
CUST_02832,Carmelo,Montanariello,carmelo.montanariello88@hotmail.it,Lecce,Puglia,Italy,2021-09-29,Bronze,26-35
CUST_02833,Graham,Norris,graham.norris61@icloud.com,Trieste,Friuli-Venezia Giulia,Italy,2024-05-21,Silver,18-25
CUST_02834,Rebecca,Townsend,rebecca.townsend54@virgilio.it,Firenze,Toscana,Italy,2021-03-09,Bronze,36-50
CUST_02835,Dario,Bataglia,dario.bataglia95@gmail.com,Venezia,Veneto,Italy,2024-03-03,Silver,50+
CUST_02836,Romolo,Benussi,romolo.benussi38@libero.it,Padova,Veneto,Italy,2022-12-13,Platinum,36-50
CUST_02837,Fabrizio,Rismondo,fabrizio.rismondo9@gmail.com,Napoli,Campania,Italy,2020-04-12,Gold,18-25
CUST_02838,Kerry,Dunn,kerry.dunn30@icloud.com,Milano,Lombardia,Italy,2022-06-11,Bronze,50+
CUST_02839,Kathleen,Naylor,kathleen.naylor53@icloud.com,Milano,Lombardia,Italy,2024-04-30,Bronze,50+
CUST_02840,Pina,Peruzzi,pina.peruzzi84@icloud.com,Napoli,Campania,Italy,2022-03-16,Bronze,18-25
CUST_02841,Stefano,Badoglio,stefano.badoglio63@virgilio.it,Lecce,Puglia,Italy,2024-01-14,Silver,50+
CUST_02842,Janet,Wong,janet.wong59@outlook.com,Palermo,Sicilia,Italy,2021-04-16,Bronze,36-50
CUST_02843,Orazio,Regge,orazio.regge73@hotmail.it,Milano,Lombardia,Italy,2022-11-28,Silver,26-35
CUST_02844,Fedele,Nitto,fedele.nitto40@hotmail.it,Roma,Lazio,Italy,2023-12-20,Bronze,36-50
CUST_02845,Samuel,Woods,samuel.woods34@libero.it,Bari,Puglia,Italy,2024-03-26,Bronze,50+
CUST_02846,Giampaolo,Faranda,giampaolo.faranda62@icloud.com,Padova,Veneto,Italy,2022-07-12,Bronze,36-50
CUST_02847,Guglielmo,Littizzetto,guglielmo.littizzetto37@gmail.com,Genova,Liguria,Italy,2023-03-13,Platinum,18-25
CUST_02848,Riccardo,Condoleo,riccardo.condoleo19@icloud.com,Genova,Liguria,Italy,2018-05-10,Silver,50+
CUST_02849,Amico,Gozzano,amico.gozzano37@virgilio.it,Milano,Lombardia,Italy,2021-04-08,Bronze,18-25
CUST_02850,Karen,Smith,karen.smith22@hotmail.it,Padova,Veneto,Italy,2021-06-06,Bronze,36-50
CUST_02851,Fabrizia,Malacarne,fabrizia.malacarne92@outlook.com,Verona,Veneto,Italy,2019-12-27,Silver,36-50
CUST_02852,Andrew,Evans,andrew.evans24@hotmail.it,Roma,Lazio,Italy,2021-06-08,Bronze,26-35
CUST_02853,Telemaco,Polizzi,telemaco.polizzi91@hotmail.it,Catania,Sicilia,Italy,2021-09-06,Silver,26-35
CUST_02854,Tonia,Vigliotti,tonia.vigliotti21@libero.it,Roma,Lazio,Italy,2024-05-24,Gold,50+
CUST_02855,Sante,Bignardi,sante.bignardi15@gmail.com,Milano,Lombardia,Italy,2023-04-25,Silver,26-35
CUST_02856,Calogero,Lippomano,calogero.lippomano41@hotmail.it,Roma,Lazio,Italy,2022-03-29,Silver,36-50
CUST_02857,Oreste,Cibin,oreste.cibin57@outlook.com,Roma,Lazio,Italy,2024-06-16,Silver,36-50
CUST_02858,Piero,Filippelli,piero.filippelli48@hotmail.it,Firenze,Toscana,Italy,2020-07-17,Gold,36-50
CUST_02859,Evangelista,Trincavelli,evangelista.trincavelli27@gmail.com,Napoli,Campania,Italy,2022-06-26,Gold,36-50
CUST_02860,Gionata,Venturi,gionata.venturi86@icloud.com,Napoli,Campania,Italy,2023-03-24,Silver,26-35
CUST_02861,Joseph,Ward,joseph.ward45@hotmail.it,Napoli,Campania,Italy,2019-07-14,Bronze,26-35
CUST_02862,Nadia,Antonioni,nadia.antonioni48@virgilio.it,Roma,Lazio,Italy,2023-07-03,Bronze,50+
CUST_02863,Sylvia,Johnson,sylvia.johnson70@hotmail.it,Milano,Lombardia,Italy,2020-01-20,Bronze,36-50
CUST_02864,Orazio,Oliboni,orazio.oliboni69@outlook.com,Venezia,Veneto,Italy,2020-06-07,Silver,26-35
CUST_02865,Sante,Verdi,sante.verdi16@gmail.com,Torino,Piemonte,Italy,2020-08-05,Silver,50+
CUST_02866,Melissa,Spadafora,melissa.spadafora52@virgilio.it,Firenze,Toscana,Italy,2024-04-06,Bronze,36-50
CUST_02867,Matteo,Ziani,matteo.ziani99@hotmail.it,Trieste,Friuli-Venezia Giulia,Italy,2023-05-16,Bronze,18-25
CUST_02868,Tiziano,Migliaccio,tiziano.migliaccio59@icloud.com,Bari,Puglia,Italy,2023-04-06,Bronze,50+
CUST_02869,Kimberley,Newman,kimberley.newman20@gmail.com,Trieste,Friuli-Venezia Giulia,Italy,2022-11-04,Gold,36-50
CUST_02870,Brett,Browne,brett.browne95@icloud.com,Napoli,Campania,Italy,2021-07-07,Silver,26-35
CUST_02871,Osvaldo,Jovinelli,osvaldo.jovinelli83@outlook.com,Milano,Lombardia,Italy,2023-02-13,Silver,26-35
CUST_02872,Filippo,Aulenti,filippo.aulenti61@outlook.com,Palermo,Sicilia,Italy,2022-02-28,Bronze,36-50
CUST_02873,Jay,Kaur,jay.kaur97@hotmail.it,Roma,Lazio,Italy,2020-06-23,Silver,36-50
CUST_02874,Lucio,Galiazzo,lucio.galiazzo73@virgilio.it,Napoli,Campania,Italy,2023-05-25,Bronze,26-35
CUST_02875,Carly,Jarvis,carly.jarvis44@yahoo.it,Milano,Lombardia,Italy,2020-05-03,Silver,26-35
CUST_02876,Lydia,Hall,lydia.hall94@virgilio.it,Padova,Veneto,Italy,2020-11-01,Bronze,26-35
CUST_02877,Bethan,Jones,bethan.jones6@hotmail.it,Milano,Lombardia,Italy,2023-11-16,Bronze,36-50
CUST_02878,Amadeo,Lollobrigida,amadeo.lollobrigida87@yahoo.it,Cagliari,Sardegna,Italy,2023-04-12,Bronze,26-35
CUST_02879,Arturo,Serlupi,arturo.serlupi40@gmail.com,Trieste,Friuli-Venezia Giulia,Italy,2023-02-28,Bronze,18-25
CUST_02880,Virgilio,Nugnes,virgilio.nugnes52@libero.it,Napoli,Campania,Italy,2022-03-15,Platinum,36-50
CUST_02881,Marisa,Giannini,marisa.giannini58@icloud.com,Bari,Puglia,Italy,2022-02-02,Bronze,36-50
CUST_02882,Justin,Barker,justin.barker12@icloud.com,Genova,Liguria,Italy,2023-05-26,Bronze,36-50
CUST_02883,Ermes,Callegari,ermes.callegari8@libero.it,Verona,Veneto,Italy,2023-08-04,Silver,26-35
CUST_02884,Gioffre,Giusti,gioffre.giusti75@libero.it,Napoli,Campania,Italy,2022-08-22,Gold,26-35
CUST_02885,Philip,Edwards,philip.edwards99@outlook.com,Verona,Veneto,Italy,2024-05-25,Bronze,26-35
CUST_02886,Clare,Sims,clare.sims26@gmail.com,Napoli,Campania,Italy,2024-05-08,Silver,50+
CUST_02887,Reece,Thomas,reece.thomas11@virgilio.it,Perugia,Umbria,Italy,2022-03-04,Gold,36-50
CUST_02888,Marc,Young,marc.young87@yahoo.it,Napoli,Campania,Italy,2023-11-20,Bronze,26-35
CUST_02889,Goffredo,Ubaldi,goffredo.ubaldi66@email.it,Napoli,Campania,Italy,2022-10-15,Bronze,26-35
CUST_02890,Patrizia,Bertolucci,patrizia.bertolucci25@virgilio.it,Verona,Veneto,Italy,2022-08-25,Bronze,36-50
CUST_02891,Guy,McDonald,guy.mcdonald41@gmail.com,Padova,Veneto,Italy,2019-07-10,Gold,36-50
CUST_02892,Marina,Galilei,marina.galilei86@icloud.com,Bologna,Emilia-Romagna,Italy,2022-12-03,Bronze,36-50
CUST_02893,Aria,Pedroni,aria.pedroni51@hotmail.it,Roma,Lazio,Italy,2024-03-01,Bronze,50+
CUST_02894,Michelangelo,Dovara,michelangelo.dovara92@email.it,Napoli,Campania,Italy,2023-09-27,Silver,36-50
CUST_02895,Federigo,Ginese,federigo.ginese48@email.it,Lecce,Puglia,Italy,2023-10-06,Silver,36-50
CUST_02896,Katherine,Matthews,katherine.matthews48@gmail.com,Bari,Puglia,Italy,2020-08-06,Bronze,50+
CUST_02897,Carla,Merisi,carla.merisi37@icloud.com,Verona,Veneto,Italy,2021-11-21,Silver,36-50
CUST_02898,Olga,Offredi,olga.offredi45@outlook.com,Milano,Lombardia,Italy,2021-02-19,Bronze,36-50
CUST_02899,Camilla,Babbo,camilla.babbo58@yahoo.it,Napoli,Campania,Italy,2021-08-26,Bronze,50+
CUST_02900,Irma,Nievo,irma.nievo28@virgilio.it,Genova,Liguria,Italy,2022-12-12,Silver,26-35
CUST_02901,Antonella,Zarlino,antonella.zarlino95@email.it,Padova,Veneto,Italy,2021-12-04,Gold,26-35
CUST_02902,Elmo,Zanzi,elmo.zanzi57@outlook.com,Milano,Lombardia,Italy,2022-11-12,Bronze,50+
CUST_02903,Paige,Jones,paige.jones21@email.it,Padova,Veneto,Italy,2022-04-21,Gold,36-50
CUST_02904,Francesco,Surian,francesco.surian94@email.it,Bologna,Emilia-Romagna,Italy,2021-06-24,Silver,50+
CUST_02905,Alessandra,Mascheroni,alessandra.mascheroni18@yahoo.it,Roma,Lazio,Italy,2020-01-03,Bronze,18-25
CUST_02906,Federico,Storladi,federico.storladi19@libero.it,Firenze,Toscana,Italy,2024-02-19,Silver,36-50
CUST_02907,Angelo,Bulzoni,angelo.bulzoni39@virgilio.it,Firenze,Toscana,Italy,2018-09-10,Bronze,18-25
CUST_02908,Arsenio,Giannini,arsenio.giannini68@icloud.com,Bologna,Emilia-Romagna,Italy,2018-04-06,Platinum,36-50
CUST_02909,Alan,Mitchell,alan.mitchell9@email.it,Milano,Lombardia,Italy,2023-11-28,Gold,26-35
CUST_02910,Chiara,Galiazzo,chiara.galiazzo12@gmail.com,Roma,Lazio,Italy,2024-06-27,Bronze,18-25
CUST_02911,Karl,Hussain,karl.hussain53@outlook.com,Verona,Veneto,Italy,2023-07-17,Bronze,18-25
CUST_02912,Alessandro,Troisi,alessandro.troisi54@hotmail.it,Milano,Lombardia,Italy,2018-10-20,Bronze,36-50
CUST_02913,Sandro,Abate,sandro.abate72@virgilio.it,Roma,Lazio,Italy,2021-02-03,Bronze,26-35
CUST_02914,Marco,Finetti,marco.finetti91@hotmail.it,Napoli,Campania,Italy,2024-05-28,Bronze,18-25
CUST_02915,Anthony,Taylor,anthony.taylor26@hotmail.it,Bologna,Emilia-Romagna,Italy,2023-11-04,Bronze,26-35
CUST_02916,Olga,Ceschi,olga.ceschi49@outlook.com,Bari,Puglia,Italy,2022-11-22,Silver,26-35
CUST_02917,Massimiliano,Einaudi,massimiliano.einaudi71@virgilio.it,Napoli,Campania,Italy,2021-02-28,Bronze,50+
CUST_02918,Nina,Missoni,nina.missoni6@outlook.com,Verona,Veneto,Italy,2018-10-12,Gold,26-35
CUST_02919,Atenulf,Argenti,atenulf.argenti75@outlook.com,Genova,Liguria,Italy,2018-12-09,Gold,26-35
CUST_02920,Enrico,Civaschi,enrico.civaschi64@virgilio.it,Milano,Lombardia,Italy,2023-01-31,Bronze,50+
CUST_02921,Matilda,Capuana,matilda.capuana29@gmail.com,Roma,Lazio,Italy,2018-12-17,Gold,36-50
CUST_02922,Rossana,Trobbiani,rossana.trobbiani1@hotmail.it,Napoli,Campania,Italy,2024-06-23,Bronze,36-50
CUST_02923,Sonia,Ossani,sonia.ossani34@outlook.com,Torino,Piemonte,Italy,2020-10-12,Bronze,36-50
CUST_02924,Benito,Paltrinieri,benito.paltrinieri82@virgilio.it,Bari,Puglia,Italy,2023-06-24,Silver,50+
CUST_02925,Mohamed,Robertson,mohamed.robertson16@outlook.com,Venezia,Veneto,Italy,2020-07-23,Bronze,26-35
CUST_02926,Laura,Williams,laura.williams54@hotmail.it,Torino,Piemonte,Italy,2022-10-10,Silver,50+
CUST_02927,Tracey,Reid,tracey.reid63@libero.it,Roma,Lazio,Italy,2019-11-05,Gold,50+
CUST_02928,Irma,Petrassi,irma.petrassi4@yahoo.it,Roma,Lazio,Italy,2023-09-09,Platinum,36-50
CUST_02929,Bianca,Callegaro,bianca.callegaro98@outlook.com,Venezia,Veneto,Italy,2022-12-20,Silver,36-50
CUST_02930,Martino,Marangoni,martino.marangoni64@yahoo.it,Napoli,Campania,Italy,2019-11-28,Silver,36-50
CUST_02931,Luigi,Cianciolo,luigi.cianciolo77@icloud.com,Bologna,Emilia-Romagna,Italy,2023-12-26,Bronze,18-25
CUST_02932,Ermenegildo,Romagnoli,ermenegildo.romagnoli75@virgilio.it,Roma,Lazio,Italy,2022-10-21,Bronze,26-35
CUST_02933,Morena,Spinola,morena.spinola73@email.it,Palermo,Sicilia,Italy,2024-03-28,Silver,50+
CUST_02934,Federica,Mercantini,federica.mercantini34@virgilio.it,Padova,Veneto,Italy,2024-03-21,Bronze,36-50
CUST_02935,Federico,Zampa,federico.zampa89@yahoo.it,Roma,Lazio,Italy,2024-03-26,Bronze,26-35
CUST_02936,Emma,Cook,emma.cook48@gmail.com,Napoli,Campania,Italy,2019-10-24,Bronze,36-50
CUST_02937,Griselda,Notarbartolo,griselda.notarbartolo34@hotmail.it,Lecce,Puglia,Italy,2020-04-04,Silver,36-50
CUST_02938,Gianfranco,Duodo,gianfranco.duodo75@gmail.com,Firenze,Toscana,Italy,2024-06-16,Bronze,18-25
CUST_02939,Nicolò,Martinelli,nicolò.martinelli19@icloud.com,Venezia,Veneto,Italy,2022-07-15,Silver,36-50
CUST_02940,Livia,Majorana,livia.majorana60@hotmail.it,Milano,Lombardia,Italy,2021-03-03,Bronze,36-50
CUST_02941,Dionigi,Einaudi,dionigi.einaudi46@hotmail.it,Venezia,Veneto,Italy,2023-09-13,Bronze,26-35
CUST_02942,Christian,Hughes,christian.hughes7@outlook.com,Milano,Lombardia,Italy,2021-05-04,Bronze,50+
CUST_02943,Jean,Owen,jean.owen47@email.it,Ancona,Marche,Italy,2023-07-17,Bronze,26-35
CUST_02944,Lina,Abbagnale,lina.abbagnale82@icloud.com,Catania,Sicilia,Italy,2023-12-12,Gold,36-50
CUST_02945,Maureen,Phillips,maureen.phillips7@outlook.com,Verona,Veneto,Italy,2023-10-03,Bronze,18-25
CUST_02946,Jake,Wood,jake.wood38@yahoo.it,Catania,Sicilia,Italy,2021-05-27,Bronze,36-50
CUST_02947,Jason,Crawford,jason.crawford66@libero.it,Venezia,Veneto,Italy,2022-02-12,Silver,26-35
CUST_02948,Jeremy,Kaur,jeremy.kaur99@hotmail.it,Napoli,Campania,Italy,2022-03-06,Bronze,26-35
CUST_02949,Iolanda,Peranda,iolanda.peranda98@yahoo.it,Trieste,Friuli-Venezia Giulia,Italy,2022-07-22,Bronze,50+
CUST_02950,Serafina,Zoppetti,serafina.zoppetti77@hotmail.it,Ancona,Marche,Italy,2020-08-28,Bronze,18-25
CUST_02951,Amedeo,Faggiani,amedeo.faggiani70@icloud.com,Napoli,Campania,Italy,2022-05-16,Platinum,36-50
CUST_02952,Chiara,Merisi,chiara.merisi41@outlook.com,Perugia,Umbria,Italy,2022-08-23,Silver,36-50
CUST_02953,Danny,Webb,danny.webb35@icloud.com,Venezia,Veneto,Italy,2022-09-27,Bronze,50+
CUST_02954,Paloma,Galvani,paloma.galvani13@icloud.com,Bologna,Emilia-Romagna,Italy,2023-11-19,Bronze,36-50
CUST_02955,Toby,Benson,toby.benson19@gmail.com,Napoli,Campania,Italy,2022-09-03,Bronze,18-25
CUST_02956,Stewart,Williams,stewart.williams18@outlook.com,Roma,Lazio,Italy,2021-02-13,Bronze,18-25
CUST_02957,Rachel,Thompson,rachel.thompson48@virgilio.it,Milano,Lombardia,Italy,2023-04-17,Silver,50+
CUST_02958,Louise,Parsons,louise.parsons53@icloud.com,Roma,Lazio,Italy,2023-10-20,Gold,50+
CUST_02959,Eugenia,Ziani,eugenia.ziani21@yahoo.it,Napoli,Campania,Italy,2021-09-02,Bronze,26-35
CUST_02960,Coluccio,Tamburello,coluccio.tamburello28@hotmail.it,Torino,Piemonte,Italy,2023-03-22,Gold,36-50
CUST_02961,Elmo,Montanari,elmo.montanari65@libero.it,Napoli,Campania,Italy,2020-06-28,Bronze,36-50
CUST_02962,Lucrezia,Bosio,lucrezia.bosio25@yahoo.it,Reggio Calabria,Calabria,Italy,2021-10-19,Bronze,50+
CUST_02963,Gilberto,Nadi,gilberto.nadi54@virgilio.it,Torino,Piemonte,Italy,2024-03-12,Bronze,50+
CUST_02964,Lucio,Detti,lucio.detti10@yahoo.it,Napoli,Campania,Italy,2024-03-15,Bronze,50+
CUST_02965,Luke,Wood,luke.wood17@gmail.com,Milano,Lombardia,Italy,2022-12-05,Gold,50+
CUST_02966,Erika,Brunello,erika.brunello62@icloud.com,Milano,Lombardia,Italy,2023-06-12,Bronze,50+
CUST_02967,Pina,Morabito,pina.morabito40@icloud.com,Bari,Puglia,Italy,2024-01-02,Bronze,26-35
CUST_02968,Riccardo,Amato,riccardo.amato18@virgilio.it,Bologna,Emilia-Romagna,Italy,2024-05-12,Platinum,50+
CUST_02969,Giustino,Foscari,giustino.foscari77@icloud.com,Bari,Puglia,Italy,2022-07-19,Gold,36-50
CUST_02970,Gionata,Boito,gionata.boito23@outlook.com,Roma,Lazio,Italy,2022-11-14,Silver,50+
CUST_02971,Jay,Richards,jay.richards4@yahoo.it,Bologna,Emilia-Romagna,Italy,2022-03-10,Gold,36-50
CUST_02972,Maurizio,Guariento,maurizio.guariento29@hotmail.it,Roma,Lazio,Italy,2019-09-29,Bronze,18-25
CUST_02973,Tracy,Robertson,tracy.robertson89@hotmail.it,Roma,Lazio,Italy,2022-03-23,Gold,36-50
CUST_02974,Michela,Cannizzaro,michela.cannizzaro89@libero.it,Milano,Lombardia,Italy,2023-10-11,Silver,36-50
CUST_02975,Kevin,Tucker,kevin.tucker40@hotmail.it,Milano,Lombardia,Italy,2023-10-30,Gold,26-35
CUST_02976,Liana,Abba,liana.abba27@hotmail.it,Firenze,Toscana,Italy,2024-02-20,Silver,26-35
CUST_02977,Antonio,Pavone,antonio.pavone11@email.it,Milano,Lombardia,Italy,2019-06-22,Bronze,36-50
CUST_02978,Raimondo,Puccini,raimondo.puccini89@yahoo.it,Reggio Calabria,Calabria,Italy,2022-09-19,Silver,26-35
CUST_02979,Kim,Stevenson,kim.stevenson10@gmail.com,Firenze,Toscana,Italy,2020-02-17,Bronze,26-35
CUST_02980,Fabio,Porcellato,fabio.porcellato62@email.it,Milano,Lombardia,Italy,2020-11-28,Bronze,18-25
CUST_02981,Silvio,Pareto,silvio.pareto6@libero.it,Roma,Lazio,Italy,2024-03-01,Bronze,50+
CUST_02982,Sally,Roberts,sally.roberts14@gmail.com,Venezia,Veneto,Italy,2022-07-31,Gold,36-50
CUST_02983,Josephine,Walsh,josephine.walsh85@gmail.com,Milano,Lombardia,Italy,2023-08-29,Bronze,18-25
CUST_02984,Maurizio,Vergassola,maurizio.vergassola61@yahoo.it,Trieste,Friuli-Venezia Giulia,Italy,2019-08-25,Silver,36-50
CUST_02985,Robert,Wilkins,robert.wilkins33@gmail.com,Lecce,Puglia,Italy,2022-03-12,Bronze,36-50
CUST_02986,Nicola,Calvo,nicola.calvo9@outlook.com,Roma,Lazio,Italy,2023-05-03,Platinum,18-25
CUST_02987,Renata,Soffici,renata.soffici86@gmail.com,Napoli,Campania,Italy,2020-05-16,Bronze,26-35
CUST_02988,Milena,Gatto,milena.gatto97@yahoo.it,Milano,Lombardia,Italy,2021-09-16,Silver,36-50
CUST_02989,Tina,Davies,tina.davies16@libero.it,Genova,Liguria,Italy,2019-08-26,Gold,36-50
CUST_02990,Jennifer,Howells,jennifer.howells76@libero.it,Torino,Piemonte,Italy,2023-03-31,Bronze,36-50
CUST_02991,Ettore,Salvini,ettore.salvini24@icloud.com,Roma,Lazio,Italy,2024-05-27,Bronze,26-35
CUST_02992,Benito,Balotelli,benito.balotelli4@yahoo.it,Roma,Lazio,Italy,2023-11-29,Silver,26-35
CUST_02993,Lando,Aporti,lando.aporti19@outlook.com,Palermo,Sicilia,Italy,2024-05-31,Gold,50+
CUST_02994,Joseph,Smith,joseph.smith75@icloud.com,Torino,Piemonte,Italy,2023-12-23,Silver,26-35
CUST_02995,Leah,Owen,leah.owen46@hotmail.it,Roma,Lazio,Italy,2024-01-04,Bronze,36-50
CUST_02996,Lucio,Gulotta,lucio.gulotta65@libero.it,Palermo,Sicilia,Italy,2022-12-08,Gold,18-25
CUST_02997,Jacqueline,Wells,jacqueline.wells65@yahoo.it,Bologna,Emilia-Romagna,Italy,2022-09-05,Bronze,26-35
CUST_02998,Ryan,Butler,ryan.butler13@gmail.com,Trieste,Friuli-Venezia Giulia,Italy,2022-02-21,Silver,26-35
CUST_02999,Coluccio,Borgia,coluccio.borgia68@libero.it,Milano,Lombardia,Italy,2023-11-17,Gold,26-35
CUST_03000,Massimo,Donati,massimo.donati92@libero.it,Verona,Veneto,Italy,2020-10-09,Bronze,26-35
CUST_03001,Vanessa,Panicucci,vanessa.panicucci37@hotmail.it,Palermo,Sicilia,Italy,2019-07-17,Silver,26-35
CUST_03002,Ernesto,Borromeo,ernesto.borromeo97@gmail.com,Milano,Lombardia,Italy,2024-04-29,Silver,36-50
CUST_03003,Allegra,Caboto,allegra.caboto93@yahoo.it,Palermo,Sicilia,Italy,2018-05-26,Gold,36-50
CUST_03004,Martino,Soprano,martino.soprano28@virgilio.it,Napoli,Campania,Italy,2024-06-03,Bronze,18-25
CUST_03005,Josephine,Power,josephine.power47@hotmail.it,Ancona,Marche,Italy,2023-07-19,Bronze,50+
CUST_03006,Irma,Bajamonti,irma.bajamonti57@yahoo.it,Roma,Lazio,Italy,2021-09-21,Gold,26-35
CUST_03007,Puccio,Dandolo,puccio.dandolo24@icloud.com,Genova,Liguria,Italy,2023-06-06,Bronze,26-35
CUST_03008,Clelia,Rizzo,clelia.rizzo49@email.it,Torino,Piemonte,Italy,2023-11-17,Bronze,36-50
CUST_03009,Ermenegildo,Bernetti,ermenegildo.bernetti28@libero.it,Ancona,Marche,Italy,2021-03-21,Platinum,36-50
CUST_03010,Ciro,Montanari,ciro.montanari53@yahoo.it,Firenze,Toscana,Italy,2023-09-15,Bronze,36-50
CUST_03011,Geronimo,Favata,geronimo.favata98@icloud.com,Lecce,Puglia,Italy,2023-10-30,Platinum,18-25
CUST_03012,Pierangelo,Visintini,pierangelo.visintini16@virgilio.it,Trento,Trentino-Alto Adige,Italy,2021-03-30,Bronze,50+
CUST_03013,Licia,Vecoli,licia.vecoli15@hotmail.it,Roma,Lazio,Italy,2019-05-01,Bronze,36-50
CUST_03014,Giustino,Lombardi,giustino.lombardi64@icloud.com,Verona,Veneto,Italy,2020-12-07,Silver,18-25
CUST_03015,Lazzaro,Gioberti,lazzaro.gioberti91@outlook.com,Reggio Calabria,Calabria,Italy,2020-11-28,Silver,26-35
CUST_03016,Lauren,Patel,lauren.patel72@gmail.com,Roma,Lazio,Italy,2019-08-29,Silver,50+
CUST_03017,Cipriano,Benedetti,cipriano.benedetti11@icloud.com,Napoli,Campania,Italy,2023-07-15,Silver,36-50
CUST_03018,Panfilo,Vianello,panfilo.vianello64@yahoo.it,Bologna,Emilia-Romagna,Italy,2022-01-02,Gold,18-25
CUST_03019,Martin,Allen,martin.allen50@outlook.com,Firenze,Toscana,Italy,2024-02-10,Bronze,26-35
CUST_03020,Rosalia,Stradivari,rosalia.stradivari59@outlook.com,Milano,Lombardia,Italy,2021-04-06,Bronze,26-35
CUST_03021,Eraldo,Berrè,eraldo.berrè88@virgilio.it,Roma,Lazio,Italy,2022-05-17,Bronze,36-50
CUST_03022,Melanie,Owen,melanie.owen29@email.it,Firenze,Toscana,Italy,2023-03-12,Silver,50+
CUST_03023,Michelotto,Agazzi,michelotto.agazzi38@email.it,Napoli,Campania,Italy,2024-02-01,Bronze,26-35
CUST_03024,Pompeo,Brugnaro,pompeo.brugnaro25@yahoo.it,Roma,Lazio,Italy,2022-09-15,Bronze,26-35
CUST_03025,Terry,Brooks,terry.brooks61@icloud.com,Trieste,Friuli-Venezia Giulia,Italy,2021-12-21,Bronze,50+
CUST_03026,Frederick,Hunt,frederick.hunt23@gmail.com,Catania,Sicilia,Italy,2024-01-19,Bronze,36-50
CUST_03027,Richard,Newman,richard.newman87@virgilio.it,Milano,Lombardia,Italy,2021-08-14,Bronze,36-50
CUST_03028,Lando,Solari,lando.solari87@yahoo.it,Genova,Liguria,Italy,2019-10-31,Silver,26-35
CUST_03029,Galasso,Cagnin,galasso.cagnin51@virgilio.it,Palermo,Sicilia,Italy,2022-05-02,Bronze,36-50
CUST_03030,Alfredo,Foconi,alfredo.foconi67@yahoo.it,Ancona,Marche,Italy,2023-10-04,Gold,36-50
CUST_03031,Fausto,Maffei,fausto.maffei16@hotmail.it,Milano,Lombardia,Italy,2019-02-20,Silver,26-35
CUST_03032,Biagio,Sforza,biagio.sforza51@email.it,Roma,Lazio,Italy,2022-12-22,Bronze,50+
CUST_03033,Rosina,Carpaccio,rosina.carpaccio89@yahoo.it,Perugia,Umbria,Italy,2023-01-04,Silver,50+
CUST_03034,Dawn,Weston,dawn.weston95@hotmail.it,Perugia,Umbria,Italy,2024-04-05,Bronze,36-50
CUST_03035,Livio,Petruzzi,livio.petruzzi9@icloud.com,Catania,Sicilia,Italy,2021-06-23,Silver,36-50
CUST_03036,Sabatino,Stefanelli,sabatino.stefanelli26@icloud.com,Bari,Puglia,Italy,2021-06-06,Platinum,36-50
CUST_03037,Virginia,Iannuzzi,virginia.iannuzzi26@email.it,Milano,Lombardia,Italy,2022-04-24,Silver,26-35
CUST_03038,Carlo,Vercelloni,carlo.vercelloni16@libero.it,Napoli,Campania,Italy,2021-11-18,Silver,26-35
CUST_03039,Osvaldo,Falloppio,osvaldo.falloppio55@virgilio.it,Roma,Lazio,Italy,2023-07-30,Bronze,36-50
CUST_03040,Napoleone,Paruta,napoleone.paruta36@outlook.com,Roma,Lazio,Italy,2023-03-16,Bronze,36-50
CUST_03041,Napoleone,Fanucci,napoleone.fanucci97@email.it,Verona,Veneto,Italy,2023-08-30,Gold,50+
CUST_03042,Riccardo,Bazzi,riccardo.bazzi46@virgilio.it,Milano,Lombardia,Italy,2023-11-19,Bronze,18-25
CUST_03043,Chelsea,Hardy,chelsea.hardy86@email.it,Napoli,Campania,Italy,2024-03-29,Bronze,36-50
CUST_03044,Elliot,Campbell,elliot.campbell63@outlook.com,Perugia,Umbria,Italy,2022-04-07,Bronze,36-50
CUST_03045,Giuseppe,Rosselli,giuseppe.rosselli19@virgilio.it,Roma,Lazio,Italy,2024-06-12,Silver,36-50
CUST_03046,Rosario,Iannelli,rosario.iannelli14@yahoo.it,Lecce,Puglia,Italy,2021-01-06,Bronze,50+
CUST_03047,Allan,Turner,allan.turner33@virgilio.it,Reggio Calabria,Calabria,Italy,2023-06-29,Gold,50+
CUST_03048,Mitchell,Faulkner,mitchell.faulkner64@libero.it,Bologna,Emilia-Romagna,Italy,2022-09-30,Bronze,18-25
CUST_03049,Gianluca,Ioppi,gianluca.ioppi81@hotmail.it,Roma,Lazio,Italy,2023-11-15,Bronze,18-25
CUST_03050,Abigail,Thorpe,abigail.thorpe4@yahoo.it,Firenze,Toscana,Italy,2022-06-27,Silver,18-25
CUST_03051,Annetta,Bixio,annetta.bixio95@gmail.com,Napoli,Campania,Italy,2023-10-03,Bronze,36-50
CUST_03052,Barry,Davis,barry.davis9@virgilio.it,Firenze,Toscana,Italy,2024-04-07,Silver,26-35
CUST_03053,Alison,Lord,alison.lord87@gmail.com,Firenze,Toscana,Italy,2023-07-24,Bronze,36-50
CUST_03054,Enzo,Cagnin,enzo.cagnin23@email.it,Lecce,Puglia,Italy,2023-09-22,Bronze,26-35
CUST_03055,Louise,Turner,louise.turner78@icloud.com,Roma,Lazio,Italy,2019-09-07,Bronze,36-50
CUST_03056,Calcedonio,Muratori,calcedonio.muratori20@outlook.com,Catania,Sicilia,Italy,2020-12-10,Gold,36-50
CUST_03057,Jill,Morgan,jill.morgan80@yahoo.it,Milano,Lombardia,Italy,2024-05-31,Silver,36-50
CUST_03058,Ornella,Vendetti,ornella.vendetti98@yahoo.it,Venezia,Veneto,Italy,2023-05-30,Silver,36-50
CUST_03059,Stanley,King,stanley.king85@virgilio.it,Cagliari,Sardegna,Italy,2022-11-13,Bronze,18-25
CUST_03060,Piergiuseppe,Gentili,piergiuseppe.gentili60@libero.it,Firenze,Toscana,Italy,2021-12-08,Silver,26-35
CUST_03061,Angelica,Bignardi,angelica.bignardi38@virgilio.it,Roma,Lazio,Italy,2019-05-15,Bronze,36-50
CUST_03062,Rosalia,Pederiva,rosalia.pederiva63@outlook.com,Palermo,Sicilia,Italy,2021-12-12,Gold,36-50
CUST_03063,Carolyn,Collins,carolyn.collins70@icloud.com,Catania,Sicilia,Italy,2022-08-03,Silver,50+
CUST_03064,Joanna,Harris,joanna.harris70@gmail.com,Palermo,Sicilia,Italy,2020-12-26,Silver,50+
CUST_03065,Clifford,Barton,clifford.barton98@gmail.com,Firenze,Toscana,Italy,2020-09-14,Bronze,50+
CUST_03066,Carolyn,Bennett,carolyn.bennett56@yahoo.it,Roma,Lazio,Italy,2022-08-19,Silver,26-35
CUST_03067,Pierina,Tresoldi,pierina.tresoldi50@virgilio.it,Ancona,Marche,Italy,2022-12-22,Bronze,36-50
CUST_03068,Piero,Ungaretti,piero.ungaretti41@email.it,Perugia,Umbria,Italy,2021-03-08,Gold,26-35
CUST_03069,Giuseppina,Sibilia,giuseppina.sibilia57@virgilio.it,Napoli,Campania,Italy,2022-12-24,Bronze,26-35
CUST_03070,Antonina,Gigli,antonina.gigli5@gmail.com,Padova,Veneto,Italy,2024-03-01,Bronze,26-35
CUST_03071,Salvi,Mannoia,salvi.mannoia23@outlook.com,Napoli,Campania,Italy,2022-06-21,Bronze,18-25
CUST_03072,Bernardo,Peruzzi,bernardo.peruzzi91@hotmail.it,Napoli,Campania,Italy,2024-01-07,Bronze,26-35
CUST_03073,Silvia,Barbarigo,silvia.barbarigo63@email.it,Roma,Lazio,Italy,2024-04-04,Bronze,36-50
CUST_03074,Tiziano,Traetta,tiziano.traetta18@outlook.com,Napoli,Campania,Italy,2019-12-22,Gold,50+
CUST_03075,Nicoletta,Comeriato,nicoletta.comeriato92@email.it,Bologna,Emilia-Romagna,Italy,2020-01-05,Silver,26-35
CUST_03076,Dante,Salandra,dante.salandra63@yahoo.it,Milano,Lombardia,Italy,2022-06-26,Gold,50+
CUST_03077,Kim,Coleman,kim.coleman73@virgilio.it,Napoli,Campania,Italy,2022-12-25,Gold,26-35
CUST_03078,Linda,Bond,linda.bond85@virgilio.it,Verona,Veneto,Italy,2022-03-29,Bronze,26-35
CUST_03079,Adrian,Robinson,adrian.robinson61@hotmail.it,Palermo,Sicilia,Italy,2021-09-17,Silver,36-50
CUST_03080,Fedele,Desio,fedele.desio65@gmail.com,Genova,Liguria,Italy,2023-03-15,Bronze,36-50
CUST_03081,Giacomo,Ferragamo,giacomo.ferragamo51@outlook.com,Cagliari,Sardegna,Italy,2018-04-18,Gold,18-25
CUST_03082,Bradley,Smith,bradley.smith64@email.it,Milano,Lombardia,Italy,2024-05-23,Bronze,26-35
CUST_03083,Dino,Bataglia,dino.bataglia79@icloud.com,Bologna,Emilia-Romagna,Italy,2021-02-16,Bronze,36-50
CUST_03084,Piersanti,Bossi,piersanti.bossi99@outlook.com,Verona,Veneto,Italy,2024-03-22,Bronze,26-35
CUST_03085,Giuliana,Rocca,giuliana.rocca42@gmail.com,Bologna,Emilia-Romagna,Italy,2020-02-23,Bronze,36-50
CUST_03086,Gaspare,Comisso,gaspare.comisso4@gmail.com,Firenze,Toscana,Italy,2021-03-03,Bronze,36-50
CUST_03087,Romana,Guglielmi,romana.guglielmi17@icloud.com,Roma,Lazio,Italy,2021-02-23,Bronze,26-35
CUST_03088,Lucio,Boitani,lucio.boitani45@gmail.com,Trento,Trentino-Alto Adige,Italy,2024-06-26,Silver,50+
CUST_03089,Calogero,Pedrazzini,calogero.pedrazzini98@icloud.com,Napoli,Campania,Italy,2018-06-10,Gold,26-35
CUST_03090,Angelina,Petrucelli,angelina.petrucelli49@yahoo.it,Trieste,Friuli-Venezia Giulia,Italy,2023-03-13,Bronze,36-50
CUST_03091,Amanda,Modugno,amanda.modugno55@icloud.com,Venezia,Veneto,Italy,2024-01-22,Bronze,36-50
CUST_03092,Valerie,Payne,valerie.payne46@email.it,Palermo,Sicilia,Italy,2023-04-30,Gold,50+
CUST_03093,Simonetta,Leopardi,simonetta.leopardi45@gmail.com,Verona,Veneto,Italy,2021-11-29,Bronze,36-50
CUST_03094,Umberto,Satta,umberto.satta85@libero.it,Palermo,Sicilia,Italy,2024-05-11,Gold,36-50
CUST_03095,Andrea,Allen,andrea.allen32@libero.it,Torino,Piemonte,Italy,2024-02-22,Bronze,26-35
CUST_03096,Tatiana,Anastasi,tatiana.anastasi83@outlook.com,Napoli,Campania,Italy,2022-04-13,Silver,36-50
CUST_03097,Michela,Tresoldi,michela.tresoldi76@yahoo.it,Verona,Veneto,Italy,2022-12-02,Silver,36-50
CUST_03098,Melissa,Puccini,melissa.puccini89@yahoo.it,Torino,Piemonte,Italy,2024-05-23,Silver,26-35
CUST_03099,Costanzo,Porzio,costanzo.porzio40@yahoo.it,Torino,Piemonte,Italy,2024-06-10,Gold,50+
CUST_03100,Enzio,Comolli,enzio.comolli44@hotmail.it,Milano,Lombardia,Italy,2022-05-11,Bronze,18-25
CUST_03101,Jade,Roberts,jade.roberts3@icloud.com,Cagliari,Sardegna,Italy,2023-12-25,Bronze,50+
CUST_03102,Antonella,Callegari,antonella.callegari5@virgilio.it,Milano,Lombardia,Italy,2021-07-27,Silver,50+
CUST_03103,Coriolano,Zanichelli,coriolano.zanichelli85@email.it,Genova,Liguria,Italy,2021-12-17,Gold,36-50
CUST_03104,Melina,Callegaro,melina.callegaro73@email.it,Torino,Piemonte,Italy,2020-08-21,Bronze,36-50
CUST_03105,Michela,Lucciano,michela.lucciano35@gmail.com,Torino,Piemonte,Italy,2020-12-21,Gold,26-35
CUST_03106,Stella,Ungaretti,stella.ungaretti90@virgilio.it,Palermo,Sicilia,Italy,2023-04-08,Bronze,50+
CUST_03107,Tiziana,Muratori,tiziana.muratori76@gmail.com,Milano,Lombardia,Italy,2022-08-23,Bronze,18-25
CUST_03108,Tina,Polani,tina.polani41@email.it,Venezia,Veneto,Italy,2021-02-14,Silver,36-50
CUST_03109,Giustino,Pasqua,giustino.pasqua74@email.it,Bari,Puglia,Italy,2022-02-15,Bronze,36-50
CUST_03110,Filippa,Spanevello,filippa.spanevello42@yahoo.it,Padova,Veneto,Italy,2021-12-20,Silver,50+
CUST_03111,Antonietta,Serraglio,antonietta.serraglio63@yahoo.it,Roma,Lazio,Italy,2024-06-15,Bronze,36-50
CUST_03112,Lynn,Clarke,lynn.clarke89@libero.it,Trento,Trentino-Alto Adige,Italy,2024-01-02,Bronze,36-50
CUST_03113,Angelo,Doria,angelo.doria44@virgilio.it,Palermo,Sicilia,Italy,2022-01-17,Silver,18-25
CUST_03114,Guido,Pincherle,guido.pincherle65@icloud.com,Trieste,Friuli-Venezia Giulia,Italy,2024-03-18,Silver,26-35
CUST_03115,Emilio,Pigafetta,emilio.pigafetta22@outlook.com,Napoli,Campania,Italy,2021-10-20,Bronze,18-25
CUST_03116,Nicholas,Collins,nicholas.collins47@email.it,Bologna,Emilia-Romagna,Italy,2023-04-24,Bronze,50+
CUST_03117,Angelo,Petrassi,angelo.petrassi26@virgilio.it,Cagliari,Sardegna,Italy,2024-05-22,Bronze,36-50
CUST_03118,Veronica,Montanari,veronica.montanari82@yahoo.it,Trento,Trentino-Alto Adige,Italy,2022-01-22,Bronze,36-50
CUST_03119,Patricia,Watkins,patricia.watkins69@libero.it,Napoli,Campania,Italy,2023-05-11,Platinum,36-50
CUST_03120,Catherine,Carey,catherine.carey37@outlook.com,Firenze,Toscana,Italy,2021-07-14,Gold,36-50
CUST_03121,Graziella,Gioberti,graziella.gioberti7@outlook.com,Torino,Piemonte,Italy,2021-05-09,Bronze,18-25
CUST_03122,Armando,Siffredi,armando.siffredi74@email.it,Torino,Piemonte,Italy,2022-12-03,Bronze,26-35
CUST_03123,Michelle,West,michelle.west29@yahoo.it,Firenze,Toscana,Italy,2024-06-06,Gold,18-25
CUST_03124,Liam,Harvey,liam.harvey92@yahoo.it,Roma,Lazio,Italy,2022-05-17,Silver,36-50
CUST_03125,Elliott,Graham,elliott.graham76@icloud.com,Trieste,Friuli-Venezia Giulia,Italy,2024-04-16,Silver,26-35
CUST_03126,Graziano,Palladio,graziano.palladio35@yahoo.it,Milano,Lombardia,Italy,2024-03-19,Silver,36-50
CUST_03127,Alessandro,Moresi,alessandro.moresi73@virgilio.it,Palermo,Sicilia,Italy,2021-04-10,Bronze,36-50
CUST_03128,Paulina,Marcacci,paulina.marcacci55@libero.it,Roma,Lazio,Italy,2022-02-13,Bronze,36-50
CUST_03129,Barbara,Hall,barbara.hall45@yahoo.it,Torino,Piemonte,Italy,2023-03-19,Platinum,18-25
CUST_03130,Lorenzo,Liverotti,lorenzo.liverotti84@outlook.com,Milano,Lombardia,Italy,2022-09-04,Silver,26-35
CUST_03131,Rosaria,Strangio,rosaria.strangio65@outlook.com,Roma,Lazio,Italy,2020-01-05,Bronze,26-35
CUST_03132,Georgia,Ward,georgia.ward56@icloud.com,Bari,Puglia,Italy,2024-06-23,Bronze,36-50
CUST_03133,Sole,Caironi,sole.caironi26@email.it,Trento,Trentino-Alto Adige,Italy,2023-08-21,Bronze,18-25
CUST_03134,Lynn,Dawson,lynn.dawson52@outlook.com,Roma,Lazio,Italy,2022-04-19,Silver,50+
CUST_03135,Stella,Gentilini,stella.gentilini80@virgilio.it,Napoli,Campania,Italy,2023-02-09,Bronze,36-50
CUST_03136,Donato,Mantegna,donato.mantegna86@hotmail.it,Napoli,Campania,Italy,2019-12-03,Bronze,26-35
CUST_03137,Luciana,Ruberto,luciana.ruberto3@hotmail.it,Trieste,Friuli-Venezia Giulia,Italy,2022-07-28,Gold,36-50
CUST_03138,Justin,Read,justin.read74@virgilio.it,Bari,Puglia,Italy,2024-04-08,Bronze,36-50
CUST_03139,Matilda,Micheletti,matilda.micheletti28@virgilio.it,Napoli,Campania,Italy,2024-02-25,Bronze,36-50
CUST_03140,Graziano,Prati,graziano.prati35@email.it,Palermo,Sicilia,Italy,2021-10-10,Bronze,26-35
CUST_03141,Callum,Williams,callum.williams73@gmail.com,Padova,Veneto,Italy,2022-09-26,Bronze,26-35
CUST_03142,Claudia,Bruno,claudia.bruno67@libero.it,Milano,Lombardia,Italy,2023-06-05,Bronze,26-35
CUST_03143,Francesco,Rossini,francesco.rossini47@virgilio.it,Torino,Piemonte,Italy,2021-10-15,Gold,26-35
CUST_03144,Giacomo,Pisaroni,giacomo.pisaroni19@libero.it,Cagliari,Sardegna,Italy,2019-08-28,Gold,36-50
CUST_03145,Lucia,Spadafora,lucia.spadafora20@outlook.com,Bari,Puglia,Italy,2022-08-14,Bronze,36-50
CUST_03146,Maria,Tozzo,maria.tozzo56@email.it,Bologna,Emilia-Romagna,Italy,2023-01-15,Bronze,50+
CUST_03147,Stella,Paltrinieri,stella.paltrinieri41@yahoo.it,Bologna,Emilia-Romagna,Italy,2018-06-30,Silver,18-25
CUST_03148,Pina,Bertoni,pina.bertoni82@libero.it,Torino,Piemonte,Italy,2020-01-04,Bronze,18-25
CUST_03149,Uberto,Cundari,uberto.cundari53@outlook.com,Bologna,Emilia-Romagna,Italy,2020-12-16,Bronze,36-50
CUST_03150,Baccio,Matteotti,baccio.matteotti37@hotmail.it,Palermo,Sicilia,Italy,2021-10-31,Gold,26-35
CUST_03151,Jolanda,Toldo,jolanda.toldo33@libero.it,Napoli,Campania,Italy,2022-10-12,Bronze,26-35
CUST_03152,Patrizio,Chittolini,patrizio.chittolini52@libero.it,Catania,Sicilia,Italy,2021-07-10,Bronze,36-50
CUST_03153,Melina,Trevisani,melina.trevisani15@hotmail.it,Trieste,Friuli-Venezia Giulia,Italy,2021-05-31,Bronze,18-25
CUST_03154,Tiziana,Badoer,tiziana.badoer25@gmail.com,Roma,Lazio,Italy,2024-01-22,Bronze,36-50
CUST_03155,Fedele,Ferragamo,fedele.ferragamo32@outlook.com,Napoli,Campania,Italy,2020-06-22,Bronze,26-35
CUST_03156,Teresa,Filzi,teresa.filzi60@virgilio.it,Torino,Piemonte,Italy,2022-07-29,Bronze,36-50
CUST_03157,William,Holden,william.holden72@email.it,Palermo,Sicilia,Italy,2024-05-05,Bronze,50+
CUST_03158,Romina,Bevilacqua,romina.bevilacqua55@gmail.com,Roma,Lazio,Italy,2023-02-19,Silver,26-35
CUST_03159,Maureen,Gould,maureen.gould26@hotmail.it,Genova,Liguria,Italy,2023-07-03,Bronze,50+
CUST_03160,Roger,Wade,roger.wade35@hotmail.it,Trieste,Friuli-Venezia Giulia,Italy,2022-04-08,Bronze,36-50
CUST_03161,Gionata,Balla,gionata.balla4@outlook.com,Napoli,Campania,Italy,2018-12-01,Silver,50+
CUST_03162,Rolando,Benussi,rolando.benussi36@hotmail.it,Cagliari,Sardegna,Italy,2023-03-23,Gold,26-35
CUST_03163,Michelotto,Filangieri,michelotto.filangieri83@gmail.com,Reggio Calabria,Calabria,Italy,2023-03-02,Bronze,36-50
CUST_03164,Carolyn,Wilson,carolyn.wilson93@virgilio.it,Milano,Lombardia,Italy,2020-02-28,Bronze,26-35
CUST_03165,Guglielmo,Pacetti,guglielmo.pacetti3@gmail.com,Roma,Lazio,Italy,2022-06-02,Bronze,36-50
CUST_03166,Priscilla,Scarlatti,priscilla.scarlatti11@icloud.com,Ancona,Marche,Italy,2024-03-20,Silver,36-50
CUST_03167,Toni,Petrucci,toni.petrucci78@outlook.com,Ancona,Marche,Italy,2020-12-10,Bronze,36-50
CUST_03168,Maureen,Bowen,maureen.bowen9@email.it,Milano,Lombardia,Italy,2022-05-31,Bronze,50+
CUST_03169,Jason,Smith,jason.smith47@yahoo.it,Milano,Lombardia,Italy,2022-05-31,Bronze,26-35
CUST_03170,Erika,Catalano,erika.catalano51@hotmail.it,Roma,Lazio,Italy,2023-11-07,Bronze,26-35
CUST_03171,Giulia,Baglioni,giulia.baglioni31@yahoo.it,Reggio Calabria,Calabria,Italy,2023-11-25,Bronze,36-50
CUST_03172,Gioacchino,Palladio,gioacchino.palladio74@yahoo.it,Roma,Lazio,Italy,2023-08-30,Bronze,36-50
CUST_03173,Severino,Sabatini,severino.sabatini67@outlook.com,Napoli,Campania,Italy,2021-12-05,Gold,26-35
CUST_03174,Heather,Andrews,heather.andrews64@yahoo.it,Padova,Veneto,Italy,2019-09-29,Silver,36-50
CUST_03175,Federigo,Sgarbi,federigo.sgarbi31@yahoo.it,Milano,Lombardia,Italy,2021-11-03,Bronze,50+
CUST_03176,Bianca,Villadicani,bianca.villadicani99@icloud.com,Venezia,Veneto,Italy,2023-05-11,Bronze,36-50
CUST_03177,Maurizio,Murialdo,maurizio.murialdo43@email.it,Firenze,Toscana,Italy,2023-06-13,Bronze,18-25
CUST_03178,Henry,Harvey,henry.harvey96@libero.it,Trieste,Friuli-Venezia Giulia,Italy,2024-05-20,Bronze,26-35
CUST_03179,Leon,Flynn,leon.flynn55@libero.it,Firenze,Toscana,Italy,2022-05-18,Gold,50+
CUST_03180,Ettore,Guicciardini,ettore.guicciardini19@yahoo.it,Palermo,Sicilia,Italy,2023-03-03,Platinum,36-50
CUST_03181,Colin,Kerr,colin.kerr23@libero.it,Palermo,Sicilia,Italy,2022-10-09,Bronze,50+
CUST_03182,Luigina,Buonauro,luigina.buonauro36@virgilio.it,Roma,Lazio,Italy,2020-07-09,Bronze,26-35
CUST_03183,Ippazio,Babato,ippazio.babato53@outlook.com,Milano,Lombardia,Italy,2022-05-31,Bronze,36-50
CUST_03184,Orlando,Benedetti,orlando.benedetti76@gmail.com,Torino,Piemonte,Italy,2022-10-18,Silver,36-50
CUST_03185,Ettore,Gabba,ettore.gabba63@icloud.com,Firenze,Toscana,Italy,2024-05-02,Silver,26-35
CUST_03186,Simonetta,Gangemi,simonetta.gangemi90@yahoo.it,Verona,Veneto,Italy,2021-12-07,Gold,36-50
CUST_03187,Leslie,Wright,leslie.wright41@email.it,Verona,Veneto,Italy,2024-06-07,Silver,36-50
CUST_03188,Fabrizia,Gatto,fabrizia.gatto61@libero.it,Napoli,Campania,Italy,2022-10-14,Bronze,36-50
CUST_03189,Giorgia,Foconi,giorgia.foconi36@hotmail.it,Venezia,Veneto,Italy,2021-03-14,Silver,50+
CUST_03190,Graziano,Pizzo,graziano.pizzo47@virgilio.it,Venezia,Veneto,Italy,2020-11-04,Silver,50+
CUST_03191,Ubaldo,Aporti,ubaldo.aporti92@icloud.com,Padova,Veneto,Italy,2020-06-11,Silver,50+
CUST_03192,Kimberley,Nash,kimberley.nash40@gmail.com,Napoli,Campania,Italy,2022-05-16,Bronze,50+
CUST_03193,Stefani,Almagià,stefani.almagià83@gmail.com,Firenze,Toscana,Italy,2018-12-17,Silver,36-50
CUST_03194,Salvatore,Cherubini,salvatore.cherubini95@gmail.com,Roma,Lazio,Italy,2022-05-02,Silver,26-35
CUST_03195,Katy,Johnson,katy.johnson89@libero.it,Bologna,Emilia-Romagna,Italy,2024-06-17,Silver,50+
CUST_03196,Fabrizia,Dossi,fabrizia.dossi33@email.it,Napoli,Campania,Italy,2023-04-27,Silver,36-50
CUST_03197,Cecilia,Alighieri,cecilia.alighieri40@icloud.com,Napoli,Campania,Italy,2023-08-31,Silver,26-35
CUST_03198,Gianfranco,Grifeo,gianfranco.grifeo88@yahoo.it,Milano,Lombardia,Italy,2020-03-29,Silver,36-50
CUST_03199,Concetta,Marino,concetta.marino69@libero.it,Catania,Sicilia,Italy,2022-06-21,Silver,18-25
CUST_03200,Rachael,Haynes,rachael.haynes57@email.it,Roma,Lazio,Italy,2021-06-23,Silver,36-50
CUST_03201,Lynne,Thomas,lynne.thomas2@email.it,Roma,Lazio,Italy,2024-02-22,Bronze,26-35
CUST_03202,Lara,Leone,lara.leone33@outlook.com,Torino,Piemonte,Italy,2020-10-07,Bronze,26-35
CUST_03203,Matthew,Francis,matthew.francis12@libero.it,Roma,Lazio,Italy,2022-05-27,Bronze,50+
CUST_03204,Piersanti,Paolini,piersanti.paolini39@libero.it,Venezia,Veneto,Italy,2022-12-25,Silver,36-50
CUST_03205,Serena,Navone,serena.navone21@virgilio.it,Torino,Piemonte,Italy,2022-08-29,Silver,36-50
CUST_03206,Romeo,Grifeo,romeo.grifeo81@icloud.com,Napoli,Campania,Italy,2023-12-03,Platinum,36-50
CUST_03207,Gian,Schiavo,gian.schiavo99@email.it,Bologna,Emilia-Romagna,Italy,2021-02-15,Bronze,50+
CUST_03208,Leone,Treccani,leone.treccani5@outlook.com,Roma,Lazio,Italy,2021-12-28,Bronze,36-50
CUST_03209,Raffaella,Petrucelli,raffaella.petrucelli11@virgilio.it,Roma,Lazio,Italy,2023-10-13,Bronze,36-50
CUST_03210,Jemma,Vaughan,jemma.vaughan61@email.it,Trieste,Friuli-Venezia Giulia,Italy,2022-09-21,Bronze,50+
CUST_03211,Bettina,Camicione,bettina.camicione43@email.it,Napoli,Campania,Italy,2022-02-13,Silver,26-35
CUST_03212,Adriano,Tornatore,adriano.tornatore13@hotmail.it,Torino,Piemonte,Italy,2019-02-11,Bronze,50+
CUST_03213,Francesca,Palumbo,francesca.palumbo90@outlook.com,Milano,Lombardia,Italy,2023-08-22,Silver,26-35
CUST_03214,Annamaria,Lombroso,annamaria.lombroso65@yahoo.it,Napoli,Campania,Italy,2024-05-28,Silver,36-50
CUST_03215,Lazzaro,Cannizzaro,lazzaro.cannizzaro46@email.it,Bologna,Emilia-Romagna,Italy,2023-02-12,Bronze,18-25
CUST_03216,Santino,Boccaccio,santino.boccaccio78@icloud.com,Bologna,Emilia-Romagna,Italy,2024-01-06,Gold,36-50
CUST_03217,Arthur,Horton,arthur.horton59@gmail.com,Catania,Sicilia,Italy,2022-09-02,Bronze,36-50
CUST_03218,Martino,Lercari,martino.lercari98@gmail.com,Roma,Lazio,Italy,2021-02-15,Bronze,50+
CUST_03219,Eugenia,Modiano,eugenia.modiano83@hotmail.it,Roma,Lazio,Italy,2018-10-12,Gold,50+
CUST_03220,Sophia,Lerner,sophia.lerner81@virgilio.it,Verona,Veneto,Italy,2023-04-03,Gold,50+
CUST_03221,Giulio,Mancini,giulio.mancini83@hotmail.it,Ancona,Marche,Italy,2022-07-25,Bronze,26-35
CUST_03222,Francesco,Conti,francesco.conti1@email.it,Roma,Lazio,Italy,2023-09-30,Bronze,50+
CUST_03223,Alexandra,Fletcher,alexandra.fletcher26@outlook.com,Napoli,Campania,Italy,2023-06-01,Bronze,36-50
CUST_03224,Ugo,Giunti,ugo.giunti41@yahoo.it,Roma,Lazio,Italy,2024-06-16,Bronze,50+
CUST_03225,Vittoria,Bettin,vittoria.bettin15@hotmail.it,Milano,Lombardia,Italy,2022-08-23,Platinum,26-35
CUST_03226,Olga,Piovani,olga.piovani32@hotmail.it,Firenze,Toscana,Italy,2022-03-31,Silver,36-50
CUST_03227,Fortunata,Mezzetta,fortunata.mezzetta77@email.it,Roma,Lazio,Italy,2021-06-24,Bronze,50+
CUST_03228,Giulia,Cilibrasi,giulia.cilibrasi41@virgilio.it,Catania,Sicilia,Italy,2022-06-27,Gold,50+
CUST_03229,Ruth,Holland,ruth.holland62@hotmail.it,Bologna,Emilia-Romagna,Italy,2024-01-27,Bronze,36-50
CUST_03230,Licia,Asprucci,licia.asprucci34@hotmail.it,Roma,Lazio,Italy,2019-05-04,Bronze,36-50
CUST_03231,Teresa,Kaur,teresa.kaur88@icloud.com,Milano,Lombardia,Italy,2024-06-04,Gold,26-35
CUST_03232,Filippa,Tamburini,filippa.tamburini37@libero.it,Verona,Veneto,Italy,2024-06-23,Gold,36-50
CUST_03233,Jemma,Andrews,jemma.andrews11@email.it,Roma,Lazio,Italy,2023-01-09,Gold,36-50
CUST_03234,Laureano,Guidotti,laureano.guidotti48@hotmail.it,Venezia,Veneto,Italy,2021-09-28,Silver,18-25
CUST_03235,Piero,Pirandello,piero.pirandello51@email.it,Firenze,Toscana,Italy,2021-01-25,Silver,18-25
CUST_03236,Osvaldo,Barberini,osvaldo.barberini74@libero.it,Venezia,Veneto,Italy,2021-06-01,Bronze,18-25
CUST_03237,Pamela,Smith,pamela.smith3@gmail.com,Firenze,Toscana,Italy,2019-06-15,Silver,36-50
CUST_03238,Berenice,Faugno,berenice.faugno72@libero.it,Milano,Lombardia,Italy,2022-06-24,Platinum,18-25
CUST_03239,Massimo,Garibaldi,massimo.garibaldi12@virgilio.it,Roma,Lazio,Italy,2019-07-22,Bronze,36-50
CUST_03240,Giuseppina,Udinesi,giuseppina.udinesi26@outlook.com,Roma,Lazio,Italy,2023-07-05,Silver,26-35
CUST_03241,Lydia,Stevenson,lydia.stevenson90@hotmail.it,Napoli,Campania,Italy,2021-12-18,Bronze,36-50
CUST_03242,Etta,Silvestri,etta.silvestri7@email.it,Palermo,Sicilia,Italy,2020-11-25,Bronze,36-50
CUST_03243,Sandra,Ford,sandra.ford80@email.it,Roma,Lazio,Italy,2022-10-18,Silver,36-50
CUST_03244,Germana,Offredi,germana.offredi77@outlook.com,Milano,Lombardia,Italy,2024-05-30,Bronze,36-50
CUST_03245,Tonino,Mantegazza,tonino.mantegazza20@yahoo.it,Bologna,Emilia-Romagna,Italy,2023-06-02,Silver,36-50
CUST_03246,Rosina,Donati,rosina.donati48@hotmail.it,Venezia,Veneto,Italy,2022-07-22,Bronze,26-35
CUST_03247,Darren,Steele,darren.steele73@yahoo.it,Lecce,Puglia,Italy,2023-09-23,Gold,50+
CUST_03248,Rosalia,Zaccagnini,rosalia.zaccagnini2@email.it,Venezia,Veneto,Italy,2023-07-31,Bronze,26-35
CUST_03249,Elizabeth,Jones,elizabeth.jones99@virgilio.it,Napoli,Campania,Italy,2024-02-19,Bronze,26-35
CUST_03250,Filippo,Magrassi,filippo.magrassi87@virgilio.it,Venezia,Veneto,Italy,2020-12-09,Bronze,36-50
CUST_03251,Cipriano,Semitecolo,cipriano.semitecolo16@libero.it,Perugia,Umbria,Italy,2024-01-09,Gold,26-35
CUST_03252,Dionigi,Guicciardini,dionigi.guicciardini92@libero.it,Padova,Veneto,Italy,2021-07-25,Silver,50+
CUST_03253,Liliana,Zaccardo,liliana.zaccardo25@outlook.com,Firenze,Toscana,Italy,2024-04-20,Silver,26-35
CUST_03254,Dennis,Cook,dennis.cook37@virgilio.it,Roma,Lazio,Italy,2021-06-11,Bronze,36-50
CUST_03255,Gareth,Webster,gareth.webster49@hotmail.it,Roma,Lazio,Italy,2024-04-03,Bronze,18-25
CUST_03256,Stanley,Hunter,stanley.hunter56@libero.it,Napoli,Campania,Italy,2024-05-18,Bronze,26-35
CUST_03257,Leigh,Simpson,leigh.simpson77@libero.it,Bari,Puglia,Italy,2020-06-23,Silver,26-35
CUST_03258,Mariana,Fagotto,mariana.fagotto37@libero.it,Napoli,Campania,Italy,2024-05-31,Bronze,50+
CUST_03259,Giulia,Morabito,giulia.morabito54@hotmail.it,Milano,Lombardia,Italy,2019-11-26,Platinum,50+
CUST_03260,Callum,Carter,callum.carter53@hotmail.it,Catania,Sicilia,Italy,2021-01-14,Silver,36-50
CUST_03261,Filippa,Bruno,filippa.bruno4@outlook.com,Verona,Veneto,Italy,2022-05-01,Bronze,50+
CUST_03262,Katherine,Moore,katherine.moore34@libero.it,Firenze,Toscana,Italy,2024-06-23,Bronze,36-50
CUST_03263,Stanley,Smith,stanley.smith80@virgilio.it,Palermo,Sicilia,Italy,2022-07-17,Silver,50+
CUST_03264,Gianfrancesco,Norbiato,gianfrancesco.norbiato32@icloud.com,Napoli,Campania,Italy,2022-10-27,Bronze,50+
CUST_03265,Adrian,Phillips,adrian.phillips75@virgilio.it,Trento,Trentino-Alto Adige,Italy,2023-06-01,Bronze,18-25
CUST_03266,Gianfranco,Martinelli,gianfranco.martinelli11@gmail.com,Padova,Veneto,Italy,2024-05-24,Bronze,36-50
CUST_03267,Pierpaolo,Montanari,pierpaolo.montanari61@hotmail.it,Bologna,Emilia-Romagna,Italy,2023-10-02,Silver,36-50
CUST_03268,Niccolò,Gullotta,niccolò.gullotta42@email.it,Palermo,Sicilia,Italy,2021-01-28,Silver,18-25
CUST_03269,Bettina,Majewski,bettina.majewski88@libero.it,Trieste,Friuli-Venezia Giulia,Italy,2021-07-29,Bronze,26-35
CUST_03270,Ronaldo,Casagrande,ronaldo.casagrande92@email.it,Napoli,Campania,Italy,2020-01-12,Bronze,50+
CUST_03271,Ruggiero,Bernetti,ruggiero.bernetti91@email.it,Firenze,Toscana,Italy,2023-03-20,Bronze,50+
CUST_03272,Louis,Dale,louis.dale95@outlook.com,Bari,Puglia,Italy,2020-10-05,Silver,36-50
CUST_03273,Adam,Harris,adam.harris10@yahoo.it,Roma,Lazio,Italy,2021-04-18,Bronze,50+
CUST_03274,Stefania,Bondumier,stefania.bondumier72@gmail.com,Torino,Piemonte,Italy,2024-02-15,Bronze,50+
CUST_03275,Sabatino,Ferrari,sabatino.ferrari7@icloud.com,Trieste,Friuli-Venezia Giulia,Italy,2021-09-18,Gold,18-25
CUST_03276,Jacqueline,Taylor,jacqueline.taylor31@virgilio.it,Catania,Sicilia,Italy,2022-11-22,Platinum,26-35
CUST_03277,Temistocle,Casarin,temistocle.casarin46@gmail.com,Torino,Piemonte,Italy,2022-02-05,Platinum,18-25
CUST_03278,Stella,Paruta,stella.paruta1@outlook.com,Roma,Lazio,Italy,2019-10-08,Gold,18-25
CUST_03279,Virgilio,Mancini,virgilio.mancini65@email.it,Torino,Piemonte,Italy,2021-11-30,Bronze,26-35
CUST_03280,Piergiuseppe,Bernini,piergiuseppe.bernini39@email.it,Firenze,Toscana,Italy,2022-02-24,Bronze,36-50
CUST_03281,Susanna,Contrafatto,susanna.contrafatto86@icloud.com,Roma,Lazio,Italy,2024-02-24,Bronze,50+
CUST_03282,Samantha,Smith,samantha.smith17@gmail.com,Bari,Puglia,Italy,2021-09-13,Bronze,50+
CUST_03283,Edoardo,Filogamo,edoardo.filogamo75@hotmail.it,Roma,Lazio,Italy,2022-01-01,Platinum,36-50
CUST_03284,Massimo,Pizzo,massimo.pizzo34@hotmail.it,Napoli,Campania,Italy,2023-10-01,Silver,50+
CUST_03285,Antonia,Satriani,antonia.satriani65@virgilio.it,Torino,Piemonte,Italy,2023-08-30,Silver,36-50
CUST_03286,Emilio,Mercadante,emilio.mercadante44@virgilio.it,Reggio Calabria,Calabria,Italy,2023-10-22,Bronze,50+
CUST_03287,Sophia,Esposito,sophia.esposito17@yahoo.it,Torino,Piemonte,Italy,2024-05-06,Gold,36-50
CUST_03288,Sam,Bradley,sam.bradley41@email.it,Milano,Lombardia,Italy,2023-10-18,Gold,26-35
CUST_03289,Melissa,Atkinson,melissa.atkinson19@outlook.com,Milano,Lombardia,Italy,2022-02-23,Bronze,50+
CUST_03290,Melania,Bottigliero,melania.bottigliero15@icloud.com,Venezia,Veneto,Italy,2023-11-21,Gold,26-35
CUST_03291,Karl,Miller,karl.miller6@hotmail.it,Venezia,Veneto,Italy,2022-08-20,Bronze,36-50
CUST_03292,Dawn,Turner,dawn.turner64@outlook.com,Napoli,Campania,Italy,2021-06-04,Bronze,26-35
CUST_03293,Jade,Morley,jade.morley96@icloud.com,Napoli,Campania,Italy,2021-07-29,Silver,36-50
CUST_03294,Sergius,Monte,sergius.monte56@outlook.com,Milano,Lombardia,Italy,2021-01-27,Silver,50+
CUST_03295,Elvira,Eco,elvira.eco34@outlook.com,Bologna,Emilia-Romagna,Italy,2020-06-22,Bronze,18-25
CUST_03296,Luca,Bevilacqua,luca.bevilacqua67@icloud.com,Napoli,Campania,Italy,2020-10-15,Bronze,50+
CUST_03297,Adelmo,Salvo,adelmo.salvo56@hotmail.it,Roma,Lazio,Italy,2019-08-20,Platinum,18-25
CUST_03298,Guglielmo,Forza,guglielmo.forza41@virgilio.it,Milano,Lombardia,Italy,2024-02-15,Silver,26-35
CUST_03299,Maria,Disdero,maria.disdero98@hotmail.it,Milano,Lombardia,Italy,2024-04-08,Silver,26-35
CUST_03300,Mohammad,Stephenson,mohammad.stephenson72@virgilio.it,Milano,Lombardia,Italy,2022-12-23,Bronze,36-50
CUST_03301,George,Harding,george.harding7@libero.it,Venezia,Veneto,Italy,2023-12-16,Bronze,18-25
CUST_03302,Leanne,Murphy,leanne.murphy20@gmail.com,Roma,Lazio,Italy,2020-10-13,Bronze,36-50
CUST_03303,Aurora,Cugia,aurora.cugia30@hotmail.it,Roma,Lazio,Italy,2024-03-03,Bronze,26-35
CUST_03304,Severino,Brunelleschi,severino.brunelleschi5@virgilio.it,Roma,Lazio,Italy,2022-08-16,Bronze,18-25
CUST_03305,Domenico,Ritacca,domenico.ritacca34@hotmail.it,Ancona,Marche,Italy,2019-09-07,Bronze,36-50
CUST_03306,Emma,Riccardi,emma.riccardi91@virgilio.it,Trieste,Friuli-Venezia Giulia,Italy,2020-06-10,Silver,26-35
CUST_03307,Patrizio,Respighi,patrizio.respighi56@yahoo.it,Roma,Lazio,Italy,2021-08-11,Bronze,26-35
CUST_03308,Sandro,Passalacqua,sandro.passalacqua64@gmail.com,Firenze,Toscana,Italy,2019-05-10,Gold,26-35
CUST_03309,Adelmo,Barillaro,adelmo.barillaro57@icloud.com,Roma,Lazio,Italy,2021-08-12,Bronze,36-50
CUST_03310,Cameron,Stevens,cameron.stevens91@virgilio.it,Napoli,Campania,Italy,2019-08-04,Bronze,36-50
CUST_03311,Vittorio,Filippelli,vittorio.filippelli59@virgilio.it,Milano,Lombardia,Italy,2021-02-26,Bronze,18-25
CUST_03312,Jay,Parker,jay.parker15@hotmail.it,Palermo,Sicilia,Italy,2021-05-07,Bronze,26-35
CUST_03313,Lisa,Palombi,lisa.palombi16@icloud.com,Bologna,Emilia-Romagna,Italy,2024-06-24,Bronze,26-35
CUST_03314,Alberto,Milanesi,alberto.milanesi12@libero.it,Trento,Trentino-Alto Adige,Italy,2021-02-25,Platinum,26-35
CUST_03315,Maria,Turchi,maria.turchi37@hotmail.it,Roma,Lazio,Italy,2021-03-06,Silver,50+
CUST_03316,Franco,Antonello,franco.antonello22@outlook.com,Verona,Veneto,Italy,2023-05-21,Bronze,36-50
CUST_03317,Giorgia,Agnesi,giorgia.agnesi73@libero.it,Verona,Veneto,Italy,2024-01-09,Bronze,36-50
CUST_03318,Elena,Grasso,elena.grasso75@gmail.com,Milano,Lombardia,Italy,2022-01-16,Silver,26-35
CUST_03319,Gianluca,Murialdo,gianluca.murialdo68@hotmail.it,Torino,Piemonte,Italy,2024-01-30,Silver,36-50
CUST_03320,Lorenzo,Cerutti,lorenzo.cerutti54@yahoo.it,Roma,Lazio,Italy,2021-10-15,Bronze,50+
CUST_03321,Claudio,Passalacqua,claudio.passalacqua32@virgilio.it,Roma,Lazio,Italy,2020-11-19,Silver,36-50
CUST_03322,Lawrence,Hughes,lawrence.hughes87@yahoo.it,Roma,Lazio,Italy,2021-09-24,Gold,36-50
CUST_03323,Tiziano,Marrone,tiziano.marrone43@gmail.com,Bologna,Emilia-Romagna,Italy,2023-01-27,Silver,36-50
CUST_03324,Hilary,Davies,hilary.davies37@yahoo.it,Torino,Piemonte,Italy,2021-12-08,Gold,36-50
CUST_03325,Fabio,Bocelli,fabio.bocelli51@icloud.com,Ancona,Marche,Italy,2023-05-01,Gold,26-35
CUST_03326,Mitchell,Wilkinson,mitchell.wilkinson76@yahoo.it,Milano,Lombardia,Italy,2021-02-28,Gold,36-50
CUST_03327,Raymond,Crawford,raymond.crawford42@hotmail.it,Lecce,Puglia,Italy,2023-06-10,Bronze,26-35
CUST_03328,Priscilla,Beccheria,priscilla.beccheria4@yahoo.it,Roma,Lazio,Italy,2021-10-30,Silver,36-50
CUST_03329,Lazzaro,Maderna,lazzaro.maderna59@virgilio.it,Bari,Puglia,Italy,2022-05-22,Silver,50+
CUST_03330,Arthur,Wood,arthur.wood59@outlook.com,Firenze,Toscana,Italy,2022-11-08,Silver,50+
CUST_03331,Rolando,Trebbi,rolando.trebbi77@gmail.com,Roma,Lazio,Italy,2023-05-20,Platinum,36-50
CUST_03332,Cassandra,Trevisani,cassandra.trevisani43@gmail.com,Trieste,Friuli-Venezia Giulia,Italy,2021-03-05,Bronze,26-35
CUST_03333,Martino,Ritacca,martino.ritacca84@virgilio.it,Firenze,Toscana,Italy,2023-12-10,Bronze,18-25
CUST_03334,Sophie,Owen,sophie.owen42@hotmail.it,Palermo,Sicilia,Italy,2023-07-10,Bronze,36-50
CUST_03335,Joanne,Bentley,joanne.bentley28@gmail.com,Bologna,Emilia-Romagna,Italy,2021-02-21,Bronze,50+
CUST_03336,Vanessa,Chigi,vanessa.chigi83@outlook.com,Napoli,Campania,Italy,2024-06-01,Bronze,36-50
CUST_03337,Massimo,Stoppani,massimo.stoppani42@gmail.com,Napoli,Campania,Italy,2023-04-19,Silver,18-25
CUST_03338,Micheletto,Farinelli,micheletto.farinelli96@yahoo.it,Catania,Sicilia,Italy,2022-05-15,Bronze,50+
CUST_03339,Ezio,Pininfarina,ezio.pininfarina71@email.it,Milano,Lombardia,Italy,2020-07-30,Silver,50+
CUST_03340,Chelsea,Chamberlain,chelsea.chamberlain12@email.it,Palermo,Sicilia,Italy,2022-09-29,Silver,26-35
CUST_03341,Aldo,Geraci,aldo.geraci33@hotmail.it,Trento,Trentino-Alto Adige,Italy,2020-08-20,Bronze,36-50
CUST_03342,Gianfranco,Chechi,gianfranco.chechi31@email.it,Milano,Lombardia,Italy,2022-04-04,Bronze,36-50
CUST_03343,Giacomo,Argenti,giacomo.argenti12@gmail.com,Roma,Lazio,Italy,2022-02-25,Silver,36-50
CUST_03344,Andrea,Barber,andrea.barber27@hotmail.it,Catania,Sicilia,Italy,2023-07-07,Silver,50+
CUST_03345,Bianca,Tiepolo,bianca.tiepolo50@email.it,Napoli,Campania,Italy,2020-11-06,Gold,18-25
CUST_03346,Fabrizio,Castioni,fabrizio.castioni37@hotmail.it,Torino,Piemonte,Italy,2023-11-22,Gold,36-50
CUST_03347,Mirko,Baresi,mirko.baresi16@outlook.com,Roma,Lazio,Italy,2021-09-16,Platinum,36-50
CUST_03348,Nicola,Guarana,nicola.guarana63@email.it,Napoli,Campania,Italy,2022-05-01,Silver,50+
CUST_03349,Marta,Ughi,marta.ughi95@outlook.com,Milano,Lombardia,Italy,2023-09-17,Gold,50+
CUST_03350,Eleanora,Bellò,eleanora.bellò88@hotmail.it,Napoli,Campania,Italy,2023-02-20,Gold,50+
CUST_03351,Carolina,Bellucci,carolina.bellucci46@yahoo.it,Bari,Puglia,Italy,2021-08-09,Gold,36-50
CUST_03352,Emma,Pollard,emma.pollard48@libero.it,Roma,Lazio,Italy,2022-01-14,Bronze,50+
CUST_03353,Georgina,White,georgina.white63@virgilio.it,Napoli,Campania,Italy,2021-08-04,Platinum,26-35
CUST_03354,Sara,Davies,sara.davies50@virgilio.it,Reggio Calabria,Calabria,Italy,2023-01-04,Bronze,26-35
CUST_03355,Fortunata,Cannizzaro,fortunata.cannizzaro35@email.it,Palermo,Sicilia,Italy,2021-09-30,Silver,26-35
CUST_03356,Terence,Clarke,terence.clarke12@email.it,Padova,Veneto,Italy,2023-07-15,Bronze,50+
CUST_03357,Fiamma,Antonucci,fiamma.antonucci48@hotmail.it,Torino,Piemonte,Italy,2022-12-12,Bronze,50+
CUST_03358,Antonio,Carriera,antonio.carriera56@email.it,Bari,Puglia,Italy,2020-06-24,Bronze,26-35
CUST_03359,Piermaria,Ruggeri,piermaria.ruggeri12@gmail.com,Milano,Lombardia,Italy,2021-08-14,Bronze,18-25
CUST_03360,Nino,Catalano,nino.catalano66@icloud.com,Milano,Lombardia,Italy,2021-01-21,Bronze,50+
CUST_03361,Allegra,Grimani,allegra.grimani60@libero.it,Roma,Lazio,Italy,2022-01-22,Gold,36-50
CUST_03362,Salvatore,Correr,salvatore.correr83@hotmail.it,Torino,Piemonte,Italy,2022-09-01,Bronze,50+
CUST_03363,Geronimo,Aloisio,geronimo.aloisio64@yahoo.it,Padova,Veneto,Italy,2022-08-17,Bronze,26-35
CUST_03364,Leone,Puglisi,leone.puglisi38@virgilio.it,Torino,Piemonte,Italy,2023-08-24,Bronze,18-25
CUST_03365,Fortunata,Callegaro,fortunata.callegaro56@yahoo.it,Palermo,Sicilia,Italy,2020-10-28,Silver,36-50
CUST_03366,Francesca,Trebbi,francesca.trebbi62@outlook.com,Catania,Sicilia,Italy,2024-04-27,Bronze,18-25
CUST_03367,Greco,Ciani,greco.ciani20@hotmail.it,Venezia,Veneto,Italy,2021-10-21,Bronze,26-35
CUST_03368,Lewis,North,lewis.north88@outlook.com,Torino,Piemonte,Italy,2021-07-24,Bronze,18-25
CUST_03369,Declan,Bevan,declan.bevan32@email.it,Venezia,Veneto,Italy,2023-05-19,Silver,26-35
CUST_03370,Piero,Campano,piero.campano38@gmail.com,Torino,Piemonte,Italy,2023-10-31,Bronze,18-25
CUST_03371,Tullio,Casagrande,tullio.casagrande71@yahoo.it,Milano,Lombardia,Italy,2021-12-30,Bronze,50+
CUST_03372,Ignazio,Carnera,ignazio.carnera6@yahoo.it,Reggio Calabria,Calabria,Italy,2023-08-13,Bronze,26-35
CUST_03373,Claire,Mitchell,claire.mitchell66@email.it,Milano,Lombardia,Italy,2024-02-09,Platinum,26-35
CUST_03374,Mercedes,Canali,mercedes.canali53@yahoo.it,Milano,Lombardia,Italy,2023-09-09,Bronze,50+
CUST_03375,Stefano,Fieramosca,stefano.fieramosca60@outlook.com,Trieste,Friuli-Venezia Giulia,Italy,2019-03-15,Silver,36-50
CUST_03376,Concetta,Filippini,concetta.filippini46@outlook.com,Firenze,Toscana,Italy,2023-11-29,Bronze,36-50
CUST_03377,Melania,Iadanza,melania.iadanza75@yahoo.it,Genova,Liguria,Italy,2023-09-20,Bronze,36-50
CUST_03378,Rita,Treves,rita.treves99@gmail.com,Firenze,Toscana,Italy,2023-04-26,Bronze,50+
CUST_03379,Joe,Foster,joe.foster15@virgilio.it,Torino,Piemonte,Italy,2023-08-31,Bronze,50+
CUST_03380,Gaspare,Odescalchi,gaspare.odescalchi23@hotmail.it,Roma,Lazio,Italy,2024-06-06,Bronze,36-50
CUST_03381,Irma,Platini,irma.platini51@gmail.com,Torino,Piemonte,Italy,2022-04-07,Bronze,50+
CUST_03382,Joanne,Knight,joanne.knight11@email.it,Torino,Piemonte,Italy,2019-09-07,Bronze,36-50
CUST_03383,Jordan,Thomas,jordan.thomas91@outlook.com,Catania,Sicilia,Italy,2022-05-30,Silver,26-35
CUST_03384,Laureano,Curci,laureano.curci41@virgilio.it,Napoli,Campania,Italy,2019-05-26,Platinum,50+
CUST_03385,Annibale,Vespa,annibale.vespa97@virgilio.it,Ancona,Marche,Italy,2021-07-11,Bronze,36-50
CUST_03386,Stefano,Foletti,stefano.foletti80@outlook.com,Milano,Lombardia,Italy,2022-12-23,Silver,50+
CUST_03387,Brett,Roberts,brett.roberts44@hotmail.it,Napoli,Campania,Italy,2021-08-13,Platinum,18-25
CUST_03388,Gloria,Solimena,gloria.solimena28@hotmail.it,Venezia,Veneto,Italy,2023-05-19,Gold,26-35
CUST_03389,Maureen,Murphy,maureen.murphy11@outlook.com,Cagliari,Sardegna,Italy,2023-11-22,Bronze,50+
CUST_03390,Marco,Gianvecchio,marco.gianvecchio87@yahoo.it,Milano,Lombardia,Italy,2022-03-19,Silver,26-35
CUST_03391,Adamo,Andreotti,adamo.andreotti56@gmail.com,Venezia,Veneto,Italy,2024-03-01,Bronze,50+
CUST_03392,Germana,Bruno,germana.bruno1@email.it,Padova,Veneto,Italy,2019-11-02,Silver,50+
CUST_03393,Costantino,Tafuri,costantino.tafuri15@gmail.com,Roma,Lazio,Italy,2023-12-15,Bronze,50+
CUST_03394,Enzio,Bulzoni,enzio.bulzoni22@virgilio.it,Trieste,Friuli-Venezia Giulia,Italy,2023-12-01,Bronze,36-50
CUST_03395,Melina,Tornatore,melina.tornatore59@email.it,Milano,Lombardia,Italy,2021-09-08,Bronze,36-50
CUST_03396,Benvenuto,Calvo,benvenuto.calvo85@virgilio.it,Catania,Sicilia,Italy,2021-07-20,Bronze,50+
CUST_03397,Lynda,Lawrence,lynda.lawrence39@icloud.com,Perugia,Umbria,Italy,2021-08-03,Silver,36-50
CUST_03398,Girolamo,Gianinazzi,girolamo.gianinazzi89@email.it,Palermo,Sicilia,Italy,2023-11-08,Bronze,36-50
CUST_03399,Bradley,Mills,bradley.mills39@yahoo.it,Napoli,Campania,Italy,2023-12-05,Silver,50+
CUST_03400,Rolando,Malatesta,rolando.malatesta17@hotmail.it,Milano,Lombardia,Italy,2021-09-24,Bronze,36-50
CUST_03401,Giustino,Scarlatti,giustino.scarlatti2@libero.it,Cagliari,Sardegna,Italy,2023-01-01,Bronze,50+
CUST_03402,Armando,Calgari,armando.calgari15@gmail.com,Napoli,Campania,Italy,2020-06-03,Silver,18-25
CUST_03403,Paoletta,Druso,paoletta.druso90@libero.it,Milano,Lombardia,Italy,2022-06-13,Platinum,18-25
CUST_03404,Molly,Newton,molly.newton4@libero.it,Palermo,Sicilia,Italy,2024-06-29,Bronze,36-50
CUST_03405,Tatiana,Barracco,tatiana.barracco62@hotmail.it,Napoli,Campania,Italy,2020-08-03,Bronze,26-35
CUST_03406,Serena,Maderna,serena.maderna84@libero.it,Milano,Lombardia,Italy,2024-04-28,Gold,36-50
CUST_03407,Michelotto,Mazzeo,michelotto.mazzeo56@libero.it,Roma,Lazio,Italy,2023-11-25,Bronze,26-35
CUST_03408,Pompeo,Carriera,pompeo.carriera12@outlook.com,Milano,Lombardia,Italy,2024-05-28,Gold,50+
CUST_03409,Cesare,Beccheria,cesare.beccheria99@virgilio.it,Venezia,Veneto,Italy,2020-10-02,Silver,26-35
CUST_03410,Lisa,Scott,lisa.scott19@virgilio.it,Genova,Liguria,Italy,2021-01-01,Bronze,26-35
CUST_03411,Clifford,Wright,clifford.wright55@gmail.com,Napoli,Campania,Italy,2018-11-04,Bronze,26-35
CUST_03412,Agnolo,Cicilia,agnolo.cicilia15@hotmail.it,Padova,Veneto,Italy,2023-07-14,Bronze,36-50
CUST_03413,Francesca,Donatoni,francesca.donatoni20@virgilio.it,Trieste,Friuli-Venezia Giulia,Italy,2023-03-20,Bronze,18-25
CUST_03414,Marcello,Nugnes,marcello.nugnes63@virgilio.it,Genova,Liguria,Italy,2020-09-28,Gold,18-25
CUST_03415,Vincenza,Romiti,vincenza.romiti3@virgilio.it,Milano,Lombardia,Italy,2023-10-12,Silver,36-50
CUST_03416,Donna,Inzaghi,donna.inzaghi75@libero.it,Palermo,Sicilia,Italy,2021-07-21,Silver,26-35
CUST_03417,Tina,Caboto,tina.caboto26@outlook.com,Napoli,Campania,Italy,2020-05-21,Silver,26-35
CUST_03418,Niccolò,Moschino,niccolò.moschino73@email.it,Bologna,Emilia-Romagna,Italy,2022-03-23,Bronze,36-50
CUST_03419,Fiorenzo,Carnera,fiorenzo.carnera7@icloud.com,Genova,Liguria,Italy,2019-12-17,Silver,18-25
CUST_03420,Pasquale,Piccinni,pasquale.piccinni2@yahoo.it,Torino,Piemonte,Italy,2021-05-02,Bronze,26-35
CUST_03421,Rolando,Lancisi,rolando.lancisi81@email.it,Cagliari,Sardegna,Italy,2021-12-16,Silver,18-25
CUST_03422,Romana,Pavarotti,romana.pavarotti54@virgilio.it,Milano,Lombardia,Italy,2023-12-31,Bronze,26-35
CUST_03423,Graziella,Sobrero,graziella.sobrero95@outlook.com,Palermo,Sicilia,Italy,2023-10-14,Silver,36-50
CUST_03424,Kathleen,Finch,kathleen.finch5@virgilio.it,Milano,Lombardia,Italy,2022-04-28,Gold,18-25
CUST_03425,Nicoletta,Quasimodo,nicoletta.quasimodo52@virgilio.it,Perugia,Umbria,Italy,2023-07-13,Bronze,50+
CUST_03426,Federica,Depero,federica.depero66@virgilio.it,Milano,Lombardia,Italy,2022-11-25,Bronze,50+
CUST_03427,Costanzo,Chiappetta,costanzo.chiappetta30@gmail.com,Milano,Lombardia,Italy,2021-10-17,Silver,18-25
CUST_03428,Stacey,Jones,stacey.jones68@gmail.com,Firenze,Toscana,Italy,2023-07-15,Bronze,50+
CUST_03429,Ida,Biagiotti,ida.biagiotti55@icloud.com,Torino,Piemonte,Italy,2023-05-16,Silver,26-35
CUST_03430,Rosina,Cuomo,rosina.cuomo71@yahoo.it,Roma,Lazio,Italy,2023-02-11,Platinum,18-25
CUST_03431,Coluccio,Pratesi,coluccio.pratesi35@email.it,Venezia,Veneto,Italy,2023-02-09,Bronze,18-25
CUST_03432,Lynne,Hodgson,lynne.hodgson61@yahoo.it,Napoli,Campania,Italy,2023-05-16,Bronze,26-35
CUST_03433,Andrew,Chan,andrew.chan64@icloud.com,Milano,Lombardia,Italy,2022-01-11,Silver,36-50
CUST_03434,Camilla,Soprano,camilla.soprano58@email.it,Firenze,Toscana,Italy,2024-01-22,Bronze,26-35
CUST_03435,Ellie,Griffiths,ellie.griffiths3@hotmail.it,Verona,Veneto,Italy,2020-08-13,Bronze,50+
CUST_03436,Helen,Jackson,helen.jackson37@libero.it,Palermo,Sicilia,Italy,2024-02-09,Gold,36-50
CUST_03437,Charlene,Johnson,charlene.johnson61@icloud.com,Catania,Sicilia,Italy,2021-10-20,Silver,26-35
CUST_03438,Nina,Roncalli,nina.roncalli57@libero.it,Palermo,Sicilia,Italy,2020-04-18,Bronze,36-50
CUST_03439,Filippo,Parisi,filippo.parisi65@libero.it,Firenze,Toscana,Italy,2023-01-13,Bronze,50+
CUST_03440,Melania,Offredi,melania.offredi76@icloud.com,Milano,Lombardia,Italy,2021-12-25,Silver,18-25
CUST_03441,Jodie,Jones,jodie.jones78@virgilio.it,Firenze,Toscana,Italy,2023-11-13,Silver,26-35
CUST_03442,Daria,Badoer,daria.badoer17@outlook.com,Padova,Veneto,Italy,2022-04-07,Gold,36-50
CUST_03443,Sophia,Ceschi,sophia.ceschi93@email.it,Lecce,Puglia,Italy,2023-04-25,Bronze,36-50
CUST_03444,Saverio,Sraffa,saverio.sraffa54@icloud.com,Napoli,Campania,Italy,2021-08-10,Gold,36-50
CUST_03445,Abbie,Gill,abbie.gill61@hotmail.it,Milano,Lombardia,Italy,2020-12-21,Silver,26-35
CUST_03446,Rosemary,Whitehead,rosemary.whitehead80@libero.it,Roma,Lazio,Italy,2022-01-18,Silver,36-50
CUST_03447,Costanzo,Polesel,costanzo.polesel37@yahoo.it,Firenze,Toscana,Italy,2023-01-23,Silver,36-50
CUST_03448,Lee,Jackson,lee.jackson86@virgilio.it,Venezia,Veneto,Italy,2023-04-08,Bronze,36-50
CUST_03449,Ranieri,Beffa,ranieri.beffa17@hotmail.it,Milano,Lombardia,Italy,2022-12-10,Platinum,18-25
CUST_03450,Ronald,Barry,ronald.barry26@hotmail.it,Ancona,Marche,Italy,2024-06-16,Bronze,36-50
CUST_03451,Azeglio,Gussoni,azeglio.gussoni78@virgilio.it,Torino,Piemonte,Italy,2023-05-27,Bronze,26-35
CUST_03452,Filippa,Mazzocchi,filippa.mazzocchi13@email.it,Cagliari,Sardegna,Italy,2024-04-09,Gold,36-50
CUST_03453,Jasmine,Russell,jasmine.russell64@outlook.com,Verona,Veneto,Italy,2020-03-25,Silver,50+
CUST_03454,Alberico,Trezzini,alberico.trezzini31@libero.it,Bari,Puglia,Italy,2019-08-11,Gold,36-50
CUST_03455,Jessica,Kennedy,jessica.kennedy72@gmail.com,Venezia,Veneto,Italy,2021-08-16,Silver,18-25
CUST_03456,Marisa,Zetticci,marisa.zetticci3@icloud.com,Genova,Liguria,Italy,2020-05-26,Bronze,26-35
CUST_03457,Gianfranco,Moretti,gianfranco.moretti34@icloud.com,Genova,Liguria,Italy,2022-09-17,Gold,50+
CUST_03458,Ugolino,Treves,ugolino.treves87@hotmail.it,Genova,Liguria,Italy,2022-09-06,Bronze,36-50
CUST_03459,Gloria,Caetani,gloria.caetani23@gmail.com,Bologna,Emilia-Romagna,Italy,2022-12-05,Gold,36-50
CUST_03460,Raffaele,Grasso,raffaele.grasso9@icloud.com,Reggio Calabria,Calabria,Italy,2023-08-11,Bronze,26-35
CUST_03461,Santino,Muti,santino.muti56@yahoo.it,Catania,Sicilia,Italy,2024-05-27,Gold,36-50
CUST_03462,Francesca,Pavanello,francesca.pavanello80@libero.it,Verona,Veneto,Italy,2024-02-02,Bronze,36-50
CUST_03463,Enzio,Zaccagnini,enzio.zaccagnini16@libero.it,Trieste,Friuli-Venezia Giulia,Italy,2020-03-27,Silver,50+
CUST_03464,Gail,Smith,gail.smith63@outlook.com,Roma,Lazio,Italy,2021-10-12,Gold,36-50
CUST_03465,Marion,Wells,marion.wells44@icloud.com,Milano,Lombardia,Italy,2021-04-14,Bronze,36-50
CUST_03466,Victoria,Berrè,victoria.berrè99@gmail.com,Napoli,Campania,Italy,2020-09-24,Silver,36-50
CUST_03467,Jamie,Bates,jamie.bates99@outlook.com,Napoli,Campania,Italy,2022-10-18,Gold,26-35
CUST_03468,Agostino,Crispi,agostino.crispi20@yahoo.it,Padova,Veneto,Italy,2022-10-31,Silver,50+
CUST_03469,Toni,Seddio,toni.seddio91@gmail.com,Napoli,Campania,Italy,2021-02-04,Gold,36-50
CUST_03470,Chloe,Sinclair,chloe.sinclair57@virgilio.it,Bologna,Emilia-Romagna,Italy,2023-06-26,Bronze,50+
CUST_03471,Derek,Ali,derek.ali97@yahoo.it,Bologna,Emilia-Romagna,Italy,2023-07-25,Bronze,36-50
CUST_03472,Serena,Tamborini,serena.tamborini14@yahoo.it,Milano,Lombardia,Italy,2018-12-10,Bronze,18-25
CUST_03473,Dennis,Craig,dennis.craig72@gmail.com,Genova,Liguria,Italy,2022-02-01,Bronze,36-50
CUST_03474,Susanna,Deledda,susanna.deledda65@yahoo.it,Padova,Veneto,Italy,2024-02-17,Bronze,18-25
CUST_03475,Molly,Wall,molly.wall22@yahoo.it,Roma,Lazio,Italy,2022-09-08,Silver,26-35
CUST_03476,Benvenuto,Strangio,benvenuto.strangio27@icloud.com,Venezia,Veneto,Italy,2021-10-30,Bronze,26-35
CUST_03477,Ludovico,Giusti,ludovico.giusti21@outlook.com,Venezia,Veneto,Italy,2021-04-09,Bronze,36-50
CUST_03478,Marco,Lettiere,marco.lettiere91@virgilio.it,Roma,Lazio,Italy,2021-03-16,Bronze,36-50
CUST_03479,Armando,Tolentino,armando.tolentino98@virgilio.it,Milano,Lombardia,Italy,2020-01-20,Gold,18-25
CUST_03480,Gianfranco,Vigliotti,gianfranco.vigliotti94@yahoo.it,Lecce,Puglia,Italy,2023-11-16,Silver,36-50
CUST_03481,Benjamin,Cole,benjamin.cole20@icloud.com,Torino,Piemonte,Italy,2019-11-30,Bronze,26-35
CUST_03482,Evangelista,Pareto,evangelista.pareto43@hotmail.it,Roma,Lazio,Italy,2021-07-06,Gold,50+
CUST_03483,Patrizio,Gibilisco,patrizio.gibilisco16@libero.it,Roma,Lazio,Italy,2019-05-22,Bronze,36-50
CUST_03484,Bernardo,Sauro,bernardo.sauro57@email.it,Palermo,Sicilia,Italy,2023-09-29,Platinum,36-50
CUST_03485,Renzo,Sagnelli,renzo.sagnelli99@gmail.com,Venezia,Veneto,Italy,2019-04-15,Silver,26-35
CUST_03486,Camillo,Tarantini,camillo.tarantini32@virgilio.it,Genova,Liguria,Italy,2021-08-10,Bronze,36-50
CUST_03487,Riccardo,Mercadante,riccardo.mercadante44@outlook.com,Milano,Lombardia,Italy,2022-12-02,Silver,36-50
CUST_03488,Danilo,Tamburini,danilo.tamburini65@hotmail.it,Trento,Trentino-Alto Adige,Italy,2022-02-27,Silver,50+
CUST_03489,Lucrezia,Antonello,lucrezia.antonello11@outlook.com,Torino,Piemonte,Italy,2021-06-14,Bronze,18-25
CUST_03490,Claudio,Pininfarina,claudio.pininfarina48@email.it,Firenze,Toscana,Italy,2021-05-29,Gold,26-35
CUST_03491,Maureen,Martin,maureen.martin47@libero.it,Napoli,Campania,Italy,2023-10-21,Bronze,36-50
CUST_03492,Victor,Turner,victor.turner20@email.it,Torino,Piemonte,Italy,2024-05-30,Bronze,18-25
CUST_03493,Piergiuseppe,Barcaccia,piergiuseppe.barcaccia30@hotmail.it,Trieste,Friuli-Venezia Giulia,Italy,2021-10-31,Bronze,26-35
CUST_03494,Anita,Vezzali,anita.vezzali55@email.it,Perugia,Umbria,Italy,2019-04-15,Bronze,50+
CUST_03495,Achille,Burcardo,achille.burcardo53@virgilio.it,Firenze,Toscana,Italy,2019-03-30,Bronze,26-35
CUST_03496,Morena,Marinetti,morena.marinetti67@icloud.com,Trieste,Friuli-Venezia Giulia,Italy,2023-08-30,Gold,50+
CUST_03497,Veronica,Tomasini,veronica.tomasini4@virgilio.it,Verona,Veneto,Italy,2022-10-30,Bronze,18-25
CUST_03498,Annamaria,Foconi,annamaria.foconi19@gmail.com,Perugia,Umbria,Italy,2023-10-02,Bronze,36-50
CUST_03499,Filippa,Saraceno,filippa.saraceno92@yahoo.it,Roma,Lazio,Italy,2023-06-05,Silver,36-50
CUST_03500,Massimiliano,Ortese,massimiliano.ortese11@icloud.com,Venezia,Veneto,Italy,2024-03-10,Gold,36-50
CUST_03501,Raffaella,Berrè,raffaella.berrè41@email.it,Firenze,Toscana,Italy,2024-02-12,Platinum,50+
CUST_03502,Lesley,Carey,lesley.carey99@hotmail.it,Padova,Veneto,Italy,2023-10-08,Silver,18-25
CUST_03503,Terry,Andrews,terry.andrews56@gmail.com,Milano,Lombardia,Italy,2022-06-24,Platinum,50+
CUST_03504,Paulina,Garobbio,paulina.garobbio51@gmail.com,Bologna,Emilia-Romagna,Italy,2021-08-10,Silver,36-50
CUST_03505,Rosina,Santi,rosina.santi85@hotmail.it,Firenze,Toscana,Italy,2022-08-17,Platinum,26-35
CUST_03506,Kelly,Walker,kelly.walker74@gmail.com,Firenze,Toscana,Italy,2022-08-09,Silver,50+
CUST_03507,Glenn,Kaur,glenn.kaur81@outlook.com,Genova,Liguria,Italy,2023-01-28,Bronze,26-35
CUST_03508,Marco,Zaguri,marco.zaguri54@email.it,Padova,Veneto,Italy,2020-10-20,Bronze,50+
CUST_03509,Marisa,Serraglio,marisa.serraglio88@outlook.com,Venezia,Veneto,Italy,2023-04-06,Silver,26-35
CUST_03510,Lauretta,Ortese,lauretta.ortese93@icloud.com,Padova,Veneto,Italy,2022-05-23,Bronze,50+
CUST_03511,Lauretta,Samele,lauretta.samele45@gmail.com,Roma,Lazio,Italy,2023-02-12,Bronze,36-50
CUST_03512,Damiano,Cagnotto,damiano.cagnotto36@hotmail.it,Bologna,Emilia-Romagna,Italy,2021-03-07,Silver,18-25
CUST_03513,Maria,Gargallo,maria.gargallo90@email.it,Napoli,Campania,Italy,2022-04-13,Gold,36-50
CUST_03514,Adamo,Mortati,adamo.mortati58@libero.it,Milano,Lombardia,Italy,2020-12-23,Bronze,26-35
CUST_03515,Michelangelo,Maffei,michelangelo.maffei70@virgilio.it,Bologna,Emilia-Romagna,Italy,2024-01-30,Silver,26-35
CUST_03516,Sian,Clements,sian.clements90@icloud.com,Palermo,Sicilia,Italy,2022-07-16,Silver,26-35
CUST_03517,Allegra,Trentini,allegra.trentini84@email.it,Venezia,Veneto,Italy,2021-01-30,Platinum,18-25
CUST_03518,Nico,Canali,nico.canali26@outlook.com,Catania,Sicilia,Italy,2019-04-27,Gold,26-35
CUST_03519,Antonino,Dallara,antonino.dallara11@gmail.com,Bologna,Emilia-Romagna,Italy,2023-05-05,Silver,36-50
CUST_03520,Silvio,Cimarosa,silvio.cimarosa69@icloud.com,Milano,Lombardia,Italy,2021-01-04,Silver,36-50
CUST_03521,Gail,Graham,gail.graham50@hotmail.it,Milano,Lombardia,Italy,2024-06-18,Bronze,36-50
CUST_03522,Pina,Pizzo,pina.pizzo67@outlook.com,Venezia,Veneto,Italy,2022-09-30,Silver,26-35
CUST_03523,Coriolano,Grossi,coriolano.grossi28@yahoo.it,Firenze,Toscana,Italy,2021-06-29,Silver,36-50
CUST_03524,Hazel,Pritchard,hazel.pritchard66@outlook.com,Milano,Lombardia,Italy,2023-04-09,Gold,36-50
CUST_03525,Cristina,Ferrazzi,cristina.ferrazzi67@icloud.com,Napoli,Campania,Italy,2021-05-29,Silver,26-35
CUST_03526,Pamela,Lucas,pamela.lucas97@hotmail.it,Bologna,Emilia-Romagna,Italy,2023-11-20,Bronze,50+
CUST_03527,Francesco,Casini,francesco.casini3@gmail.com,Firenze,Toscana,Italy,2021-08-10,Silver,36-50
CUST_03528,Serena,Perozzo,serena.perozzo70@outlook.com,Catania,Sicilia,Italy,2024-06-17,Bronze,36-50
CUST_03529,Giampiero,Saragat,giampiero.saragat31@outlook.com,Genova,Liguria,Italy,2023-01-20,Bronze,26-35
CUST_03530,Raffaella,Federici,raffaella.federici93@email.it,Firenze,Toscana,Italy,2023-12-21,Bronze,18-25
CUST_03531,Louis,White,louis.white65@yahoo.it,Bari,Puglia,Italy,2019-10-02,Bronze,50+
CUST_03532,Joel,Wilson,joel.wilson94@gmail.com,Genova,Liguria,Italy,2021-11-01,Gold,50+
CUST_03533,Lauretta,Moretti,lauretta.moretti48@outlook.com,Genova,Liguria,Italy,2023-07-31,Bronze,18-25
CUST_03534,Corrado,Porzio,corrado.porzio81@icloud.com,Bologna,Emilia-Romagna,Italy,2023-04-05,Bronze,26-35
CUST_03535,Joel,Vaughan,joel.vaughan16@gmail.com,Milano,Lombardia,Italy,2020-11-11,Platinum,36-50
CUST_03536,Geraldine,Martin,geraldine.martin97@yahoo.it,Palermo,Sicilia,Italy,2021-11-17,Bronze,36-50
CUST_03537,Antonino,Castioni,antonino.castioni58@outlook.com,Torino,Piemonte,Italy,2021-05-02,Bronze,50+
CUST_03538,Martina,Salieri,martina.salieri74@gmail.com,Ancona,Marche,Italy,2023-02-02,Bronze,18-25
CUST_03539,Roman,Terragni,roman.terragni59@icloud.com,Padova,Veneto,Italy,2021-10-24,Bronze,26-35
CUST_03540,Geraldine,Jones,geraldine.jones31@libero.it,Venezia,Veneto,Italy,2021-08-11,Bronze,18-25
CUST_03541,Donato,Tarantino,donato.tarantino45@outlook.com,Roma,Lazio,Italy,2020-12-16,Bronze,26-35
CUST_03542,Adelmo,Turchetta,adelmo.turchetta37@hotmail.it,Roma,Lazio,Italy,2022-02-26,Silver,18-25
CUST_03543,Catherine,Stone,catherine.stone92@email.it,Torino,Piemonte,Italy,2020-11-14,Bronze,50+
CUST_03544,Lolita,Bellò,lolita.bellò67@libero.it,Napoli,Campania,Italy,2024-05-17,Bronze,36-50
CUST_03545,Angelica,Rinaldi,angelica.rinaldi14@icloud.com,Firenze,Toscana,Italy,2020-07-21,Gold,50+
CUST_03546,Rosa,Soranzo,rosa.soranzo67@libero.it,Bologna,Emilia-Romagna,Italy,2024-03-17,Bronze,18-25
CUST_03547,Torquato,Eco,torquato.eco47@virgilio.it,Roma,Lazio,Italy,2022-04-03,Gold,26-35
CUST_03548,Greca,Dovara,greca.dovara13@hotmail.it,Lecce,Puglia,Italy,2021-12-29,Bronze,26-35
CUST_03549,Lisa,Ceri,lisa.ceri92@email.it,Milano,Lombardia,Italy,2021-02-15,Bronze,26-35
CUST_03550,Coluccio,Pedersoli,coluccio.pedersoli53@yahoo.it,Perugia,Umbria,Italy,2023-03-07,Silver,50+
CUST_03551,Flavia,Milanesi,flavia.milanesi12@gmail.com,Cagliari,Sardegna,Italy,2023-05-19,Bronze,26-35
CUST_03552,Henry,Hussain,henry.hussain55@hotmail.it,Bologna,Emilia-Romagna,Italy,2022-06-11,Bronze,26-35
CUST_03553,Marion,Davies,marion.davies61@libero.it,Catania,Sicilia,Italy,2019-07-14,Silver,18-25
CUST_03554,Toni,Pausini,toni.pausini58@yahoo.it,Napoli,Campania,Italy,2024-03-24,Bronze,18-25
CUST_03555,Piero,Grassi,piero.grassi48@email.it,Genova,Liguria,Italy,2024-06-07,Silver,36-50
CUST_03556,Guglielmo,Petruzzi,guglielmo.petruzzi76@email.it,Torino,Piemonte,Italy,2022-04-07,Gold,26-35
CUST_03557,Massimo,Majewski,massimo.majewski34@virgilio.it,Firenze,Toscana,Italy,2023-02-02,Bronze,36-50
CUST_03558,Rocco,Chiesa,rocco.chiesa82@email.it,Venezia,Veneto,Italy,2022-05-12,Silver,36-50
CUST_03559,Edoardo,Pontecorvo,edoardo.pontecorvo57@virgilio.it,Napoli,Campania,Italy,2021-09-08,Silver,18-25
CUST_03560,Chiara,Toscani,chiara.toscani94@email.it,Venezia,Veneto,Italy,2019-10-22,Platinum,18-25
CUST_03561,Leonardo,Versace,leonardo.versace21@hotmail.it,Firenze,Toscana,Italy,2022-05-22,Gold,36-50
CUST_03562,Sonia,Mazzini,sonia.mazzini65@hotmail.it,Torino,Piemonte,Italy,2023-11-17,Gold,36-50
CUST_03563,Lara,Visconti,lara.visconti63@virgilio.it,Milano,Lombardia,Italy,2018-11-06,Bronze,26-35
CUST_03564,Elvira,Gaiatto,elvira.gaiatto17@yahoo.it,Milano,Lombardia,Italy,2022-12-16,Silver,18-25
CUST_03565,Galasso,Foscari,galasso.foscari89@libero.it,Roma,Lazio,Italy,2024-02-06,Bronze,18-25
CUST_03566,Eleanora,Maderna,eleanora.maderna59@virgilio.it,Milano,Lombardia,Italy,2021-01-11,Bronze,26-35
CUST_03567,Jessica,Wheeler,jessica.wheeler5@hotmail.it,Milano,Lombardia,Italy,2020-10-12,Gold,18-25
CUST_03568,Hannah,Summers,hannah.summers72@icloud.com,Verona,Veneto,Italy,2023-09-17,Bronze,26-35
CUST_03569,Giuseppina,Musatti,giuseppina.musatti16@email.it,Milano,Lombardia,Italy,2021-04-13,Platinum,26-35
CUST_03570,Giada,Chiappetta,giada.chiappetta15@yahoo.it,Palermo,Sicilia,Italy,2020-11-05,Bronze,18-25
CUST_03571,Jolanda,Emanuelli,jolanda.emanuelli48@outlook.com,Firenze,Toscana,Italy,2021-12-29,Gold,18-25
CUST_03572,Tiziano,Venier,tiziano.venier6@hotmail.it,Trieste,Friuli-Venezia Giulia,Italy,2022-01-26,Bronze,50+
CUST_03573,Griselda,Mimun,griselda.mimun16@icloud.com,Napoli,Campania,Italy,2024-01-28,Bronze,36-50
CUST_03574,Jacob,Harris,jacob.harris40@icloud.com,Firenze,Toscana,Italy,2023-02-10,Bronze,50+
CUST_03575,Jolanda,Carpaccio,jolanda.carpaccio39@outlook.com,Bologna,Emilia-Romagna,Italy,2022-02-20,Silver,26-35
CUST_03576,Gerard,Nolan,gerard.nolan63@gmail.com,Torino,Piemonte,Italy,2022-10-01,Bronze,36-50
CUST_03577,Maria,Niggli,maria.niggli19@hotmail.it,Bologna,Emilia-Romagna,Italy,2024-05-06,Silver,26-35
CUST_03578,Annamaria,Solari,annamaria.solari76@email.it,Milano,Lombardia,Italy,2020-03-09,Bronze,36-50
CUST_03579,Jason,Ward,jason.ward7@outlook.com,Reggio Calabria,Calabria,Italy,2020-12-17,Bronze,18-25
CUST_03580,Berenice,Priuli,berenice.priuli37@libero.it,Napoli,Campania,Italy,2024-05-17,Bronze,18-25
CUST_03581,Gianna,Udinese,gianna.udinese24@virgilio.it,Torino,Piemonte,Italy,2024-05-10,Bronze,50+
CUST_03582,Ivan,Raimondi,ivan.raimondi1@yahoo.it,Catania,Sicilia,Italy,2020-09-25,Gold,36-50
CUST_03583,Ornella,Andreotti,ornella.andreotti71@icloud.com,Torino,Piemonte,Italy,2020-06-22,Gold,50+
CUST_03584,Angela,Lynch,angela.lynch9@gmail.com,Padova,Veneto,Italy,2022-03-20,Bronze,26-35
CUST_03585,Valerio,Canetta,valerio.canetta54@virgilio.it,Napoli,Campania,Italy,2019-06-13,Silver,26-35
CUST_03586,Catherine,Stevens,catherine.stevens74@outlook.com,Catania,Sicilia,Italy,2023-04-05,Silver,26-35
CUST_03587,Shannon,Dixon,shannon.dixon73@virgilio.it,Milano,Lombardia,Italy,2019-10-23,Bronze,36-50
CUST_03588,Chelsea,Booth,chelsea.booth44@email.it,Padova,Veneto,Italy,2019-07-26,Bronze,36-50
CUST_03589,Alfio,Parri,alfio.parri61@hotmail.it,Catania,Sicilia,Italy,2022-07-11,Silver,50+
CUST_03590,Ennio,Bernardini,ennio.bernardini98@hotmail.it,Roma,Lazio,Italy,2024-05-11,Bronze,18-25
CUST_03591,Ashley,Griffiths,ashley.griffiths65@virgilio.it,Roma,Lazio,Italy,2022-03-31,Bronze,36-50
CUST_03592,Germana,Bertoni,germana.bertoni98@virgilio.it,Firenze,Toscana,Italy,2021-11-17,Bronze,26-35
CUST_03593,Galasso,Interiano,galasso.interiano86@virgilio.it,Lecce,Puglia,Italy,2024-06-28,Silver,26-35
CUST_03594,Luisa,Curiel,luisa.curiel20@icloud.com,Roma,Lazio,Italy,2022-09-27,Bronze,36-50
CUST_03595,Ivan,Gregori,ivan.gregori12@email.it,Napoli,Campania,Italy,2021-12-24,Bronze,36-50
CUST_03596,Ennio,Blasi,ennio.blasi50@libero.it,Milano,Lombardia,Italy,2022-01-13,Bronze,18-25
CUST_03597,Graziella,Malacarne,graziella.malacarne51@icloud.com,Torino,Piemonte,Italy,2020-11-13,Bronze,26-35
CUST_03598,Gastone,Vendetti,gastone.vendetti70@gmail.com,Bologna,Emilia-Romagna,Italy,2022-08-26,Bronze,26-35
CUST_03599,Kate,Smith,kate.smith86@virgilio.it,Ancona,Marche,Italy,2022-04-21,Gold,26-35
CUST_03600,Amedeo,Offredi,amedeo.offredi95@outlook.com,Bologna,Emilia-Romagna,Italy,2021-05-19,Bronze,26-35
CUST_03601,Adam,Davies,adam.davies83@yahoo.it,Padova,Veneto,Italy,2020-08-08,Silver,18-25
CUST_03602,Paoletta,Samele,paoletta.samele22@gmail.com,Bologna,Emilia-Romagna,Italy,2021-08-16,Bronze,18-25
CUST_03603,Melanie,Wilson,melanie.wilson74@outlook.com,Milano,Lombardia,Italy,2022-08-20,Silver,50+
CUST_03604,Claudio,Zampa,claudio.zampa72@yahoo.it,Firenze,Toscana,Italy,2019-07-27,Silver,50+
CUST_03605,Donald,Barnett,donald.barnett83@yahoo.it,Venezia,Veneto,Italy,2020-07-19,Bronze,36-50
CUST_03606,Stefani,Garzoni,stefani.garzoni25@gmail.com,Ancona,Marche,Italy,2024-04-29,Gold,50+
CUST_03607,Amy,Sheppard,amy.sheppard73@libero.it,Trieste,Friuli-Venezia Giulia,Italy,2022-10-15,Bronze,36-50
CUST_03608,Luciana,Zamorani,luciana.zamorani97@virgilio.it,Roma,Lazio,Italy,2019-08-21,Gold,18-25
CUST_03609,Megan,Spencer,megan.spencer65@gmail.com,Roma,Lazio,Italy,2023-05-30,Bronze,18-25
CUST_03610,Ashley,Burgess,ashley.burgess16@hotmail.it,Roma,Lazio,Italy,2019-08-13,Platinum,50+
CUST_03611,Ottavio,Gioberti,ottavio.gioberti3@outlook.com,Perugia,Umbria,Italy,2023-08-02,Silver,36-50
CUST_03612,Tullio,Lupo,tullio.lupo27@libero.it,Padova,Veneto,Italy,2023-08-17,Platinum,50+
CUST_03613,Georgina,Stewart,georgina.stewart91@virgilio.it,Bari,Puglia,Italy,2023-03-30,Silver,50+
CUST_03614,Greca,Bellini,greca.bellini11@icloud.com,Torino,Piemonte,Italy,2023-07-24,Bronze,26-35
CUST_03615,Charles,Rowley,charles.rowley52@gmail.com,Napoli,Campania,Italy,2019-12-05,Silver,18-25
CUST_03616,Orazio,Pedersoli,orazio.pedersoli63@gmail.com,Napoli,Campania,Italy,2023-07-16,Gold,26-35
CUST_03617,Piermaria,Mazzeo,piermaria.mazzeo44@email.it,Roma,Lazio,Italy,2020-05-27,Platinum,18-25
CUST_03618,Alice,Jones,alice.jones24@email.it,Napoli,Campania,Italy,2021-10-14,Bronze,26-35
CUST_03619,Amanda,Bernini,amanda.bernini4@icloud.com,Milano,Lombardia,Italy,2024-04-23,Silver,26-35
CUST_03620,Marc,Davey,marc.davey49@outlook.com,Milano,Lombardia,Italy,2022-08-10,Bronze,18-25
CUST_03621,Alberico,Gregorio,alberico.gregorio12@yahoo.it,Trento,Trentino-Alto Adige,Italy,2024-05-23,Silver,26-35
CUST_03622,Gaspare,Ruberto,gaspare.ruberto13@hotmail.it,Bari,Puglia,Italy,2019-12-09,Bronze,26-35
CUST_03623,Renata,Gatto,renata.gatto37@hotmail.it,Napoli,Campania,Italy,2022-06-28,Bronze,26-35
CUST_03624,Emma,Pacelli,emma.pacelli24@outlook.com,Bologna,Emilia-Romagna,Italy,2019-08-16,Gold,36-50
CUST_03625,Margherita,Vergerio,margherita.vergerio99@yahoo.it,Torino,Piemonte,Italy,2023-02-27,Bronze,26-35
CUST_03626,Loretta,Ferretti,loretta.ferretti20@outlook.com,Bari,Puglia,Italy,2019-10-28,Silver,36-50
CUST_03627,Maura,Ferrante,maura.ferrante53@hotmail.it,Verona,Veneto,Italy,2020-09-20,Silver,50+
CUST_03628,Lando,Salandra,lando.salandra8@icloud.com,Bari,Puglia,Italy,2021-04-22,Bronze,18-25
CUST_03629,Gerard,Potter,gerard.potter24@gmail.com,Catania,Sicilia,Italy,2023-08-16,Bronze,18-25
CUST_03630,Federigo,Borrani,federigo.borrani92@gmail.com,Roma,Lazio,Italy,2020-08-18,Silver,50+
CUST_03631,Flavio,Dovara,flavio.dovara39@email.it,Firenze,Toscana,Italy,2023-12-24,Bronze,36-50
CUST_03632,Lolita,Tosi,lolita.tosi13@icloud.com,Napoli,Campania,Italy,2020-05-11,Gold,36-50
CUST_03633,Dante,Paolucci,dante.paolucci19@email.it,Firenze,Toscana,Italy,2019-03-22,Platinum,26-35
CUST_03634,Leah,Howard,leah.howard42@outlook.com,Bari,Puglia,Italy,2022-01-31,Bronze,50+
CUST_03635,Annibale,Renzi,annibale.renzi49@yahoo.it,Firenze,Toscana,Italy,2024-06-06,Bronze,50+
CUST_03636,Gustavo,Viviani,gustavo.viviani7@libero.it,Roma,Lazio,Italy,2020-02-27,Bronze,36-50
CUST_03637,Giustino,Cesarotti,giustino.cesarotti31@libero.it,Torino,Piemonte,Italy,2020-01-27,Silver,18-25
CUST_03638,Ernesto,Gualtieri,ernesto.gualtieri64@email.it,Lecce,Puglia,Italy,2023-08-19,Bronze,50+
CUST_03639,Craig,Riley,craig.riley15@outlook.com,Roma,Lazio,Italy,2021-08-18,Bronze,36-50
CUST_03640,Adelmo,Montalcini,adelmo.montalcini8@icloud.com,Genova,Liguria,Italy,2023-07-03,Silver,36-50
CUST_03641,Dale,Wilkinson,dale.wilkinson60@email.it,Napoli,Campania,Italy,2020-11-26,Platinum,18-25
CUST_03642,Rosario,Costanzi,rosario.costanzi9@virgilio.it,Milano,Lombardia,Italy,2022-05-29,Bronze,36-50
CUST_03643,Annibale,Cortese,annibale.cortese4@email.it,Napoli,Campania,Italy,2021-05-07,Bronze,18-25
CUST_03644,Ian,Johnston,ian.johnston82@libero.it,Catania,Sicilia,Italy,2022-05-14,Platinum,26-35
CUST_03645,Luigi,Berengario,luigi.berengario3@outlook.com,Napoli,Campania,Italy,2023-09-13,Silver,36-50
CUST_03646,Matilda,Manunta,matilda.manunta71@yahoo.it,Trieste,Friuli-Venezia Giulia,Italy,2023-09-03,Silver,26-35
CUST_03647,Silvestro,Vidoni,silvestro.vidoni32@hotmail.it,Firenze,Toscana,Italy,2022-09-01,Silver,36-50
CUST_03648,Micheletto,Bonomo,micheletto.bonomo39@email.it,Milano,Lombardia,Italy,2024-04-05,Platinum,36-50
CUST_03649,Mercedes,Mercati,mercedes.mercati58@yahoo.it,Perugia,Umbria,Italy,2021-05-03,Silver,18-25
CUST_03650,Vincentio,Galtarossa,vincentio.galtarossa82@libero.it,Torino,Piemonte,Italy,2021-03-09,Gold,36-50
CUST_03651,Fiorino,Treccani,fiorino.treccani19@icloud.com,Venezia,Veneto,Italy,2023-02-03,Silver,50+
CUST_03652,Baldassare,Tirabassi,baldassare.tirabassi70@hotmail.it,Verona,Veneto,Italy,2023-02-14,Silver,26-35
CUST_03653,Ermes,Praga,ermes.praga32@email.it,Firenze,Toscana,Italy,2019-05-27,Bronze,36-50
CUST_03654,Alessia,Valier,alessia.valier72@virgilio.it,Catania,Sicilia,Italy,2023-01-24,Bronze,26-35
CUST_03655,Patrizio,Busoni,patrizio.busoni6@gmail.com,Milano,Lombardia,Italy,2021-12-22,Silver,36-50
CUST_03656,Maurilio,Gangemi,maurilio.gangemi60@outlook.com,Firenze,Toscana,Italy,2023-08-14,Bronze,26-35
CUST_03657,Clive,Fletcher,clive.fletcher84@hotmail.it,Roma,Lazio,Italy,2023-11-04,Silver,26-35
CUST_03658,Valentina,Fusani,valentina.fusani1@gmail.com,Verona,Veneto,Italy,2022-10-30,Bronze,18-25
CUST_03659,Edward,McDonald,edward.mcdonald62@outlook.com,Roma,Lazio,Italy,2018-04-08,Gold,50+
CUST_03660,Francesca,Montanariello,francesca.montanariello77@outlook.com,Catania,Sicilia,Italy,2023-03-08,Bronze,36-50
CUST_03661,Marco,Onio,marco.onio88@email.it,Ancona,Marche,Italy,2023-08-16,Gold,36-50
CUST_03662,Lando,Galeati,lando.galeati45@libero.it,Bologna,Emilia-Romagna,Italy,2021-03-29,Silver,26-35
CUST_03663,Marcella,Turchetta,marcella.turchetta75@outlook.com,Bologna,Emilia-Romagna,Italy,2022-06-06,Bronze,36-50
CUST_03664,Salvi,Zamorani,salvi.zamorani6@hotmail.it,Napoli,Campania,Italy,2024-05-20,Silver,26-35
CUST_03665,Priscilla,Almagià,priscilla.almagià95@yahoo.it,Firenze,Toscana,Italy,2021-07-19,Bronze,26-35
CUST_03666,Damiano,Muti,damiano.muti39@yahoo.it,Napoli,Campania,Italy,2021-01-25,Bronze,36-50
CUST_03667,Alan,Turner,alan.turner51@yahoo.it,Venezia,Veneto,Italy,2020-12-25,Bronze,26-35
CUST_03668,Riccardo,Giunti,riccardo.giunti18@outlook.com,Reggio Calabria,Calabria,Italy,2022-11-09,Bronze,26-35
CUST_03669,Eva,Gori,eva.gori56@libero.it,Perugia,Umbria,Italy,2024-05-01,Platinum,36-50
CUST_03670,Patricia,Greenwood,patricia.greenwood79@icloud.com,Trieste,Friuli-Venezia Giulia,Italy,2023-01-26,Bronze,50+
CUST_03671,Annibale,Micheletti,annibale.micheletti88@icloud.com,Trento,Trentino-Alto Adige,Italy,2021-07-30,Silver,26-35
CUST_03672,Orazio,Carli,orazio.carli82@outlook.com,Napoli,Campania,Italy,2023-03-12,Bronze,18-25
CUST_03673,Orlando,Guariento,orlando.guariento97@virgilio.it,Palermo,Sicilia,Italy,2023-02-19,Silver,26-35
CUST_03674,Christian,Cross,christian.cross35@libero.it,Trento,Trentino-Alto Adige,Italy,2023-01-08,Bronze,50+
CUST_03675,Gregory,Hawkins,gregory.hawkins85@icloud.com,Torino,Piemonte,Italy,2020-08-05,Silver,50+
CUST_03676,Adriana,Longhena,adriana.longhena44@libero.it,Lecce,Puglia,Italy,2023-03-06,Silver,36-50
CUST_03677,Alfio,Traetta,alfio.traetta59@icloud.com,Torino,Piemonte,Italy,2022-04-06,Silver,50+
CUST_03678,John,Burns,john.burns3@hotmail.it,Venezia,Veneto,Italy,2018-11-20,Bronze,26-35
CUST_03679,Pina,Panatta,pina.panatta83@gmail.com,Catania,Sicilia,Italy,2022-10-10,Silver,50+
CUST_03680,Uberto,Tomasini,uberto.tomasini78@virgilio.it,Ancona,Marche,Italy,2024-06-18,Bronze,26-35
CUST_03681,Riccardo,Spinelli,riccardo.spinelli1@gmail.com,Roma,Lazio,Italy,2021-11-04,Bronze,26-35
CUST_03682,Antonello,Malenchini,antonello.malenchini87@hotmail.it,Bari,Puglia,Italy,2024-05-20,Bronze,36-50
CUST_03683,Viridiana,Ferragamo,viridiana.ferragamo53@virgilio.it,Bologna,Emilia-Romagna,Italy,2020-01-06,Bronze,26-35
CUST_03684,Ludovico,Tosi,ludovico.tosi98@email.it,Roma,Lazio,Italy,2023-07-24,Bronze,36-50
CUST_03685,Bruno,Cafarchia,bruno.cafarchia69@yahoo.it,Bari,Puglia,Italy,2020-03-13,Silver,26-35
CUST_03686,Fabio,Vanvitelli,fabio.vanvitelli84@yahoo.it,Bologna,Emilia-Romagna,Italy,2021-05-25,Bronze,36-50
CUST_03687,Mandy,Dean,mandy.dean69@gmail.com,Palermo,Sicilia,Italy,2022-11-28,Bronze,26-35
CUST_03688,Vittorio,Alfieri,vittorio.alfieri86@virgilio.it,Firenze,Toscana,Italy,2023-01-01,Bronze,18-25
CUST_03689,Elena,Bodoni,elena.bodoni87@yahoo.it,Napoli,Campania,Italy,2023-09-21,Silver,50+
CUST_03690,Giacobbe,Fusani,giacobbe.fusani46@email.it,Genova,Liguria,Italy,2023-02-05,Silver,50+
CUST_03691,Stefani,Rapisardi,stefani.rapisardi77@icloud.com,Torino,Piemonte,Italy,2023-01-03,Bronze,50+
CUST_03692,Romana,Cammarata,romana.cammarata50@hotmail.it,Roma,Lazio,Italy,2024-03-16,Silver,36-50
CUST_03693,Geronimo,Vanvitelli,geronimo.vanvitelli99@gmail.com,Lecce,Puglia,Italy,2022-05-15,Silver,36-50
CUST_03694,Albert,Kirby,albert.kirby16@virgilio.it,Napoli,Campania,Italy,2021-01-31,Bronze,36-50
CUST_03695,Jemma,Dunn,jemma.dunn48@libero.it,Catania,Sicilia,Italy,2020-08-12,Silver,18-25
CUST_03696,Renata,Rocca,renata.rocca57@gmail.com,Torino,Piemonte,Italy,2022-02-09,Silver,26-35
CUST_03697,Fabrizia,Bonino,fabrizia.bonino29@gmail.com,Torino,Piemonte,Italy,2023-06-27,Silver,26-35
CUST_03698,Ludovica,Cortese,ludovica.cortese98@outlook.com,Torino,Piemonte,Italy,2019-05-05,Bronze,50+
CUST_03699,Valerie,Gregory,valerie.gregory88@icloud.com,Torino,Piemonte,Italy,2020-05-02,Bronze,26-35
CUST_03700,Aaron,Barton,aaron.barton25@yahoo.it,Bologna,Emilia-Romagna,Italy,2020-02-12,Bronze,50+
CUST_03701,Alfio,Sauro,alfio.sauro79@outlook.com,Bologna,Emilia-Romagna,Italy,2022-12-21,Silver,36-50
CUST_03702,Letizia,Montanariello,letizia.montanariello92@libero.it,Napoli,Campania,Italy,2021-03-15,Gold,36-50
CUST_03703,Jade,Sharpe,jade.sharpe30@virgilio.it,Milano,Lombardia,Italy,2020-08-25,Bronze,18-25
CUST_03704,Angelo,Brugnaro,angelo.brugnaro47@gmail.com,Napoli,Campania,Italy,2023-01-01,Bronze,26-35
CUST_03705,Benito,Berrè,benito.berrè36@virgilio.it,Roma,Lazio,Italy,2023-09-02,Silver,50+
CUST_03706,Ferdinando,Gremese,ferdinando.gremese91@libero.it,Milano,Lombardia,Italy,2021-09-29,Gold,26-35
CUST_03707,Anita,Bonaventura,anita.bonaventura1@libero.it,Perugia,Umbria,Italy,2022-12-10,Gold,26-35
CUST_03708,Nathan,Butcher,nathan.butcher82@email.it,Venezia,Veneto,Italy,2020-01-13,Silver,26-35
CUST_03709,Clare,Brooks,clare.brooks15@outlook.com,Palermo,Sicilia,Italy,2024-04-13,Gold,18-25
CUST_03710,Aria,Gentilini,aria.gentilini73@virgilio.it,Torino,Piemonte,Italy,2021-10-09,Bronze,26-35
CUST_03711,Giuliano,Pistoletto,giuliano.pistoletto22@libero.it,Cagliari,Sardegna,Italy,2024-06-28,Bronze,36-50
CUST_03712,Osvaldo,Salvemini,osvaldo.salvemini85@hotmail.it,Genova,Liguria,Italy,2024-06-05,Bronze,36-50
CUST_03713,Elisa,Pirandello,elisa.pirandello9@hotmail.it,Bari,Puglia,Italy,2023-09-26,Silver,36-50
CUST_03714,Raffaele,Mercadante,raffaele.mercadante96@yahoo.it,Torino,Piemonte,Italy,2018-12-02,Bronze,18-25
CUST_03715,Alderano,Pelli,alderano.pelli17@outlook.com,Ancona,Marche,Italy,2022-10-16,Bronze,50+
CUST_03716,Giada,Casale,giada.casale73@libero.it,Padova,Veneto,Italy,2019-11-30,Bronze,36-50
CUST_03717,Vittorio,Albertini,vittorio.albertini67@outlook.com,Padova,Veneto,Italy,2024-02-24,Bronze,18-25
CUST_03718,Eva,Bocca,eva.bocca25@gmail.com,Roma,Lazio,Italy,2023-10-10,Gold,26-35
CUST_03719,Maria,Beccheria,maria.beccheria89@outlook.com,Roma,Lazio,Italy,2024-05-28,Bronze,18-25
CUST_03720,Imelda,Bonolis,imelda.bonolis88@virgilio.it,Firenze,Toscana,Italy,2023-01-25,Bronze,36-50
CUST_03721,Micheletto,Tedesco,micheletto.tedesco1@email.it,Roma,Lazio,Italy,2022-09-11,Silver,36-50
CUST_03722,Christian,Brown,christian.brown83@gmail.com,Trieste,Friuli-Venezia Giulia,Italy,2022-09-06,Bronze,50+
CUST_03723,Coriolano,Luzi,coriolano.luzi42@email.it,Milano,Lombardia,Italy,2022-01-14,Silver,26-35
CUST_03724,Michela,Manzoni,michela.manzoni53@outlook.com,Milano,Lombardia,Italy,2022-06-13,Gold,36-50
CUST_03725,Tom,James,tom.james16@virgilio.it,Firenze,Toscana,Italy,2023-03-07,Gold,26-35
CUST_03726,Kirsty,Davies,kirsty.davies64@icloud.com,Roma,Lazio,Italy,2024-04-11,Gold,26-35
CUST_03727,Clelia,Broggini,clelia.broggini67@gmail.com,Roma,Lazio,Italy,2023-01-06,Bronze,36-50
CUST_03728,Alex,Jarvis,alex.jarvis93@libero.it,Verona,Veneto,Italy,2024-01-06,Silver,18-25
CUST_03729,Ignazio,Romiti,ignazio.romiti7@outlook.com,Bologna,Emilia-Romagna,Italy,2024-01-14,Bronze,36-50
CUST_03730,Orazio,Petralli,orazio.petralli54@virgilio.it,Milano,Lombardia,Italy,2022-09-06,Bronze,36-50
CUST_03731,Pina,Bajamonti,pina.bajamonti41@gmail.com,Napoli,Campania,Italy,2021-10-30,Bronze,50+
CUST_03732,Salvatore,Crisafulli,salvatore.crisafulli51@libero.it,Torino,Piemonte,Italy,2023-03-13,Bronze,26-35
CUST_03733,Vittorio,Galtarossa,vittorio.galtarossa43@yahoo.it,Milano,Lombardia,Italy,2022-05-04,Gold,50+
CUST_03734,Durante,Pepe,durante.pepe74@gmail.com,Palermo,Sicilia,Italy,2019-11-08,Bronze,50+
CUST_03735,Natalia,Verga,natalia.verga95@libero.it,Catania,Sicilia,Italy,2021-12-29,Silver,50+
CUST_03736,Laureano,Collina,laureano.collina89@email.it,Catania,Sicilia,Italy,2024-06-23,Bronze,36-50
CUST_03737,Lazzaro,Palombi,lazzaro.palombi10@libero.it,Catania,Sicilia,Italy,2019-06-07,Bronze,50+
CUST_03738,Agostino,Visconti,agostino.visconti26@hotmail.it,Milano,Lombardia,Italy,2023-06-04,Platinum,36-50
CUST_03739,Tatiana,Vittadello,tatiana.vittadello43@outlook.com,Ancona,Marche,Italy,2023-12-17,Bronze,26-35
CUST_03740,Ruth,Bartlett,ruth.bartlett9@yahoo.it,Verona,Veneto,Italy,2023-03-27,Silver,36-50
CUST_03741,Rachel,Lewis,rachel.lewis4@virgilio.it,Cagliari,Sardegna,Italy,2022-11-27,Bronze,36-50
CUST_03742,Nicholas,Matthews,nicholas.matthews56@gmail.com,Milano,Lombardia,Italy,2023-06-19,Bronze,50+
CUST_03743,Elmo,Castioni,elmo.castioni76@icloud.com,Perugia,Umbria,Italy,2022-04-04,Bronze,36-50
CUST_03744,Neil,Gallagher,neil.gallagher33@libero.it,Verona,Veneto,Italy,2019-12-18,Gold,26-35
CUST_03745,Ansaldo,Agostini,ansaldo.agostini14@virgilio.it,Padova,Veneto,Italy,2024-05-16,Bronze,36-50
CUST_03746,Antonina,Pertini,antonina.pertini31@icloud.com,Milano,Lombardia,Italy,2022-04-10,Bronze,50+
CUST_03747,Adele,Versace,adele.versace7@icloud.com,Bari,Puglia,Italy,2023-04-20,Bronze,26-35
CUST_03748,Calcedonio,Marini,calcedonio.marini67@libero.it,Ancona,Marche,Italy,2022-09-26,Silver,26-35
CUST_03749,Giacobbe,Muratori,giacobbe.muratori10@virgilio.it,Palermo,Sicilia,Italy,2019-07-09,Silver,36-50
CUST_03750,Giacomo,Pontecorvo,giacomo.pontecorvo98@yahoo.it,Bologna,Emilia-Romagna,Italy,2024-05-05,Silver,26-35
CUST_03751,Bradley,Jones,bradley.jones81@virgilio.it,Ancona,Marche,Italy,2023-10-14,Bronze,18-25
CUST_03752,Fabia,Toscani,fabia.toscani75@yahoo.it,Napoli,Campania,Italy,2020-07-04,Gold,26-35
CUST_03753,Elmo,Curiel,elmo.curiel11@gmail.com,Venezia,Veneto,Italy,2024-06-09,Silver,50+
CUST_03754,Frederick,Bailey,frederick.bailey5@email.it,Napoli,Campania,Italy,2023-07-30,Gold,18-25
CUST_03755,Fiorino,Galvani,fiorino.galvani41@yahoo.it,Perugia,Umbria,Italy,2022-06-19,Gold,26-35
CUST_03756,Dina,Grimani,dina.grimani17@gmail.com,Milano,Lombardia,Italy,2023-01-30,Silver,36-50
CUST_03757,Fulvio,Carocci,fulvio.carocci57@gmail.com,Napoli,Campania,Italy,2020-02-14,Bronze,50+
CUST_03758,Filippo,Zola,filippo.zola39@email.it,Palermo,Sicilia,Italy,2022-11-12,Gold,50+
CUST_03759,Serena,Berrè,serena.berrè9@yahoo.it,Verona,Veneto,Italy,2019-10-06,Gold,26-35
CUST_03760,Serafina,Vezzali,serafina.vezzali87@gmail.com,Venezia,Veneto,Italy,2022-10-18,Bronze,50+
CUST_03761,Romolo,Vianello,romolo.vianello72@gmail.com,Cagliari,Sardegna,Italy,2022-10-31,Bronze,18-25
CUST_03762,Benito,Maderna,benito.maderna38@email.it,Ancona,Marche,Italy,2024-01-28,Platinum,36-50
CUST_03763,Germana,Boitani,germana.boitani52@yahoo.it,Milano,Lombardia,Italy,2023-07-14,Bronze,36-50
CUST_03764,Giorgio,Caironi,giorgio.caironi80@email.it,Torino,Piemonte,Italy,2021-03-31,Gold,26-35
CUST_03765,Gaetano,Spinola,gaetano.spinola30@gmail.com,Milano,Lombardia,Italy,2024-02-15,Bronze,36-50
CUST_03766,Jacqueline,Smith,jacqueline.smith59@email.it,Firenze,Toscana,Italy,2022-12-02,Bronze,18-25
CUST_03767,Marco,Novaro,marco.novaro60@email.it,Bologna,Emilia-Romagna,Italy,2023-01-22,Bronze,50+
CUST_03768,Dionigi,Gianvecchio,dionigi.gianvecchio80@yahoo.it,Cagliari,Sardegna,Italy,2020-09-02,Bronze,26-35
CUST_03769,Ciro,Lucarelli,ciro.lucarelli44@gmail.com,Padova,Veneto,Italy,2024-01-07,Bronze,36-50
CUST_03770,Donatella,Bonanno,donatella.bonanno59@icloud.com,Milano,Lombardia,Italy,2024-04-08,Bronze,26-35
CUST_03771,Vittoria,Ferrante,vittoria.ferrante76@libero.it,Milano,Lombardia,Italy,2023-09-20,Silver,26-35
CUST_03772,Luciano,Speri,luciano.speri14@yahoo.it,Venezia,Veneto,Italy,2024-04-20,Platinum,50+
CUST_03773,Vincent,Watson,vincent.watson2@yahoo.it,Bologna,Emilia-Romagna,Italy,2021-07-28,Bronze,36-50
CUST_03774,Josh,Jackson,josh.jackson76@libero.it,Roma,Lazio,Italy,2024-01-12,Silver,50+
CUST_03775,Roberto,Mondaini,roberto.mondaini74@hotmail.it,Trento,Trentino-Alto Adige,Italy,2022-07-18,Silver,26-35
CUST_03776,Marion,Brown,marion.brown82@outlook.com,Perugia,Umbria,Italy,2020-08-18,Silver,26-35
CUST_03777,Dina,Marrone,dina.marrone46@email.it,Torino,Piemonte,Italy,2023-04-25,Silver,36-50
CUST_03778,Griselda,Corradi,griselda.corradi62@virgilio.it,Trento,Trentino-Alto Adige,Italy,2023-05-17,Bronze,36-50
CUST_03779,Annunziata,Zito,annunziata.zito24@libero.it,Torino,Piemonte,Italy,2021-06-24,Bronze,26-35
CUST_03780,Mirco,Mercadante,mirco.mercadante18@gmail.com,Catania,Sicilia,Italy,2019-01-29,Bronze,36-50
CUST_03781,Hilary,Evans,hilary.evans8@hotmail.it,Napoli,Campania,Italy,2020-11-26,Bronze,26-35
CUST_03782,Pomponio,Disdero,pomponio.disdero40@email.it,Milano,Lombardia,Italy,2022-02-09,Silver,26-35
CUST_03783,Adelmo,Mazzi,adelmo.mazzi66@icloud.com,Perugia,Umbria,Italy,2020-08-29,Bronze,26-35
CUST_03784,Damian,Farmer,damian.farmer40@hotmail.it,Napoli,Campania,Italy,2020-11-10,Gold,36-50
CUST_03785,Gioffre,Gangemi,gioffre.gangemi19@virgilio.it,Catania,Sicilia,Italy,2022-01-24,Gold,36-50
CUST_03786,Lara,Roero,lara.roero40@icloud.com,Torino,Piemonte,Italy,2024-05-16,Platinum,36-50
CUST_03787,Guido,Olivetti,guido.olivetti38@icloud.com,Milano,Lombardia,Italy,2023-09-06,Gold,36-50
CUST_03788,Terence,Hall,terence.hall2@hotmail.it,Milano,Lombardia,Italy,2021-09-03,Bronze,18-25
CUST_03789,Sam,Stevenson,sam.stevenson8@libero.it,Napoli,Campania,Italy,2024-05-03,Silver,50+
CUST_03790,Donato,Montanariello,donato.montanariello65@gmail.com,Palermo,Sicilia,Italy,2023-03-22,Bronze,50+
CUST_03791,Tina,Sokolov,tina.sokolov55@icloud.com,Firenze,Toscana,Italy,2022-05-21,Gold,36-50
CUST_03792,Romolo,Rusticucci,romolo.rusticucci26@libero.it,Palermo,Sicilia,Italy,2022-06-12,Gold,18-25
CUST_03793,Stephanie,Preston,stephanie.preston82@libero.it,Palermo,Sicilia,Italy,2022-03-01,Gold,36-50
CUST_03794,Micheletto,Marino,micheletto.marino9@icloud.com,Catania,Sicilia,Italy,2021-02-19,Bronze,36-50
CUST_03795,Sergius,Villadicani,sergius.villadicani25@virgilio.it,Napoli,Campania,Italy,2022-01-15,Silver,50+
CUST_03796,Geraldine,Moran,geraldine.moran89@virgilio.it,Cagliari,Sardegna,Italy,2022-09-21,Bronze,50+
CUST_03797,Corrado,Duodo,corrado.duodo77@icloud.com,Napoli,Campania,Italy,2022-09-21,Bronze,50+
CUST_03798,Fabia,Bragadin,fabia.bragadin75@icloud.com,Napoli,Campania,Italy,2023-09-03,Silver,18-25
CUST_03799,Rosalia,Liverotti,rosalia.liverotti79@outlook.com,Roma,Lazio,Italy,2021-11-22,Bronze,50+
CUST_03800,Hollie,Hardy,hollie.hardy54@icloud.com,Firenze,Toscana,Italy,2023-07-02,Platinum,36-50
CUST_03801,Sole,Cilibrasi,sole.cilibrasi21@yahoo.it,Milano,Lombardia,Italy,2022-12-10,Bronze,50+
CUST_03802,Victoria,Vasari,victoria.vasari59@gmail.com,Genova,Liguria,Italy,2024-05-16,Gold,26-35
CUST_03803,Gabriele,Iannelli,gabriele.iannelli64@libero.it,Roma,Lazio,Italy,2022-01-12,Bronze,26-35
CUST_03804,Livia,Borsellino,livia.borsellino1@libero.it,Firenze,Toscana,Italy,2024-03-02,Gold,36-50
CUST_03805,Lilla,Borromini,lilla.borromini89@libero.it,Bari,Puglia,Italy,2023-11-20,Gold,18-25
CUST_03806,Victoria,Antonini,victoria.antonini60@libero.it,Firenze,Toscana,Italy,2023-03-10,Gold,26-35
CUST_03807,Bryan,Owen,bryan.owen31@virgilio.it,Roma,Lazio,Italy,2023-04-04,Bronze,50+
CUST_03808,Sandra,Tolentino,sandra.tolentino95@icloud.com,Roma,Lazio,Italy,2019-11-22,Gold,18-25
CUST_03809,Elvira,Bajamonti,elvira.bajamonti95@email.it,Bari,Puglia,Italy,2024-05-02,Bronze,26-35
CUST_03810,Paoletta,Pirelli,paoletta.pirelli27@email.it,Milano,Lombardia,Italy,2020-02-15,Bronze,18-25
CUST_03811,Marissa,Frescobaldi,marissa.frescobaldi24@gmail.com,Napoli,Campania,Italy,2022-11-16,Bronze,26-35
CUST_03812,Ross,Lloyd,ross.lloyd47@gmail.com,Napoli,Campania,Italy,2021-09-25,Gold,50+
CUST_03813,Amleto,Villadicani,amleto.villadicani10@icloud.com,Palermo,Sicilia,Italy,2022-04-05,Bronze,26-35
CUST_03814,Giulio,Venturi,giulio.venturi4@yahoo.it,Genova,Liguria,Italy,2023-01-28,Gold,18-25
CUST_03815,Vincenza,Vecellio,vincenza.vecellio19@outlook.com,Verona,Veneto,Italy,2024-03-12,Silver,50+
CUST_03816,Sabatino,Condoleo,sabatino.condoleo57@libero.it,Milano,Lombardia,Italy,2022-05-25,Bronze,50+
CUST_03817,Mirko,Perini,mirko.perini81@icloud.com,Firenze,Toscana,Italy,2024-06-16,Gold,18-25
CUST_03818,Gianfranco,Maderna,gianfranco.maderna6@gmail.com,Firenze,Toscana,Italy,2023-01-01,Bronze,36-50
CUST_03819,Aaron,Jones,aaron.jones26@libero.it,Roma,Lazio,Italy,2020-08-08,Gold,36-50
CUST_03820,Sandra,Morris,sandra.morris37@hotmail.it,Firenze,Toscana,Italy,2020-10-31,Bronze,36-50
CUST_03821,Donato,Scarpa,donato.scarpa29@outlook.com,Firenze,Toscana,Italy,2023-07-02,Silver,36-50
CUST_03822,Lynda,Patel,lynda.patel93@hotmail.it,Bologna,Emilia-Romagna,Italy,2019-06-17,Bronze,50+
CUST_03823,Temistocle,Tonisto,temistocle.tonisto44@libero.it,Palermo,Sicilia,Italy,2022-07-03,Bronze,18-25
CUST_03824,Carlo,Petrucci,carlo.petrucci23@libero.it,Torino,Piemonte,Italy,2020-07-02,Bronze,26-35
CUST_03825,Mirco,Tebaldi,mirco.tebaldi3@hotmail.it,Catania,Sicilia,Italy,2022-04-11,Bronze,26-35
CUST_03826,Agostino,Giovine,agostino.giovine34@yahoo.it,Firenze,Toscana,Italy,2023-08-17,Bronze,26-35
CUST_03827,Sandra,Delle,sandra.delle3@hotmail.it,Firenze,Toscana,Italy,2022-05-27,Bronze,50+
CUST_03828,Maria,Tosi,maria.tosi49@yahoo.it,Bologna,Emilia-Romagna,Italy,2020-08-17,Bronze,36-50
CUST_03829,Elladio,Sabatini,elladio.sabatini44@libero.it,Milano,Lombardia,Italy,2021-04-05,Silver,18-25
CUST_03830,Ermes,Endrizzi,ermes.endrizzi40@virgilio.it,Milano,Lombardia,Italy,2021-12-09,Silver,26-35
CUST_03831,Annunziata,Ziani,annunziata.ziani31@icloud.com,Napoli,Campania,Italy,2019-09-18,Gold,26-35
CUST_03832,Rita,Parry,rita.parry48@hotmail.it,Ancona,Marche,Italy,2022-12-19,Silver,50+
CUST_03833,Flora,Comboni,flora.comboni68@email.it,Catania,Sicilia,Italy,2023-01-24,Silver,36-50
CUST_03834,Lolita,Sordi,lolita.sordi92@yahoo.it,Milano,Lombardia,Italy,2019-08-15,Silver,36-50
CUST_03835,Micheletto,Bartoli,micheletto.bartoli16@hotmail.it,Padova,Veneto,Italy,2022-02-13,Bronze,36-50
CUST_03836,Giancarlo,Squarcione,giancarlo.squarcione17@libero.it,Catania,Sicilia,Italy,2022-03-07,Silver,36-50
CUST_03837,Megan,Reed,megan.reed25@email.it,Venezia,Veneto,Italy,2021-10-02,Bronze,36-50
CUST_03838,Gianni,Boaga,gianni.boaga89@icloud.com,Padova,Veneto,Italy,2022-11-08,Gold,26-35
CUST_03839,Giustino,Pacomio,giustino.pacomio41@email.it,Torino,Piemonte,Italy,2021-10-27,Silver,50+
CUST_03840,Rosie,Mason,rosie.mason82@libero.it,Roma,Lazio,Italy,2022-03-12,Bronze,36-50
CUST_03841,Gianpaolo,Bataglia,gianpaolo.bataglia6@libero.it,Napoli,Campania,Italy,2023-10-21,Silver,36-50
CUST_03842,Gemma,Foconi,gemma.foconi69@outlook.com,Bologna,Emilia-Romagna,Italy,2020-08-13,Bronze,50+
CUST_03843,Ugolino,Onisto,ugolino.onisto20@icloud.com,Bologna,Emilia-Romagna,Italy,2023-02-11,Bronze,50+
CUST_03844,Louis,Davies,louis.davies32@gmail.com,Bologna,Emilia-Romagna,Italy,2022-08-15,Bronze,50+
CUST_03845,Osvaldo,Seddio,osvaldo.seddio81@outlook.com,Ancona,Marche,Italy,2021-08-03,Silver,50+
CUST_03846,Rodolfo,Belletini,rodolfo.belletini17@virgilio.it,Trento,Trentino-Alto Adige,Italy,2023-07-17,Silver,26-35
CUST_03847,Annibale,Moccia,annibale.moccia27@yahoo.it,Trieste,Friuli-Venezia Giulia,Italy,2022-10-28,Gold,36-50
CUST_03848,Claudio,Tremonti,claudio.tremonti61@yahoo.it,Verona,Veneto,Italy,2022-06-28,Bronze,36-50
CUST_03849,Emma,Legnante,emma.legnante22@email.it,Ancona,Marche,Italy,2023-04-23,Silver,26-35
CUST_03850,Romana,Iannelli,romana.iannelli97@icloud.com,Milano,Lombardia,Italy,2023-10-27,Silver,50+
CUST_03851,Barbara,Vercelloni,barbara.vercelloni64@virgilio.it,Roma,Lazio,Italy,2024-05-29,Bronze,36-50
CUST_03852,Jodie,Wong,jodie.wong23@icloud.com,Napoli,Campania,Italy,2023-02-26,Silver,36-50
CUST_03853,Jonathan,Carey,jonathan.carey92@icloud.com,Padova,Veneto,Italy,2024-01-28,Bronze,50+
CUST_03854,Antonia,Draghi,antonia.draghi68@virgilio.it,Napoli,Campania,Italy,2018-03-19,Bronze,26-35
CUST_03855,Debra,Campbell,debra.campbell92@virgilio.it,Bari,Puglia,Italy,2022-09-24,Bronze,36-50
CUST_03856,Nicola,Pareto,nicola.pareto61@outlook.com,Roma,Lazio,Italy,2021-01-04,Silver,36-50
CUST_03857,Mirko,Bosio,mirko.bosio75@email.it,Roma,Lazio,Italy,2019-12-29,Bronze,26-35
CUST_03858,Ugo,Gremese,ugo.gremese82@gmail.com,Catania,Sicilia,Italy,2022-09-27,Bronze,26-35
CUST_03859,Martin,Bell,martin.bell27@libero.it,Roma,Lazio,Italy,2023-08-13,Bronze,50+
CUST_03860,Nathan,Long,nathan.long26@virgilio.it,Torino,Piemonte,Italy,2022-03-04,Bronze,36-50
CUST_03861,Nicola,Garobbio,nicola.garobbio31@email.it,Roma,Lazio,Italy,2023-04-27,Bronze,50+
CUST_03862,Lorraine,Cooke,lorraine.cooke28@outlook.com,Torino,Piemonte,Italy,2022-07-19,Bronze,36-50
CUST_03863,Ugo,Pisani,ugo.pisani55@email.it,Catania,Sicilia,Italy,2022-04-18,Silver,26-35
CUST_03864,Reece,Allen,reece.allen74@hotmail.it,Torino,Piemonte,Italy,2021-07-02,Bronze,26-35
CUST_03865,Kieran,O'Brien,kieran.obrien48@outlook.com,Bologna,Emilia-Romagna,Italy,2022-01-07,Silver,26-35
CUST_03866,Mauro,Murri,mauro.murri71@yahoo.it,Milano,Lombardia,Italy,2021-11-04,Silver,50+
CUST_03867,Maria,Williams,maria.williams18@yahoo.it,Verona,Veneto,Italy,2023-03-23,Bronze,18-25
CUST_03868,Sergius,Sonnino,sergius.sonnino38@virgilio.it,Torino,Piemonte,Italy,2020-03-18,Bronze,50+
CUST_03869,Vanessa,Alboni,vanessa.alboni67@icloud.com,Genova,Liguria,Italy,2019-12-23,Gold,50+
CUST_03870,Temistocle,Cignaroli,temistocle.cignaroli30@gmail.com,Catania,Sicilia,Italy,2023-04-12,Bronze,50+
CUST_03871,Ranieri,Delle,ranieri.delle60@icloud.com,Roma,Lazio,Italy,2022-10-20,Bronze,36-50
CUST_03872,Gail,Martin,gail.martin55@virgilio.it,Trento,Trentino-Alto Adige,Italy,2022-04-06,Bronze,50+
CUST_03873,Gianmarco,Borsiere,gianmarco.borsiere60@email.it,Genova,Liguria,Italy,2020-07-15,Silver,26-35
CUST_03874,Uberto,Lollobrigida,uberto.lollobrigida53@icloud.com,Napoli,Campania,Italy,2022-03-02,Silver,18-25
CUST_03875,Carole,Jones,carole.jones64@icloud.com,Roma,Lazio,Italy,2023-10-10,Platinum,26-35
CUST_03876,Denise,Williams,denise.williams35@email.it,Ancona,Marche,Italy,2024-02-17,Gold,50+
CUST_03877,Giacomo,Conti,giacomo.conti4@hotmail.it,Bari,Puglia,Italy,2023-06-12,Bronze,18-25
CUST_03878,William,Price,william.price57@libero.it,Roma,Lazio,Italy,2019-08-04,Bronze,36-50
CUST_03879,Flavio,Cristoforetti,flavio.cristoforetti34@yahoo.it,Firenze,Toscana,Italy,2023-04-27,Bronze,18-25
CUST_03880,Sally,Allan,sally.allan46@yahoo.it,Verona,Veneto,Italy,2021-03-10,Bronze,26-35
CUST_03881,Milo,Casale,milo.casale38@yahoo.it,Palermo,Sicilia,Italy,2021-08-25,Bronze,18-25
CUST_03882,Fortunata,Giammusso,fortunata.giammusso36@libero.it,Bari,Puglia,Italy,2020-11-15,Bronze,50+
CUST_03883,Pierluigi,Montalcini,pierluigi.montalcini13@yahoo.it,Napoli,Campania,Italy,2023-09-22,Bronze,36-50
CUST_03884,Liana,Carli,liana.carli10@icloud.com,Catania,Sicilia,Italy,2023-03-27,Bronze,50+
CUST_03885,Santino,Soderini,santino.soderini5@libero.it,Torino,Piemonte,Italy,2023-01-31,Bronze,36-50
CUST_03886,Sante,Fracci,sante.fracci43@libero.it,Roma,Lazio,Italy,2023-04-24,Platinum,50+
CUST_03887,Camilla,Cusano,camilla.cusano87@icloud.com,Genova,Liguria,Italy,2021-02-28,Silver,36-50
CUST_03888,Lynne,Tomlinson,lynne.tomlinson33@outlook.com,Lecce,Puglia,Italy,2022-05-02,Platinum,36-50
CUST_03889,Fabrizia,Polani,fabrizia.polani96@outlook.com,Firenze,Toscana,Italy,2023-03-04,Bronze,36-50
CUST_03890,Alessio,Gori,alessio.gori25@hotmail.it,Napoli,Campania,Italy,2023-03-09,Bronze,36-50
CUST_03891,Antonello,Ceravolo,antonello.ceravolo97@outlook.com,Palermo,Sicilia,Italy,2023-10-13,Bronze,50+
CUST_03892,Antonina,Curiel,antonina.curiel2@outlook.com,Bologna,Emilia-Romagna,Italy,2021-06-25,Bronze,36-50
CUST_03893,Bethany,Davies,bethany.davies37@icloud.com,Padova,Veneto,Italy,2023-09-14,Bronze,50+
CUST_03894,Mohammad,Wood,mohammad.wood52@email.it,Bari,Puglia,Italy,2022-04-24,Gold,36-50
CUST_03895,Donato,Toscani,donato.toscani75@gmail.com,Milano,Lombardia,Italy,2023-04-27,Platinum,26-35
CUST_03896,Annibale,Comencini,annibale.comencini61@hotmail.it,Reggio Calabria,Calabria,Italy,2022-05-21,Bronze,36-50
CUST_03897,Hannah,Smith,hannah.smith51@libero.it,Bari,Puglia,Italy,2024-04-30,Bronze,26-35
CUST_03898,Arsenio,Dellucci,arsenio.dellucci30@libero.it,Trieste,Friuli-Venezia Giulia,Italy,2020-10-01,Bronze,36-50
CUST_03899,Paul,Morris,paul.morris61@libero.it,Palermo,Sicilia,Italy,2023-05-04,Bronze,36-50
CUST_03900,Giuliano,Errigo,giuliano.errigo67@virgilio.it,Trieste,Friuli-Venezia Giulia,Italy,2022-12-07,Bronze,50+
CUST_03901,Rosemary,Ford,rosemary.ford93@virgilio.it,Milano,Lombardia,Italy,2020-09-12,Bronze,18-25
CUST_03902,Ugo,Pisacane,ugo.pisacane44@yahoo.it,Torino,Piemonte,Italy,2019-09-02,Bronze,18-25
CUST_03903,Caterina,Zarlino,caterina.zarlino41@libero.it,Trieste,Friuli-Venezia Giulia,Italy,2023-10-23,Bronze,18-25
CUST_03904,Mary,Ward,mary.ward55@email.it,Roma,Lazio,Italy,2020-07-30,Bronze,26-35
CUST_03905,Etta,Antonini,etta.antonini27@virgilio.it,Milano,Lombardia,Italy,2020-10-21,Bronze,50+
CUST_03906,Tina,Lopresti,tina.lopresti58@gmail.com,Verona,Veneto,Italy,2024-06-05,Bronze,50+
CUST_03907,Calcedonio,Gagliano,calcedonio.gagliano48@hotmail.it,Padova,Veneto,Italy,2023-07-03,Platinum,36-50
CUST_03908,Ricciotti,Serao,ricciotti.serao74@hotmail.it,Roma,Lazio,Italy,2021-04-02,Bronze,50+
CUST_03909,Stella,Sommaruga,stella.sommaruga40@gmail.com,Padova,Veneto,Italy,2022-12-30,Gold,26-35
CUST_03910,Fausto,Galilei,fausto.galilei64@icloud.com,Palermo,Sicilia,Italy,2022-10-01,Gold,18-25
CUST_03911,Rita,Polani,rita.polani44@libero.it,Bologna,Emilia-Romagna,Italy,2023-12-21,Platinum,18-25
CUST_03912,Cecilia,Cocci,cecilia.cocci54@email.it,Padova,Veneto,Italy,2023-07-20,Silver,50+
CUST_03913,Philip,Henderson,philip.henderson88@email.it,Napoli,Campania,Italy,2023-12-05,Silver,36-50
CUST_03914,Nadia,Faggiani,nadia.faggiani98@outlook.com,Roma,Lazio,Italy,2020-12-27,Gold,36-50
CUST_03915,Eleanora,Torlonia,eleanora.torlonia42@gmail.com,Firenze,Toscana,Italy,2023-03-14,Bronze,26-35
CUST_03916,Giustino,Detti,giustino.detti73@gmail.com,Napoli,Campania,Italy,2019-04-21,Bronze,26-35
CUST_03917,Lidia,Moschino,lidia.moschino18@hotmail.it,Bologna,Emilia-Romagna,Italy,2019-09-15,Platinum,50+
CUST_03918,Rodolfo,Bombieri,rodolfo.bombieri43@email.it,Verona,Veneto,Italy,2023-06-28,Silver,18-25
CUST_03919,Gianmarco,Papetti,gianmarco.papetti49@libero.it,Verona,Veneto,Italy,2019-01-06,Platinum,36-50
CUST_03920,Orlando,Cherubini,orlando.cherubini51@yahoo.it,Venezia,Veneto,Italy,2022-12-12,Silver,26-35
CUST_03921,Corrado,Antelami,corrado.antelami69@email.it,Verona,Veneto,Italy,2023-12-16,Gold,18-25
CUST_03922,Gaspare,Tresoldi,gaspare.tresoldi25@virgilio.it,Roma,Lazio,Italy,2022-01-02,Silver,36-50
CUST_03923,Sonia,Terragni,sonia.terragni14@icloud.com,Milano,Lombardia,Italy,2019-05-18,Silver,26-35
CUST_03924,Giulietta,Puccini,giulietta.puccini73@virgilio.it,Trieste,Friuli-Venezia Giulia,Italy,2023-06-28,Silver,36-50
CUST_03925,Ramona,Conte,ramona.conte82@outlook.com,Milano,Lombardia,Italy,2024-04-07,Gold,36-50
CUST_03926,Clelia,Caffarelli,clelia.caffarelli12@hotmail.it,Roma,Lazio,Italy,2023-07-03,Gold,36-50
CUST_03927,Federigo,Silvestri,federigo.silvestri14@hotmail.it,Palermo,Sicilia,Italy,2022-12-10,Gold,36-50
CUST_03928,Darren,McDonald,darren.mcdonald5@virgilio.it,Torino,Piemonte,Italy,2021-02-11,Silver,36-50
CUST_03929,Zaira,Barozzi,zaira.barozzi4@hotmail.it,Trieste,Friuli-Venezia Giulia,Italy,2018-10-21,Bronze,26-35
CUST_03930,Tina,Turci,tina.turci26@yahoo.it,Firenze,Toscana,Italy,2023-06-01,Bronze,36-50
CUST_03931,Tiziano,Casadei,tiziano.casadei50@outlook.com,Milano,Lombardia,Italy,2021-02-14,Gold,36-50
CUST_03932,Carmelo,Sonnino,carmelo.sonnino27@libero.it,Firenze,Toscana,Italy,2024-01-08,Silver,18-25
CUST_03933,Flora,Cesarotti,flora.cesarotti38@yahoo.it,Venezia,Veneto,Italy,2022-06-09,Bronze,50+
CUST_03934,Zaira,Vattimo,zaira.vattimo59@gmail.com,Torino,Piemonte,Italy,2022-09-25,Bronze,36-50
CUST_03935,Brian,Fleming,brian.fleming48@gmail.com,Bologna,Emilia-Romagna,Italy,2023-08-23,Gold,50+
CUST_03936,Ramona,Abba,ramona.abba22@icloud.com,Trieste,Friuli-Venezia Giulia,Italy,2023-09-26,Gold,50+
CUST_03937,Megan,Higgins,megan.higgins53@email.it,Cagliari,Sardegna,Italy,2023-03-18,Gold,26-35
CUST_03938,Viridiana,Ricolfi,viridiana.ricolfi21@yahoo.it,Roma,Lazio,Italy,2024-04-17,Silver,36-50
CUST_03939,Valerio,Puglisi,valerio.puglisi17@email.it,Napoli,Campania,Italy,2024-06-09,Bronze,26-35
CUST_03940,Napoleone,Battaglia,napoleone.battaglia62@yahoo.it,Bologna,Emilia-Romagna,Italy,2024-04-28,Bronze,26-35
CUST_03941,Ilaria,Turati,ilaria.turati50@libero.it,Ancona,Marche,Italy,2023-11-25,Bronze,50+
CUST_03942,Pomponio,Giacconi,pomponio.giacconi17@libero.it,Reggio Calabria,Calabria,Italy,2023-06-17,Gold,36-50
CUST_03943,Nina,Sonnino,nina.sonnino40@email.it,Roma,Lazio,Italy,2023-04-17,Bronze,18-25
CUST_03944,Monica,Parri,monica.parri91@virgilio.it,Catania,Sicilia,Italy,2020-02-04,Silver,36-50
CUST_03945,Michelle,Gardner,michelle.gardner21@outlook.com,Torino,Piemonte,Italy,2021-05-21,Silver,50+
CUST_03946,Barry,Miller,barry.miller76@libero.it,Milano,Lombardia,Italy,2018-06-28,Silver,36-50
CUST_03947,Maurizio,Cainero,maurizio.cainero65@virgilio.it,Milano,Lombardia,Italy,2020-05-29,Gold,36-50
CUST_03948,Pietro,Chigi,pietro.chigi36@libero.it,Napoli,Campania,Italy,2022-04-22,Bronze,36-50
CUST_03949,Giovanni,Sismondi,giovanni.sismondi1@hotmail.it,Napoli,Campania,Italy,2020-06-27,Silver,26-35
CUST_03950,Marisa,Giannini,marisa.giannini58@yahoo.it,Milano,Lombardia,Italy,2024-03-03,Bronze,26-35
CUST_03951,Sole,Brancaccio,sole.brancaccio52@libero.it,Palermo,Sicilia,Italy,2023-10-31,Bronze,36-50
CUST_03952,Ippazio,Venturi,ippazio.venturi68@icloud.com,Firenze,Toscana,Italy,2019-09-27,Bronze,36-50
CUST_03953,Pierangelo,Gucci,pierangelo.gucci73@virgilio.it,Bologna,Emilia-Romagna,Italy,2021-03-29,Bronze,36-50
CUST_03954,Francesco,Ajello,francesco.ajello59@virgilio.it,Firenze,Toscana,Italy,2023-11-18,Silver,36-50
CUST_03955,Leah,Robson,leah.robson74@gmail.com,Roma,Lazio,Italy,2023-10-28,Silver,36-50
CUST_03956,Jolanda,Aldobrandi,jolanda.aldobrandi95@yahoo.it,Torino,Piemonte,Italy,2024-04-26,Bronze,26-35
CUST_03957,Karen,Turner,karen.turner37@virgilio.it,Roma,Lazio,Italy,2024-06-28,Bronze,18-25
CUST_03958,Aurora,Tresoldi,aurora.tresoldi45@outlook.com,Bologna,Emilia-Romagna,Italy,2024-06-02,Silver,26-35
CUST_03959,Danilo,Travia,danilo.travia51@hotmail.it,Roma,Lazio,Italy,2022-02-28,Gold,36-50
CUST_03960,Adriano,Panicucci,adriano.panicucci54@libero.it,Napoli,Campania,Italy,2021-04-02,Bronze,26-35
CUST_03961,Filippa,Florio,filippa.florio23@email.it,Roma,Lazio,Italy,2023-08-29,Silver,36-50
CUST_03962,Gloria,Mennea,gloria.mennea59@email.it,Palermo,Sicilia,Italy,2021-07-21,Silver,18-25
CUST_03963,Pierangelo,Orengo,pierangelo.orengo85@hotmail.it,Bari,Puglia,Italy,2023-11-01,Silver,36-50
CUST_03964,Coriolano,Costalonga,coriolano.costalonga90@yahoo.it,Milano,Lombardia,Italy,2022-09-30,Bronze,26-35
CUST_03965,Pompeo,Gritti,pompeo.gritti51@gmail.com,Napoli,Campania,Italy,2023-10-16,Silver,36-50
CUST_03966,Giulio,Valentino,giulio.valentino31@hotmail.it,Milano,Lombardia,Italy,2021-05-31,Silver,26-35
CUST_03967,Piersanti,Zeffirelli,piersanti.zeffirelli36@outlook.com,Venezia,Veneto,Italy,2022-08-19,Silver,26-35
CUST_03968,Mirko,Leonetti,mirko.leonetti86@yahoo.it,Roma,Lazio,Italy,2022-11-18,Silver,50+
CUST_03969,Giulia,Petrucelli,giulia.petrucelli90@libero.it,Bologna,Emilia-Romagna,Italy,2024-04-23,Platinum,26-35
CUST_03970,Margherita,Fischetti,margherita.fischetti64@email.it,Bologna,Emilia-Romagna,Italy,2021-05-10,Bronze,36-50
CUST_03971,Piergiuseppe,Villarosa,piergiuseppe.villarosa98@yahoo.it,Perugia,Umbria,Italy,2024-04-15,Platinum,50+
CUST_03972,Margaret,Patterson,margaret.patterson48@yahoo.it,Bologna,Emilia-Romagna,Italy,2023-10-30,Silver,36-50
CUST_03973,Mercedes,Volterra,mercedes.volterra97@yahoo.it,Venezia,Veneto,Italy,2023-07-22,Silver,50+
CUST_03974,Gemma,Patel,gemma.patel65@icloud.com,Torino,Piemonte,Italy,2023-10-06,Bronze,18-25
CUST_03975,Saverio,Endrizzi,saverio.endrizzi53@virgilio.it,Ancona,Marche,Italy,2023-01-21,Bronze,36-50
CUST_03976,Napoleone,Zacchia,napoleone.zacchia22@outlook.com,Verona,Veneto,Italy,2021-03-18,Silver,36-50
CUST_03977,Angelina,Sordi,angelina.sordi27@gmail.com,Firenze,Toscana,Italy,2020-10-29,Silver,18-25
CUST_03978,Giosuè,Martinelli,giosuè.martinelli60@gmail.com,Padova,Veneto,Italy,2024-01-18,Bronze,26-35
CUST_03979,Aurora,Murialdo,aurora.murialdo10@virgilio.it,Napoli,Campania,Italy,2023-07-14,Silver,26-35
CUST_03980,Jill,Robson,jill.robson49@icloud.com,Padova,Veneto,Italy,2020-12-31,Bronze,36-50
CUST_03981,Matilda,Pezzali,matilda.pezzali96@email.it,Padova,Veneto,Italy,2023-02-04,Platinum,50+
CUST_03982,Lolita,Cicala,lolita.cicala25@email.it,Roma,Lazio,Italy,2022-05-07,Gold,18-25
CUST_03983,Silvia,Casaleggio,silvia.casaleggio5@gmail.com,Catania,Sicilia,Italy,2020-08-02,Bronze,26-35
CUST_03984,Sheila,Daniels,sheila.daniels33@yahoo.it,Firenze,Toscana,Italy,2022-09-27,Gold,26-35
CUST_03985,Ludovica,Giacometti,ludovica.giacometti91@hotmail.it,Firenze,Toscana,Italy,2021-06-12,Gold,36-50
CUST_03986,Riccardo,Cutrufo,riccardo.cutrufo42@virgilio.it,Firenze,Toscana,Italy,2020-01-06,Bronze,36-50
CUST_03987,Ciro,Gabbana,ciro.gabbana63@virgilio.it,Catania,Sicilia,Italy,2022-06-10,Silver,26-35
CUST_03988,Damien,Iqbal,damien.iqbal9@yahoo.it,Roma,Lazio,Italy,2022-12-28,Bronze,18-25
CUST_03989,Shannon,Leach,shannon.leach71@libero.it,Milano,Lombardia,Italy,2019-05-29,Silver,36-50
CUST_03990,Torquato,Piccio,torquato.piccio92@virgilio.it,Catania,Sicilia,Italy,2022-02-13,Bronze,50+
CUST_03991,Scott,Wood,scott.wood18@virgilio.it,Roma,Lazio,Italy,2021-04-19,Bronze,36-50
CUST_03992,Francis,Lee,francis.lee36@hotmail.it,Milano,Lombardia,Italy,2019-02-20,Bronze,36-50
CUST_03993,Michela,Morgagni,michela.morgagni22@gmail.com,Roma,Lazio,Italy,2020-04-20,Bronze,26-35
CUST_03994,Nina,Vigliotti,nina.vigliotti78@yahoo.it,Torino,Piemonte,Italy,2020-06-03,Gold,26-35
CUST_03995,Diana,Berlusconi,diana.berlusconi23@outlook.com,Napoli,Campania,Italy,2020-10-11,Bronze,26-35
CUST_03996,Daniel,Robinson,daniel.robinson16@email.it,Milano,Lombardia,Italy,2023-10-28,Bronze,26-35
CUST_03997,Ernesto,Pellegrini,ernesto.pellegrini22@yahoo.it,Lecce,Puglia,Italy,2022-04-22,Gold,50+
CUST_03998,Gillian,Davies,gillian.davies86@gmail.com,Catania,Sicilia,Italy,2020-06-28,Bronze,36-50
CUST_03999,Erika,Agostini,erika.agostini87@outlook.com,Firenze,Toscana,Italy,2020-01-22,Silver,26-35
CUST_04000,Paige,Douglas,paige.douglas20@virgilio.it,Firenze,Toscana,Italy,2021-07-19,Platinum,26-35
CUST_04001,Ninetta,Burcardo,ninetta.burcardo46@hotmail.it,Napoli,Campania,Italy,2023-10-21,Gold,26-35
CUST_04002,Priscilla,Columbo,priscilla.columbo28@gmail.com,Genova,Liguria,Italy,2021-12-03,Bronze,36-50
CUST_04003,Jessica,West,jessica.west87@libero.it,Roma,Lazio,Italy,2020-08-06,Bronze,26-35
CUST_04004,Louis,Hall,louis.hall57@gmail.com,Roma,Lazio,Italy,2022-02-17,Platinum,26-35
CUST_04005,Dean,White,dean.white82@yahoo.it,Trieste,Friuli-Venezia Giulia,Italy,2022-11-04,Bronze,36-50
CUST_04006,Sabatino,Rocca,sabatino.rocca50@outlook.com,Roma,Lazio,Italy,2019-02-12,Bronze,26-35
CUST_04007,Camillo,Boccherini,camillo.boccherini57@gmail.com,Torino,Piemonte,Italy,2023-02-23,Bronze,18-25
CUST_04008,Giuseppe,Gargallo,giuseppe.gargallo77@gmail.com,Trieste,Friuli-Venezia Giulia,Italy,2022-01-31,Bronze,18-25
CUST_04009,Napoleone,Bottaro,napoleone.bottaro7@email.it,Palermo,Sicilia,Italy,2018-08-22,Silver,26-35
CUST_04010,Concetta,Barillaro,concetta.barillaro99@libero.it,Torino,Piemonte,Italy,2023-05-02,Silver,18-25
CUST_04011,Lidia,Pausini,lidia.pausini32@icloud.com,Palermo,Sicilia,Italy,2023-06-26,Platinum,26-35
CUST_04012,Pasquale,Tremonti,pasquale.tremonti31@libero.it,Milano,Lombardia,Italy,2023-02-25,Silver,36-50
CUST_04013,Nathan,Higgins,nathan.higgins12@gmail.com,Catania,Sicilia,Italy,2021-10-19,Bronze,36-50
CUST_04014,Ivan,Bettoni,ivan.bettoni54@gmail.com,Napoli,Campania,Italy,2022-09-23,Bronze,36-50
CUST_04015,Matilda,Dulbecco,matilda.dulbecco2@icloud.com,Verona,Veneto,Italy,2022-01-16,Platinum,50+
CUST_04016,Eugenia,Tagliafierro,eugenia.tagliafierro25@yahoo.it,Ancona,Marche,Italy,2023-06-10,Bronze,26-35
CUST_04017,Raimondo,Altera,raimondo.altera29@yahoo.it,Perugia,Umbria,Italy,2022-12-18,Bronze,50+
CUST_04018,Gaspare,Travaglia,gaspare.travaglia86@hotmail.it,Cagliari,Sardegna,Italy,2019-11-10,Gold,26-35
CUST_04019,Irene,Burton,irene.burton93@hotmail.it,Napoli,Campania,Italy,2023-03-18,Silver,26-35
CUST_04020,Andrew,Smith,andrew.smith6@email.it,Torino,Piemonte,Italy,2023-05-22,Bronze,26-35
CUST_04021,Joseph,Spencer,joseph.spencer66@yahoo.it,Napoli,Campania,Italy,2021-12-15,Gold,18-25
CUST_04022,Joshua,Williams,joshua.williams42@icloud.com,Palermo,Sicilia,Italy,2024-01-30,Platinum,50+
CUST_04023,Ivan,Ferrari,ivan.ferrari72@libero.it,Trento,Trentino-Alto Adige,Italy,2023-12-19,Bronze,18-25
CUST_04024,Amico,Tonisto,amico.tonisto80@libero.it,Roma,Lazio,Italy,2020-09-19,Gold,26-35
CUST_04025,Ugo,Giannelli,ugo.giannelli70@email.it,Cagliari,Sardegna,Italy,2024-03-06,Bronze,26-35
CUST_04026,Diana,Donarelli,diana.donarelli55@yahoo.it,Verona,Veneto,Italy,2022-04-25,Silver,18-25
CUST_04027,Gianna,Barcaccia,gianna.barcaccia30@libero.it,Lecce,Puglia,Italy,2023-07-12,Gold,26-35
CUST_04028,Michelotto,Giovine,michelotto.giovine14@icloud.com,Trieste,Friuli-Venezia Giulia,Italy,2023-11-12,Platinum,18-25
CUST_04029,Filippa,Abatantuono,filippa.abatantuono42@hotmail.it,Firenze,Toscana,Italy,2022-08-14,Bronze,26-35
CUST_04030,Ermenegildo,Broggini,ermenegildo.broggini2@email.it,Milano,Lombardia,Italy,2022-02-07,Bronze,50+
CUST_04031,Guido,Piazzi,guido.piazzi84@icloud.com,Milano,Lombardia,Italy,2024-03-20,Bronze,26-35
CUST_04032,Mauro,Petralli,mauro.petralli2@email.it,Firenze,Toscana,Italy,2021-02-13,Silver,18-25
CUST_04033,Pellegrino,Filogamo,pellegrino.filogamo28@virgilio.it,Genova,Liguria,Italy,2021-04-17,Bronze,36-50
CUST_04034,Ugolino,Anguissola,ugolino.anguissola29@yahoo.it,Verona,Veneto,Italy,2021-11-27,Bronze,50+
CUST_04035,Loredana,Bombieri,loredana.bombieri85@outlook.com,Trento,Trentino-Alto Adige,Italy,2024-01-09,Bronze,26-35
CUST_04036,Ellie,Campbell,ellie.campbell84@icloud.com,Genova,Liguria,Italy,2024-04-18,Bronze,26-35
CUST_04037,Carlo,Vianello,carlo.vianello6@yahoo.it,Milano,Lombardia,Italy,2021-01-17,Bronze,50+
CUST_04038,Ippazio,Zacchia,ippazio.zacchia28@email.it,Roma,Lazio,Italy,2024-01-15,Gold,26-35
CUST_04039,Anthony,Smith,anthony.smith39@virgilio.it,Milano,Lombardia,Italy,2021-04-20,Bronze,36-50
CUST_04040,Berenice,Natta,berenice.natta14@hotmail.it,Torino,Piemonte,Italy,2024-05-26,Bronze,26-35
CUST_04041,Mattia,Lercari,mattia.lercari33@yahoo.it,Napoli,Campania,Italy,2023-01-09,Gold,50+
CUST_04042,Gianluca,Ferrari,gianluca.ferrari77@icloud.com,Milano,Lombardia,Italy,2018-07-19,Silver,50+
CUST_04043,Rodolfo,Piovani,rodolfo.piovani81@email.it,Torino,Piemonte,Italy,2019-03-14,Bronze,50+
CUST_04044,Samuel,Ahmed,samuel.ahmed87@hotmail.it,Roma,Lazio,Italy,2020-06-30,Bronze,26-35
CUST_04045,Donald,Powell,donald.powell43@hotmail.it,Genova,Liguria,Italy,2020-10-24,Silver,26-35
CUST_04046,Aria,Agostinelli,aria.agostinelli82@icloud.com,Napoli,Campania,Italy,2023-09-11,Bronze,26-35
CUST_04047,Giulio,Dulbecco,giulio.dulbecco86@virgilio.it,Napoli,Campania,Italy,2021-01-24,Silver,50+
CUST_04048,Pier,Tognazzi,pier.tognazzi9@icloud.com,Napoli,Campania,Italy,2024-05-25,Bronze,50+
CUST_04049,Coriolano,Zaccardo,coriolano.zaccardo3@virgilio.it,Ancona,Marche,Italy,2023-03-08,Bronze,26-35
CUST_04050,Benito,Telesio,benito.telesio49@libero.it,Roma,Lazio,Italy,2023-05-29,Bronze,36-50
CUST_04051,Lando,Morpurgo,lando.morpurgo65@gmail.com,Bologna,Emilia-Romagna,Italy,2021-01-12,Silver,26-35
CUST_04052,Daniele,Toselli,daniele.toselli30@gmail.com,Catania,Sicilia,Italy,2024-02-21,Gold,26-35
CUST_04053,Girolamo,Vanvitelli,girolamo.vanvitelli79@yahoo.it,Bologna,Emilia-Romagna,Italy,2023-04-24,Bronze,36-50
CUST_04054,Paoletta,Greggio,paoletta.greggio40@libero.it,Perugia,Umbria,Italy,2024-01-16,Silver,26-35
CUST_04055,Griselda,Rubbia,griselda.rubbia95@email.it,Torino,Piemonte,Italy,2024-05-09,Bronze,26-35
CUST_04056,Nicolò,Zanzi,nicolò.zanzi97@libero.it,Napoli,Campania,Italy,2020-04-20,Bronze,18-25
CUST_04057,William,Davidson,william.davidson80@yahoo.it,Milano,Lombardia,Italy,2020-01-08,Gold,50+
CUST_04058,Saverio,Gonzaga,saverio.gonzaga8@hotmail.it,Venezia,Veneto,Italy,2023-10-28,Bronze,50+
CUST_04059,Maria,Morosini,maria.morosini48@virgilio.it,Firenze,Toscana,Italy,2024-01-18,Gold,50+
CUST_04060,Gregory,Henry,gregory.henry38@libero.it,Roma,Lazio,Italy,2022-12-18,Silver,36-50
CUST_04061,Maura,Sauli,maura.sauli20@email.it,Bologna,Emilia-Romagna,Italy,2021-12-06,Gold,36-50
CUST_04062,Giulia,Scaduto,giulia.scaduto27@gmail.com,Bologna,Emilia-Romagna,Italy,2023-04-01,Silver,26-35
CUST_04063,Viridiana,Babato,viridiana.babato31@virgilio.it,Milano,Lombardia,Italy,2021-08-04,Bronze,50+
CUST_04064,Santino,Carullo,santino.carullo95@icloud.com,Palermo,Sicilia,Italy,2021-03-04,Bronze,36-50
CUST_04065,Giuliano,Boito,giuliano.boito18@outlook.com,Genova,Liguria,Italy,2022-07-16,Bronze,36-50
CUST_04066,Orazio,Galuppi,orazio.galuppi41@gmail.com,Roma,Lazio,Italy,2021-01-07,Bronze,36-50
CUST_04067,Giorgia,Giacometti,giorgia.giacometti67@email.it,Napoli,Campania,Italy,2022-07-09,Bronze,50+
CUST_04068,Beverley,Newton,beverley.newton83@outlook.com,Catania,Sicilia,Italy,2024-05-09,Bronze,18-25
CUST_04069,Nicoletta,Mennea,nicoletta.mennea97@gmail.com,Bologna,Emilia-Romagna,Italy,2023-12-15,Platinum,26-35
CUST_04070,Piergiuseppe,Nitti,piergiuseppe.nitti30@icloud.com,Torino,Piemonte,Italy,2024-04-21,Bronze,36-50
CUST_04071,June,Clements,june.clements44@libero.it,Firenze,Toscana,Italy,2023-11-01,Silver,50+
CUST_04072,Ugo,Valentino,ugo.valentino27@gmail.com,Venezia,Veneto,Italy,2021-11-14,Gold,36-50
CUST_04073,Danny,Smith,danny.smith86@libero.it,Perugia,Umbria,Italy,2023-11-09,Gold,26-35
CUST_04074,Agnolo,Iannelli,agnolo.iannelli88@libero.it,Palermo,Sicilia,Italy,2024-03-29,Bronze,26-35
CUST_04075,Gareth,Robinson,gareth.robinson78@email.it,Milano,Lombardia,Italy,2024-04-28,Bronze,36-50
CUST_04076,Gionata,Luna,gionata.luna67@icloud.com,Napoli,Campania,Italy,2023-05-16,Bronze,36-50
CUST_04077,Maria,Quinn,maria.quinn24@virgilio.it,Trento,Trentino-Alto Adige,Italy,2020-12-26,Bronze,36-50
CUST_04078,Clifford,White,clifford.white81@gmail.com,Milano,Lombardia,Italy,2019-04-18,Bronze,26-35
CUST_04079,Carmelo,Piane,carmelo.piane9@virgilio.it,Reggio Calabria,Calabria,Italy,2020-06-29,Gold,50+
CUST_04080,Giada,Morucci,giada.morucci9@libero.it,Ancona,Marche,Italy,2024-05-20,Bronze,36-50
CUST_04081,Benvenuto,Vismara,benvenuto.vismara7@hotmail.it,Milano,Lombardia,Italy,2022-06-01,Silver,36-50
CUST_04082,Ferdinando,Simeoni,ferdinando.simeoni27@hotmail.it,Perugia,Umbria,Italy,2024-01-04,Platinum,26-35
CUST_04083,Luca,Nitto,luca.nitto12@hotmail.it,Torino,Piemonte,Italy,2022-06-07,Bronze,26-35
CUST_04084,Gian,Jacuzzi,gian.jacuzzi76@libero.it,Padova,Veneto,Italy,2023-04-13,Bronze,50+
CUST_04085,Fiorenzo,Favata,fiorenzo.favata31@yahoo.it,Napoli,Campania,Italy,2019-01-04,Silver,18-25
CUST_04086,Telemaco,Filippelli,telemaco.filippelli55@virgilio.it,Napoli,Campania,Italy,2021-03-31,Bronze,36-50
CUST_04087,Gianpietro,Goldstein,gianpietro.goldstein40@hotmail.it,Genova,Liguria,Italy,2022-04-17,Silver,36-50
CUST_04088,Sylvia,Impastato,sylvia.impastato93@libero.it,Bari,Puglia,Italy,2023-02-28,Bronze,36-50
CUST_04089,Geronimo,Giacconi,geronimo.giacconi32@email.it,Milano,Lombardia,Italy,2020-09-09,Gold,26-35
CUST_04090,Gaspare,Greco,gaspare.greco23@libero.it,Venezia,Veneto,Italy,2023-09-06,Bronze,26-35
CUST_04091,Romina,Nosiglia,romina.nosiglia39@outlook.com,Roma,Lazio,Italy,2021-12-03,Bronze,50+
CUST_04092,Ermanno,Canetta,ermanno.canetta74@virgilio.it,Torino,Piemonte,Italy,2023-11-16,Silver,36-50
CUST_04093,Dante,Bossi,dante.bossi82@libero.it,Torino,Piemonte,Italy,2020-01-13,Bronze,18-25
CUST_04094,Giorgia,Surian,giorgia.surian35@virgilio.it,Napoli,Campania,Italy,2023-05-11,Bronze,26-35
CUST_04095,Diana,Alboni,diana.alboni11@icloud.com,Firenze,Toscana,Italy,2021-07-08,Bronze,50+
CUST_04096,Nicole,Wells,nicole.wells51@email.it,Milano,Lombardia,Italy,2023-10-18,Bronze,26-35
CUST_04097,Marina,Vendetti,marina.vendetti22@virgilio.it,Roma,Lazio,Italy,2022-02-13,Silver,36-50
CUST_04098,Ansaldo,Sonnino,ansaldo.sonnino57@email.it,Milano,Lombardia,Italy,2023-04-20,Silver,26-35
CUST_04099,Niccolò,Mengolo,niccolò.mengolo65@email.it,Napoli,Campania,Italy,2024-04-12,Silver,50+
CUST_04100,Clive,Johnson,clive.johnson98@hotmail.it,Ancona,Marche,Italy,2018-12-07,Silver,36-50
CUST_04101,Rachel,Humphreys,rachel.humphreys62@gmail.com,Milano,Lombardia,Italy,2018-09-07,Bronze,36-50
CUST_04102,Silvio,Leoncavallo,silvio.leoncavallo98@email.it,Ancona,Marche,Italy,2023-09-14,Bronze,18-25
CUST_04103,Silvestro,Fagotto,silvestro.fagotto55@yahoo.it,Catania,Sicilia,Italy,2023-03-23,Silver,50+
CUST_04104,Anthony,Page,anthony.page98@outlook.com,Genova,Liguria,Italy,2021-07-08,Gold,26-35
CUST_04105,Marina,Torlonia,marina.torlonia77@hotmail.it,Genova,Liguria,Italy,2022-07-27,Bronze,50+
CUST_04106,Hugo,Petruzzi,hugo.petruzzi71@hotmail.it,Padova,Veneto,Italy,2019-05-01,Bronze,36-50
CUST_04107,Gianfrancesco,Ceri,gianfrancesco.ceri33@email.it,Milano,Lombardia,Italy,2020-11-06,Bronze,36-50
CUST_04108,Arnulfo,Trincavelli,arnulfo.trincavelli60@outlook.com,Napoli,Campania,Italy,2022-03-26,Silver,18-25
CUST_04109,Carly,Davies,carly.davies59@outlook.com,Palermo,Sicilia,Italy,2023-12-08,Silver,36-50
CUST_04110,Judith,Newton,judith.newton49@virgilio.it,Venezia,Veneto,Italy,2022-07-02,Bronze,26-35
CUST_04111,Helen,Miles,helen.miles10@icloud.com,Padova,Veneto,Italy,2022-12-22,Silver,26-35
CUST_04112,Nicoletta,Ramazzotti,nicoletta.ramazzotti18@virgilio.it,Milano,Lombardia,Italy,2024-01-28,Bronze,18-25
CUST_04113,Clifford,Patel,clifford.patel26@hotmail.it,Palermo,Sicilia,Italy,2021-08-11,Bronze,18-25
CUST_04114,Sandro,Veltroni,sandro.veltroni25@gmail.com,Bologna,Emilia-Romagna,Italy,2023-06-10,Gold,26-35
CUST_04115,Amedeo,Tedesco,amedeo.tedesco2@icloud.com,Torino,Piemonte,Italy,2024-01-12,Bronze,26-35
CUST_04116,Shannon,Jones,shannon.jones63@email.it,Torino,Piemonte,Italy,2020-12-03,Bronze,50+
CUST_04117,Mattia,Pertile,mattia.pertile54@email.it,Genova,Liguria,Italy,2021-11-17,Platinum,26-35
CUST_04118,Sonia,Druso,sonia.druso96@icloud.com,Trento,Trentino-Alto Adige,Italy,2024-06-06,Gold,36-50
CUST_04119,Roman,Casellati,roman.casellati50@virgilio.it,Napoli,Campania,Italy,2024-06-11,Silver,18-25
CUST_04120,Eric,Hodgson,eric.hodgson40@yahoo.it,Padova,Veneto,Italy,2021-01-25,Bronze,36-50
CUST_04121,Ilaria,Travaglia,ilaria.travaglia53@gmail.com,Torino,Piemonte,Italy,2019-09-04,Bronze,36-50
CUST_04122,Romeo,Mennea,romeo.mennea16@email.it,Milano,Lombardia,Italy,2021-05-19,Gold,50+
CUST_04123,Gloria,Alighieri,gloria.alighieri73@hotmail.it,Milano,Lombardia,Italy,2022-02-05,Silver,50+
CUST_04124,Lindsey,Connor,lindsey.connor25@email.it,Milano,Lombardia,Italy,2022-04-25,Gold,36-50
CUST_04125,Gillian,Austin,gillian.austin33@icloud.com,Torino,Piemonte,Italy,2023-02-10,Bronze,36-50
CUST_04126,Alberico,Fracci,alberico.fracci66@virgilio.it,Firenze,Toscana,Italy,2024-02-29,Bronze,26-35
CUST_04127,Nino,Callegaro,nino.callegaro82@icloud.com,Catania,Sicilia,Italy,2021-09-25,Platinum,36-50
CUST_04128,Manuel,Opizzi,manuel.opizzi90@gmail.com,Bari,Puglia,Italy,2023-12-28,Silver,18-25
CUST_04129,Chelsea,Ali,chelsea.ali84@email.it,Milano,Lombardia,Italy,2019-12-27,Bronze,26-35
CUST_04130,Daria,Guidotti,daria.guidotti55@libero.it,Roma,Lazio,Italy,2019-05-01,Bronze,26-35
CUST_04131,Helen,Randall,helen.randall32@virgilio.it,Firenze,Toscana,Italy,2022-08-12,Bronze,36-50
CUST_04132,Flavio,Vespucci,flavio.vespucci5@icloud.com,Bologna,Emilia-Romagna,Italy,2019-08-03,Bronze,36-50
CUST_04133,Aaron,McCarthy,aaron.mccarthy81@gmail.com,Roma,Lazio,Italy,2022-01-26,Bronze,36-50
CUST_04134,Conor,Martin,conor.martin90@hotmail.it,Milano,Lombardia,Italy,2024-02-26,Bronze,36-50
CUST_04135,Giuseppe,Ginesio,giuseppe.ginesio34@virgilio.it,Ancona,Marche,Italy,2021-03-11,Silver,18-25
CUST_04136,Eileen,Hooper,eileen.hooper88@hotmail.it,Verona,Veneto,Italy,2023-06-17,Bronze,36-50
CUST_04137,Graziano,Serao,graziano.serao33@libero.it,Roma,Lazio,Italy,2021-07-28,Platinum,50+
CUST_04138,Daria,Mozart,daria.mozart78@hotmail.it,Torino,Piemonte,Italy,2019-05-18,Bronze,50+
CUST_04139,Mirko,Falier,mirko.falier2@yahoo.it,Torino,Piemonte,Italy,2022-11-06,Silver,36-50
CUST_04140,Barbara,Baker,barbara.baker99@yahoo.it,Verona,Veneto,Italy,2023-12-09,Bronze,36-50
CUST_04141,Telemaco,Rapisardi,telemaco.rapisardi83@email.it,Napoli,Campania,Italy,2022-02-27,Silver,36-50
CUST_04142,Giacobbe,Pucci,giacobbe.pucci51@yahoo.it,Milano,Lombardia,Italy,2023-02-08,Platinum,26-35
CUST_04143,Imelda,Palladio,imelda.palladio67@libero.it,Bari,Puglia,Italy,2024-03-01,Gold,26-35
CUST_04144,Mirco,Piccio,mirco.piccio55@hotmail.it,Torino,Piemonte,Italy,2023-10-10,Silver,18-25
CUST_04145,Hugo,Salvemini,hugo.salvemini55@outlook.com,Roma,Lazio,Italy,2020-11-10,Bronze,26-35
CUST_04146,Filippo,Chechi,filippo.chechi89@outlook.com,Torino,Piemonte,Italy,2023-07-26,Gold,36-50
CUST_04147,Colin,Wilkinson,colin.wilkinson65@email.it,Napoli,Campania,Italy,2022-08-08,Gold,50+
CUST_04148,Aria,Germano,aria.germano76@outlook.com,Torino,Piemonte,Italy,2023-08-12,Platinum,26-35
CUST_04149,Paoletta,Calgari,paoletta.calgari94@email.it,Roma,Lazio,Italy,2022-07-27,Bronze,36-50
CUST_04150,Licia,Jilani,licia.jilani97@yahoo.it,Torino,Piemonte,Italy,2020-04-28,Platinum,36-50
CUST_04151,Ninetta,Gigli,ninetta.gigli14@icloud.com,Milano,Lombardia,Italy,2022-11-27,Bronze,26-35
CUST_04152,Karl,Barnett,karl.barnett19@outlook.com,Bari,Puglia,Italy,2022-07-23,Bronze,18-25
CUST_04153,Gemma,Davies,gemma.davies96@libero.it,Roma,Lazio,Italy,2022-09-04,Bronze,36-50
CUST_04154,Angelina,Righi,angelina.righi96@email.it,Milano,Lombardia,Italy,2024-02-03,Bronze,36-50
CUST_04155,Mandy,Thomas,mandy.thomas90@outlook.com,Palermo,Sicilia,Italy,2024-02-23,Silver,50+
CUST_04156,Liam,Kay,liam.kay1@hotmail.it,Bari,Puglia,Italy,2022-05-17,Gold,26-35
CUST_04157,Kate,Wood,kate.wood63@gmail.com,Verona,Veneto,Italy,2022-05-21,Silver,50+
CUST_04158,Simonetta,Parri,simonetta.parri13@yahoo.it,Napoli,Campania,Italy,2022-08-31,Silver,26-35
CUST_04159,Yvonne,Brennan,yvonne.brennan90@email.it,Roma,Lazio,Italy,2022-09-07,Silver,36-50
CUST_04160,Gabriele,Combi,gabriele.combi68@email.it,Catania,Sicilia,Italy,2024-05-02,Silver,36-50
CUST_04161,Nicoletta,Conte,nicoletta.conte84@outlook.com,Catania,Sicilia,Italy,2023-03-28,Bronze,18-25
CUST_04162,Salvatore,Aloisio,salvatore.aloisio94@email.it,Roma,Lazio,Italy,2021-06-03,Gold,18-25
CUST_04163,Federigo,Quasimodo,federigo.quasimodo22@hotmail.it,Cagliari,Sardegna,Italy,2022-09-26,Silver,18-25
CUST_04164,Telemaco,Chindamo,telemaco.chindamo48@hotmail.it,Milano,Lombardia,Italy,2023-02-23,Silver,26-35
CUST_04165,Vincenza,Traetta,vincenza.traetta91@hotmail.it,Reggio Calabria,Calabria,Italy,2023-03-13,Silver,36-50
CUST_04166,Vittorio,Mennea,vittorio.mennea26@virgilio.it,Trieste,Friuli-Venezia Giulia,Italy,2022-12-21,Gold,26-35
CUST_04167,Gavin,Taylor,gavin.taylor24@yahoo.it,Palermo,Sicilia,Italy,2020-09-27,Bronze,36-50
CUST_04168,Brett,Stokes,brett.stokes58@libero.it,Perugia,Umbria,Italy,2019-03-11,Bronze,26-35
CUST_04169,Michela,Spinelli,michela.spinelli24@libero.it,Catania,Sicilia,Italy,2021-10-11,Silver,36-50
CUST_04170,Stephen,Kelly,stephen.kelly8@hotmail.it,Roma,Lazio,Italy,2022-04-01,Bronze,36-50
CUST_04171,Karl,Hunt,karl.hunt98@libero.it,Napoli,Campania,Italy,2019-08-13,Gold,36-50
CUST_04172,Terence,Morris,terence.morris34@email.it,Milano,Lombardia,Italy,2023-11-13,Bronze,36-50
CUST_04173,Leonardo,Gregori,leonardo.gregori57@yahoo.it,Torino,Piemonte,Italy,2021-10-23,Bronze,26-35
CUST_04174,Annamaria,Zoppetti,annamaria.zoppetti82@hotmail.it,Bari,Puglia,Italy,2024-03-18,Gold,50+
CUST_04175,Catherine,Austin,catherine.austin11@outlook.com,Torino,Piemonte,Italy,2020-07-21,Bronze,26-35
CUST_04176,Antonio,Pezzali,antonio.pezzali11@email.it,Firenze,Toscana,Italy,2019-07-20,Silver,26-35
CUST_04177,Cirillo,Dalla,cirillo.dalla16@outlook.com,Venezia,Veneto,Italy,2022-07-06,Bronze,26-35
CUST_04178,Atenulf,Gadda,atenulf.gadda9@icloud.com,Trieste,Friuli-Venezia Giulia,Italy,2020-10-28,Bronze,36-50
CUST_04179,Paoletta,Grossi,paoletta.grossi4@libero.it,Milano,Lombardia,Italy,2024-04-16,Silver,36-50
CUST_04180,Salvi,Caffarelli,salvi.caffarelli62@virgilio.it,Torino,Piemonte,Italy,2018-08-29,Bronze,36-50
CUST_04181,Roberto,Monteverdi,roberto.monteverdi87@yahoo.it,Roma,Lazio,Italy,2022-03-05,Gold,26-35
CUST_04182,Giulio,Onisto,giulio.onisto2@gmail.com,Palermo,Sicilia,Italy,2024-04-03,Silver,18-25
CUST_04183,Bethan,Butler,bethan.butler35@gmail.com,Milano,Lombardia,Italy,2022-01-11,Bronze,50+
CUST_04184,Dennis,Frost,dennis.frost86@gmail.com,Palermo,Sicilia,Italy,2019-12-25,Silver,36-50
CUST_04185,Michelotto,Zaguri,michelotto.zaguri13@libero.it,Firenze,Toscana,Italy,2021-07-29,Silver,26-35
CUST_04186,Shane,Fisher,shane.fisher67@gmail.com,Roma,Lazio,Italy,2022-08-02,Bronze,36-50
CUST_04187,Anita,Gucci,anita.gucci49@outlook.com,Perugia,Umbria,Italy,2020-10-17,Bronze,26-35
CUST_04188,Matteo,Antonucci,matteo.antonucci63@virgilio.it,Milano,Lombardia,Italy,2022-06-09,Bronze,18-25
CUST_04189,Lawrence,Palmer,lawrence.palmer97@icloud.com,Napoli,Campania,Italy,2023-12-11,Silver,26-35
CUST_04190,Eleanor,Brooks,eleanor.brooks78@email.it,Milano,Lombardia,Italy,2024-01-26,Silver,26-35
CUST_04191,Mohammad,Smith,mohammad.smith44@icloud.com,Napoli,Campania,Italy,2019-06-11,Silver,26-35
CUST_04192,Piergiorgio,Cassarà,piergiorgio.cassarà88@icloud.com,Napoli,Campania,Italy,2020-08-09,Silver,50+
CUST_04193,Sally,Young,sally.young41@libero.it,Firenze,Toscana,Italy,2021-05-29,Silver,36-50
CUST_04194,Maurizio,Filangieri,maurizio.filangieri47@email.it,Milano,Lombardia,Italy,2023-01-05,Silver,36-50
CUST_04195,Natalie,Gibson,natalie.gibson49@gmail.com,Torino,Piemonte,Italy,2021-11-26,Silver,36-50
CUST_04196,Pauline,Carter,pauline.carter46@icloud.com,Palermo,Sicilia,Italy,2023-12-21,Bronze,50+
CUST_04197,Aurora,Varano,aurora.varano13@gmail.com,Verona,Veneto,Italy,2023-07-02,Gold,18-25
CUST_04198,Federico,Lovato,federico.lovato59@email.it,Bologna,Emilia-Romagna,Italy,2020-01-22,Silver,50+
CUST_04199,Stanley,Austin,stanley.austin93@hotmail.it,Venezia,Veneto,Italy,2023-02-19,Gold,36-50
CUST_04200,Michelangelo,Modiano,michelangelo.modiano4@yahoo.it,Roma,Lazio,Italy,2020-03-08,Silver,18-25
CUST_04201,Giada,Tonisto,giada.tonisto68@outlook.com,Firenze,Toscana,Italy,2021-04-13,Bronze,26-35
CUST_04202,Lauren,Webster,lauren.webster90@libero.it,Roma,Lazio,Italy,2020-09-27,Silver,36-50
CUST_04203,Sergius,Saffi,sergius.saffi48@virgilio.it,Roma,Lazio,Italy,2020-09-13,Bronze,36-50
CUST_04204,Jordan,Moore,jordan.moore80@virgilio.it,Roma,Lazio,Italy,2023-02-06,Silver,26-35
CUST_04205,Veronica,Bossi,veronica.bossi66@email.it,Bologna,Emilia-Romagna,Italy,2022-11-17,Bronze,36-50
CUST_04206,Orazio,Luciani,orazio.luciani85@libero.it,Bologna,Emilia-Romagna,Italy,2020-09-22,Gold,36-50
CUST_04207,Ross,Cox,ross.cox1@icloud.com,Ancona,Marche,Italy,2024-06-19,Silver,26-35
CUST_04208,Ronaldo,Collodi,ronaldo.collodi3@icloud.com,Roma,Lazio,Italy,2022-03-22,Silver,50+
CUST_04209,Stella,Detti,stella.detti6@icloud.com,Genova,Liguria,Italy,2020-01-09,Bronze,50+
CUST_04210,Andrew,Smith,andrew.smith87@virgilio.it,Padova,Veneto,Italy,2020-04-03,Platinum,36-50
CUST_04211,Eugenia,Morellato,eugenia.morellato30@virgilio.it,Bologna,Emilia-Romagna,Italy,2022-12-19,Gold,50+
CUST_04212,Pierpaolo,Pirandello,pierpaolo.pirandello52@yahoo.it,Roma,Lazio,Italy,2024-06-06,Silver,18-25
CUST_04213,Sandra,Bongiorno,sandra.bongiorno45@email.it,Roma,Lazio,Italy,2022-11-30,Bronze,18-25
CUST_04214,Fiona,Jackson,fiona.jackson61@yahoo.it,Milano,Lombardia,Italy,2024-04-30,Silver,26-35
CUST_04215,Helen,Harris,helen.harris94@email.it,Firenze,Toscana,Italy,2022-05-01,Bronze,36-50
CUST_04216,Dominic,Sheppard,dominic.sheppard38@libero.it,Bari,Puglia,Italy,2022-04-16,Silver,36-50
CUST_04217,Bernardo,Cutrufo,bernardo.cutrufo92@hotmail.it,Milano,Lombardia,Italy,2022-08-05,Bronze,36-50
CUST_04218,Jessica,Pearce,jessica.pearce67@gmail.com,Roma,Lazio,Italy,2023-06-05,Silver,18-25
CUST_04219,Massimo,Geraci,massimo.geraci17@virgilio.it,Catania,Sicilia,Italy,2021-12-09,Silver,26-35
CUST_04220,Luca,Mercalli,luca.mercalli12@outlook.com,Verona,Veneto,Italy,2024-01-15,Bronze,50+
CUST_04221,Fiamma,Maderno,fiamma.maderno87@virgilio.it,Napoli,Campania,Italy,2019-02-10,Bronze,50+
CUST_04222,Duncan,Morley,duncan.morley22@virgilio.it,Palermo,Sicilia,Italy,2022-04-23,Gold,36-50
CUST_04223,Abbie,Curtis,abbie.curtis15@virgilio.it,Torino,Piemonte,Italy,2022-08-24,Bronze,36-50
CUST_04224,Jolanda,Interminei,jolanda.interminei85@libero.it,Roma,Lazio,Italy,2023-01-23,Silver,36-50
CUST_04225,Claudia,Petralli,claudia.petralli32@libero.it,Torino,Piemonte,Italy,2021-05-31,Bronze,26-35
CUST_04226,Tom,Smith,tom.smith22@yahoo.it,Venezia,Veneto,Italy,2022-04-01,Bronze,26-35
CUST_04227,Greco,Russo,greco.russo14@email.it,Ancona,Marche,Italy,2022-07-10,Bronze,36-50
CUST_04228,Wendy,Morgan,wendy.morgan92@gmail.com,Milano,Lombardia,Italy,2023-05-21,Silver,36-50
CUST_04229,Melina,Orsini,melina.orsini21@icloud.com,Napoli,Campania,Italy,2023-09-19,Bronze,18-25
CUST_04230,Ludovica,Treccani,ludovica.treccani50@outlook.com,Firenze,Toscana,Italy,2023-08-01,Gold,50+
CUST_04231,Roberto,Porcellato,roberto.porcellato29@outlook.com,Napoli,Campania,Italy,2021-10-18,Silver,50+
CUST_04232,Fabio,Falier,fabio.falier86@virgilio.it,Milano,Lombardia,Italy,2024-06-30,Bronze,26-35
CUST_04233,Jemma,Cox,jemma.cox86@yahoo.it,Firenze,Toscana,Italy,2023-12-27,Silver,36-50
CUST_04234,Silvia,Ariasso,silvia.ariasso86@hotmail.it,Padova,Veneto,Italy,2021-04-24,Bronze,50+
CUST_04235,Kelly,Thompson,kelly.thompson69@virgilio.it,Bologna,Emilia-Romagna,Italy,2020-11-13,Silver,18-25
CUST_04236,Dino,Gianvecchio,dino.gianvecchio12@icloud.com,Napoli,Campania,Italy,2021-08-22,Bronze,36-50
CUST_04237,Fortunata,Gremese,fortunata.gremese29@yahoo.it,Firenze,Toscana,Italy,2022-05-15,Bronze,36-50
CUST_04238,Luciana,Bottaro,luciana.bottaro83@icloud.com,Firenze,Toscana,Italy,2023-12-29,Silver,26-35
CUST_04239,Giacobbe,Depero,giacobbe.depero49@email.it,Torino,Piemonte,Italy,2023-09-25,Platinum,50+
CUST_04240,Jay,Thompson,jay.thompson84@email.it,Padova,Veneto,Italy,2023-12-30,Bronze,26-35
CUST_04241,Paride,Camilleri,paride.camilleri30@libero.it,Lecce,Puglia,Italy,2021-05-22,Gold,18-25
CUST_04242,Cesare,Boccaccio,cesare.boccaccio34@yahoo.it,Napoli,Campania,Italy,2023-01-02,Bronze,18-25
CUST_04243,Tina,Sforza,tina.sforza38@yahoo.it,Torino,Piemonte,Italy,2021-06-16,Gold,18-25
CUST_04244,Allegra,Bernini,allegra.bernini15@yahoo.it,Padova,Veneto,Italy,2020-02-23,Silver,26-35
CUST_04245,Alfredo,Petrucelli,alfredo.petrucelli44@libero.it,Napoli,Campania,Italy,2023-05-17,Bronze,36-50
CUST_04246,Janice,Jones,janice.jones96@yahoo.it,Bologna,Emilia-Romagna,Italy,2020-06-16,Bronze,26-35
CUST_04247,Venancio,Brambilla,venancio.brambilla74@icloud.com,Roma,Lazio,Italy,2023-04-23,Bronze,36-50
CUST_04248,Coluccio,Iacovelli,coluccio.iacovelli17@icloud.com,Bari,Puglia,Italy,2023-03-26,Bronze,36-50
CUST_04249,Dolores,Cremonesi,dolores.cremonesi49@gmail.com,Bologna,Emilia-Romagna,Italy,2023-11-06,Bronze,26-35
CUST_04250,Joanna,Scott,joanna.scott40@gmail.com,Verona,Veneto,Italy,2020-06-05,Silver,36-50
CUST_04251,Calcedonio,Pellico,calcedonio.pellico76@libero.it,Verona,Veneto,Italy,2023-10-02,Platinum,36-50
CUST_04252,Lodovico,Giacconi,lodovico.giacconi50@email.it,Roma,Lazio,Italy,2024-06-30,Bronze,36-50
CUST_04253,Gioffre,Loredan,gioffre.loredan41@icloud.com,Catania,Sicilia,Italy,2023-12-30,Silver,26-35
CUST_04254,Rembrandt,Ceci,rembrandt.ceci87@hotmail.it,Verona,Veneto,Italy,2023-08-20,Silver,36-50
CUST_04255,Donatello,Troisi,donatello.troisi67@libero.it,Torino,Piemonte,Italy,2023-04-15,Gold,50+
CUST_04256,Rosa,Donatoni,rosa.donatoni14@email.it,Roma,Lazio,Italy,2022-03-21,Silver,26-35
CUST_04257,Darren,Barry,darren.barry2@virgilio.it,Milano,Lombardia,Italy,2023-07-22,Silver,26-35
CUST_04258,Alphons,Barbarigo,alphons.barbarigo41@hotmail.it,Napoli,Campania,Italy,2023-07-13,Bronze,36-50
CUST_04259,Keith,Harding,keith.harding38@libero.it,Torino,Piemonte,Italy,2023-03-01,Bronze,18-25
CUST_04260,Francesca,Notarbartolo,francesca.notarbartolo64@virgilio.it,Bologna,Emilia-Romagna,Italy,2023-10-19,Bronze,36-50
CUST_04261,Sonia,Modigliani,sonia.modigliani19@outlook.com,Roma,Lazio,Italy,2022-05-09,Bronze,26-35
CUST_04262,Stefani,Simeoni,stefani.simeoni19@gmail.com,Trieste,Friuli-Venezia Giulia,Italy,2020-04-05,Bronze,18-25
CUST_04263,Ruggero,Veltroni,ruggero.veltroni77@icloud.com,Roma,Lazio,Italy,2022-11-10,Silver,36-50
CUST_04264,Aimee,Parker,aimee.parker40@yahoo.it,Roma,Lazio,Italy,2021-05-06,Bronze,18-25
CUST_04265,Guarino,Vespucci,guarino.vespucci36@virgilio.it,Napoli,Campania,Italy,2022-01-11,Silver,26-35
CUST_04266,Renzo,Chinnici,renzo.chinnici81@libero.it,Napoli,Campania,Italy,2018-11-09,Bronze,18-25
CUST_04267,Ilaria,Vattimo,ilaria.vattimo64@outlook.com,Roma,Lazio,Italy,2022-01-07,Gold,18-25
CUST_04268,Thomas,Ali,thomas.ali91@email.it,Firenze,Toscana,Italy,2023-11-05,Gold,50+
CUST_04269,Federigo,Saracino,federigo.saracino8@icloud.com,Roma,Lazio,Italy,2022-10-15,Bronze,50+
CUST_04270,Harriet,Barnes,harriet.barnes20@libero.it,Catania,Sicilia,Italy,2018-08-23,Bronze,26-35
CUST_04271,Elvira,Zecchini,elvira.zecchini94@libero.it,Bari,Puglia,Italy,2022-06-15,Silver,36-50
CUST_04272,Raffaellino,Trevisan,raffaellino.trevisan90@gmail.com,Napoli,Campania,Italy,2021-07-04,Bronze,26-35
CUST_04273,Eugenia,Udinese,eugenia.udinese23@virgilio.it,Catania,Sicilia,Italy,2022-06-28,Bronze,36-50
CUST_04274,Lodovico,Napolitano,lodovico.napolitano94@email.it,Catania,Sicilia,Italy,2022-02-18,Bronze,26-35
CUST_04275,Santino,Vecellio,santino.vecellio39@hotmail.it,Roma,Lazio,Italy,2024-04-09,Gold,26-35
CUST_04276,Gianluigi,Bruscantini,gianluigi.bruscantini3@email.it,Lecce,Puglia,Italy,2019-04-27,Gold,36-50
CUST_04277,Lindsey,Hayes,lindsey.hayes44@email.it,Padova,Veneto,Italy,2023-05-16,Silver,18-25
CUST_04278,Charlie,Lowe,charlie.lowe87@virgilio.it,Roma,Lazio,Italy,2023-12-30,Silver,18-25
CUST_04279,Karen,Howard,karen.howard45@email.it,Roma,Lazio,Italy,2024-05-13,Gold,36-50
CUST_04280,Rembrandt,Marzorati,rembrandt.marzorati51@yahoo.it,Milano,Lombardia,Italy,2020-09-26,Gold,36-50
CUST_04281,Mirko,Pometta,mirko.pometta68@outlook.com,Roma,Lazio,Italy,2022-09-26,Platinum,36-50
CUST_04282,Giulio,Cremonesi,giulio.cremonesi37@libero.it,Bari,Puglia,Italy,2019-05-11,Bronze,36-50
CUST_04283,Kim,King,kim.king90@email.it,Napoli,Campania,Italy,2022-08-04,Bronze,36-50
CUST_04284,Amber,Walker,amber.walker13@hotmail.it,Verona,Veneto,Italy,2020-04-20,Silver,26-35
CUST_04285,Leopoldo,Altera,leopoldo.altera42@gmail.com,Bari,Puglia,Italy,2023-12-13,Silver,26-35
CUST_04286,Achille,Treves,achille.treves91@outlook.com,Venezia,Veneto,Italy,2020-03-11,Bronze,36-50
CUST_04287,Patrizia,Cianciolo,patrizia.cianciolo59@hotmail.it,Palermo,Sicilia,Italy,2022-08-27,Bronze,36-50
CUST_04288,Matteo,Ludovisi,matteo.ludovisi74@hotmail.it,Milano,Lombardia,Italy,2022-09-09,Gold,36-50
CUST_04289,Ruggiero,Ughi,ruggiero.ughi57@virgilio.it,Firenze,Toscana,Italy,2024-05-28,Gold,36-50
CUST_04290,Agnolo,Stucchi,agnolo.stucchi38@hotmail.it,Genova,Liguria,Italy,2023-04-05,Bronze,26-35
CUST_04291,Katy,Jones,katy.jones27@libero.it,Milano,Lombardia,Italy,2021-06-26,Gold,26-35
CUST_04292,Margherita,Sismondi,margherita.sismondi96@libero.it,Milano,Lombardia,Italy,2021-03-10,Silver,26-35
CUST_04293,Leonardo,Almagià,leonardo.almagià95@gmail.com,Padova,Veneto,Italy,2020-04-29,Gold,36-50
CUST_04294,Thomas,Kent,thomas.kent47@yahoo.it,Palermo,Sicilia,Italy,2023-08-26,Bronze,36-50
CUST_04295,Marisa,Ricci,marisa.ricci87@hotmail.it,Roma,Lazio,Italy,2023-05-27,Bronze,50+
CUST_04296,Nedda,Maglio,nedda.maglio49@email.it,Palermo,Sicilia,Italy,2023-01-28,Bronze,36-50
CUST_04297,Cassandra,Gianinazzi,cassandra.gianinazzi87@hotmail.it,Verona,Veneto,Italy,2019-04-25,Bronze,50+
CUST_04298,Natalia,Aldobrandi,natalia.aldobrandi8@yahoo.it,Firenze,Toscana,Italy,2023-09-04,Silver,36-50
CUST_04299,Allegra,Paltrinieri,allegra.paltrinieri46@virgilio.it,Milano,Lombardia,Italy,2023-03-17,Bronze,50+
CUST_04300,Victoria,Brown,victoria.brown23@gmail.com,Perugia,Umbria,Italy,2024-05-18,Platinum,36-50
CUST_04301,Francesco,Polizzi,francesco.polizzi16@icloud.com,Torino,Piemonte,Italy,2022-12-24,Bronze,50+
CUST_04302,Tonia,Zamengo,tonia.zamengo76@email.it,Milano,Lombardia,Italy,2021-08-01,Bronze,26-35
CUST_04303,Raffaello,Peruzzi,raffaello.peruzzi20@email.it,Napoli,Campania,Italy,2022-01-05,Silver,18-25
CUST_04304,Gionata,Dalla,gionata.dalla32@gmail.com,Bari,Puglia,Italy,2020-09-21,Silver,36-50
CUST_04305,Melanie,Wood,melanie.wood16@libero.it,Roma,Lazio,Italy,2023-07-11,Bronze,50+
CUST_04306,Paula,Stewart,paula.stewart51@virgilio.it,Roma,Lazio,Italy,2023-06-20,Silver,26-35
CUST_04307,Lauretta,Pellico,lauretta.pellico39@hotmail.it,Roma,Lazio,Italy,2020-11-28,Silver,26-35
CUST_04308,Andrew,Kerr,andrew.kerr84@email.it,Reggio Calabria,Calabria,Italy,2020-08-02,Silver,36-50
CUST_04309,Renata,Papetti,renata.papetti89@yahoo.it,Roma,Lazio,Italy,2019-10-21,Silver,36-50
CUST_04310,Amelia,Davies,amelia.davies60@email.it,Venezia,Veneto,Italy,2024-03-16,Bronze,26-35
CUST_04311,Giancarlo,Iadanza,giancarlo.iadanza36@virgilio.it,Perugia,Umbria,Italy,2021-02-19,Silver,36-50
CUST_04312,Antony,Dean,antony.dean48@gmail.com,Roma,Lazio,Italy,2021-10-23,Gold,50+
CUST_04313,Lewis,Barry,lewis.barry16@yahoo.it,Lecce,Puglia,Italy,2021-06-10,Bronze,50+
CUST_04314,Bernardo,Querini,bernardo.querini11@yahoo.it,Ancona,Marche,Italy,2022-03-06,Bronze,26-35
CUST_04315,Elena,Giradello,elena.giradello63@libero.it,Trento,Trentino-Alto Adige,Italy,2023-06-29,Gold,26-35
CUST_04316,Cameron,Lucas,cameron.lucas3@virgilio.it,Roma,Lazio,Italy,2024-01-24,Bronze,26-35
CUST_04317,Kerry,Smith,kerry.smith36@yahoo.it,Genova,Liguria,Italy,2020-10-10,Bronze,26-35
CUST_04318,Ugo,Lancisi,ugo.lancisi76@hotmail.it,Bari,Puglia,Italy,2023-05-20,Platinum,18-25
CUST_04319,Owen,Phillips,owen.phillips50@virgilio.it,Reggio Calabria,Calabria,Italy,2021-11-09,Bronze,36-50
CUST_04320,Ippazio,Turrini,ippazio.turrini83@email.it,Roma,Lazio,Italy,2024-06-07,Bronze,26-35
CUST_04321,Paloma,Ioppi,paloma.ioppi39@hotmail.it,Bari,Puglia,Italy,2021-07-21,Gold,50+
CUST_04322,Piergiuseppe,Farinelli,piergiuseppe.farinelli13@icloud.com,Firenze,Toscana,Italy,2018-07-20,Gold,50+
CUST_04323,Serena,Bombieri,serena.bombieri9@hotmail.it,Roma,Lazio,Italy,2022-08-31,Bronze,18-25
CUST_04324,Patricia,Hooper,patricia.hooper52@gmail.com,Napoli,Campania,Italy,2020-07-09,Silver,50+
CUST_04325,Fiorenzo,Cianciolo,fiorenzo.cianciolo51@virgilio.it,Verona,Veneto,Italy,2019-05-16,Gold,36-50
CUST_04326,Carol,Nicholls,carol.nicholls9@yahoo.it,Napoli,Campania,Italy,2023-06-06,Silver,36-50
CUST_04327,Jacopo,Cappelli,jacopo.cappelli97@libero.it,Bologna,Emilia-Romagna,Italy,2023-07-24,Bronze,26-35
CUST_04328,Etta,Santoro,etta.santoro85@yahoo.it,Reggio Calabria,Calabria,Italy,2022-05-30,Bronze,36-50
CUST_04329,Dolores,Sandi,dolores.sandi24@hotmail.it,Torino,Piemonte,Italy,2023-05-07,Bronze,26-35
CUST_04330,Guarino,Stucchi,guarino.stucchi1@virgilio.it,Genova,Liguria,Italy,2022-10-07,Gold,36-50
CUST_04331,Francesco,Michelangeli,francesco.michelangeli41@yahoo.it,Torino,Piemonte,Italy,2023-02-27,Gold,18-25
CUST_04332,Aldo,Corcos,aldo.corcos6@hotmail.it,Torino,Piemonte,Italy,2023-01-07,Platinum,36-50
CUST_04333,Armando,Ughi,armando.ughi74@libero.it,Palermo,Sicilia,Italy,2023-04-21,Gold,26-35
CUST_04334,Alessio,Fantoni,alessio.fantoni84@hotmail.it,Perugia,Umbria,Italy,2020-11-25,Silver,18-25
CUST_04335,Claudio,Lombardo,claudio.lombardo12@outlook.com,Bologna,Emilia-Romagna,Italy,2021-05-14,Bronze,36-50
CUST_04336,Graziano,Cavalcanti,graziano.cavalcanti97@gmail.com,Bari,Puglia,Italy,2022-04-23,Silver,36-50
CUST_04337,Norman,Scott,norman.scott11@yahoo.it,Milano,Lombardia,Italy,2022-05-04,Silver,26-35
CUST_04338,Eric,Hodgson,eric.hodgson65@outlook.com,Roma,Lazio,Italy,2023-09-20,Silver,18-25
CUST_04339,Lauretta,Roncalli,lauretta.roncalli47@hotmail.it,Napoli,Campania,Italy,2021-12-09,Bronze,50+
CUST_04340,Lilla,Alfonsi,lilla.alfonsi55@gmail.com,Milano,Lombardia,Italy,2020-08-14,Gold,36-50
CUST_04341,Gianpaolo,Bulzoni,gianpaolo.bulzoni32@outlook.com,Roma,Lazio,Italy,2021-04-04,Bronze,18-25
CUST_04342,Jonathan,Lambert,jonathan.lambert6@outlook.com,Bologna,Emilia-Romagna,Italy,2021-01-04,Bronze,36-50
CUST_04343,Enzo,Anguillara,enzo.anguillara85@virgilio.it,Milano,Lombardia,Italy,2023-07-23,Silver,36-50
CUST_04344,Silvio,Gagliardi,silvio.gagliardi18@virgilio.it,Roma,Lazio,Italy,2022-06-16,Silver,18-25
CUST_04345,Massimo,Pugliese,massimo.pugliese89@icloud.com,Napoli,Campania,Italy,2023-06-21,Bronze,36-50
CUST_04346,Lorenzo,Tarantini,lorenzo.tarantini67@icloud.com,Venezia,Veneto,Italy,2022-03-11,Gold,50+
CUST_04347,Niccolò,Scarfoglio,niccolò.scarfoglio78@libero.it,Perugia,Umbria,Italy,2024-02-17,Bronze,36-50
CUST_04348,Francesca,Carter,francesca.carter89@yahoo.it,Genova,Liguria,Italy,2024-06-11,Bronze,26-35
CUST_04349,Ida,Bajardi,ida.bajardi85@gmail.com,Torino,Piemonte,Italy,2023-04-27,Bronze,50+
CUST_04350,Marco,Botticelli,marco.botticelli31@gmail.com,Perugia,Umbria,Italy,2024-01-15,Silver,26-35
CUST_04351,Rosaria,Comboni,rosaria.comboni25@hotmail.it,Verona,Veneto,Italy,2022-08-19,Platinum,50+
CUST_04352,Arsenio,Innocenti,arsenio.innocenti39@libero.it,Roma,Lazio,Italy,2024-04-13,Gold,18-25
CUST_04353,Colin,Stevenson,colin.stevenson18@libero.it,Milano,Lombardia,Italy,2023-12-04,Gold,36-50
CUST_04354,Maura,Perini,maura.perini76@icloud.com,Palermo,Sicilia,Italy,2024-06-21,Bronze,36-50
CUST_04355,Gemma,Fisher,gemma.fisher36@hotmail.it,Bologna,Emilia-Romagna,Italy,2023-02-17,Bronze,26-35
CUST_04356,Benedetto,Vento,benedetto.vento94@email.it,Verona,Veneto,Italy,2023-09-26,Silver,36-50
CUST_04357,Ruggiero,Fabrizi,ruggiero.fabrizi10@outlook.com,Bari,Puglia,Italy,2022-10-15,Bronze,36-50
CUST_04358,William,Woods,william.woods34@email.it,Genova,Liguria,Italy,2021-04-22,Gold,18-25
CUST_04359,Fredo,Greggio,fredo.greggio84@hotmail.it,Reggio Calabria,Calabria,Italy,2021-11-14,Silver,36-50
CUST_04360,Rita,Thompson,rita.thompson52@virgilio.it,Bologna,Emilia-Romagna,Italy,2024-02-22,Platinum,36-50
CUST_04361,Paulina,Paruta,paulina.paruta11@outlook.com,Milano,Lombardia,Italy,2019-07-15,Bronze,26-35
CUST_04362,Dawn,Brady,dawn.brady87@email.it,Padova,Veneto,Italy,2022-12-30,Bronze,50+
CUST_04363,Renata,Anastasi,renata.anastasi89@hotmail.it,Roma,Lazio,Italy,2021-12-19,Silver,50+
CUST_04364,Dario,Grasso,dario.grasso69@libero.it,Verona,Veneto,Italy,2022-01-15,Bronze,26-35
CUST_04365,Leah,McKenzie,leah.mckenzie10@outlook.com,Ancona,Marche,Italy,2024-02-10,Silver,36-50
CUST_04366,Anna,Stewart,anna.stewart82@libero.it,Palermo,Sicilia,Italy,2024-01-02,Bronze,26-35
CUST_04367,Neil,Bowen,neil.bowen92@icloud.com,Venezia,Veneto,Italy,2023-01-11,Bronze,36-50
CUST_04368,Luke,Wilson,luke.wilson73@hotmail.it,Napoli,Campania,Italy,2021-05-24,Bronze,50+
CUST_04369,Hazel,Shah,hazel.shah54@hotmail.it,Torino,Piemonte,Italy,2022-06-25,Bronze,26-35
CUST_04370,Orlando,Ruberto,orlando.ruberto41@email.it,Torino,Piemonte,Italy,2022-02-25,Silver,50+
CUST_04371,Gioffre,Balotelli,gioffre.balotelli49@gmail.com,Genova,Liguria,Italy,2021-11-11,Bronze,36-50
CUST_04372,Gaetano,Scaduto,gaetano.scaduto78@libero.it,Bari,Puglia,Italy,2020-01-31,Bronze,26-35
CUST_04373,Lolita,Caccianemico,lolita.caccianemico10@outlook.com,Palermo,Sicilia,Italy,2022-10-15,Bronze,50+
CUST_04374,Umberto,Folliero,umberto.folliero16@yahoo.it,Roma,Lazio,Italy,2021-07-27,Bronze,36-50
CUST_04375,Salvatore,Pellegrini,salvatore.pellegrini88@email.it,Napoli,Campania,Italy,2023-04-13,Bronze,36-50
CUST_04376,Giulia,Mazzanti,giulia.mazzanti9@icloud.com,Verona,Veneto,Italy,2021-09-02,Bronze,36-50
CUST_04377,Luigi,Cugia,luigi.cugia82@yahoo.it,Napoli,Campania,Italy,2022-04-08,Silver,26-35
CUST_04378,Elisa,Basso,elisa.basso47@icloud.com,Bologna,Emilia-Romagna,Italy,2019-06-27,Silver,26-35
CUST_04379,Lucrezia,Vianello,lucrezia.vianello35@hotmail.it,Bari,Puglia,Italy,2024-06-22,Silver,50+
CUST_04380,Umberto,Castellitto,umberto.castellitto29@outlook.com,Palermo,Sicilia,Italy,2022-08-18,Gold,36-50
CUST_04381,Alice,Dixon,alice.dixon2@yahoo.it,Torino,Piemonte,Italy,2019-01-05,Bronze,50+
CUST_04382,Keith,Richardson,keith.richardson49@libero.it,Trento,Trentino-Alto Adige,Italy,2022-10-12,Silver,26-35
CUST_04383,Giosuè,Sollima,giosuè.sollima49@yahoo.it,Roma,Lazio,Italy,2024-01-23,Gold,36-50
CUST_04384,Etta,Mancini,etta.mancini16@hotmail.it,Reggio Calabria,Calabria,Italy,2023-09-17,Bronze,50+
CUST_04385,Gaetano,Onio,gaetano.onio68@outlook.com,Milano,Lombardia,Italy,2023-06-10,Silver,26-35
CUST_04386,Vanessa,Berlusconi,vanessa.berlusconi76@virgilio.it,Milano,Lombardia,Italy,2020-06-04,Bronze,26-35
CUST_04387,Stefani,Gaito,stefani.gaito13@icloud.com,Trento,Trentino-Alto Adige,Italy,2023-04-09,Bronze,36-50
CUST_04388,Costanzo,Gilardoni,costanzo.gilardoni90@outlook.com,Roma,Lazio,Italy,2023-09-09,Silver,26-35
CUST_04389,Emma,Rizzo,emma.rizzo71@outlook.com,Catania,Sicilia,Italy,2022-12-01,Bronze,26-35
CUST_04390,Manuel,Anguillara,manuel.anguillara78@yahoo.it,Verona,Veneto,Italy,2024-02-21,Bronze,50+
CUST_04391,Leonard,Sutton,leonard.sutton7@hotmail.it,Trieste,Friuli-Venezia Giulia,Italy,2021-06-02,Bronze,50+
CUST_04392,Lynne,Slater,lynne.slater41@email.it,Reggio Calabria,Calabria,Italy,2021-03-13,Bronze,36-50
CUST_04393,Fabio,Leopardi,fabio.leopardi24@icloud.com,Firenze,Toscana,Italy,2024-01-22,Bronze,36-50
CUST_04394,Bettina,Casarin,bettina.casarin95@email.it,Catania,Sicilia,Italy,2023-02-20,Silver,50+
CUST_04395,Paolo,Golino,paolo.golino62@hotmail.it,Milano,Lombardia,Italy,2018-03-31,Silver,36-50
CUST_04396,Agnolo,Basso,agnolo.basso34@gmail.com,Torino,Piemonte,Italy,2021-11-10,Silver,18-25
CUST_04397,Antony,Murray,antony.murray88@hotmail.it,Padova,Veneto,Italy,2024-01-07,Bronze,26-35
CUST_04398,Beatrice,Siffredi,beatrice.siffredi85@hotmail.it,Torino,Piemonte,Italy,2019-01-27,Platinum,18-25
CUST_04399,Guy,Brown,guy.brown19@email.it,Venezia,Veneto,Italy,2018-05-15,Silver,18-25
CUST_04400,Gloria,Costanzi,gloria.costanzi73@outlook.com,Napoli,Campania,Italy,2021-06-12,Bronze,26-35
CUST_04401,Gavin,Fox,gavin.fox7@icloud.com,Genova,Liguria,Italy,2024-03-18,Gold,26-35
CUST_04402,Niccolò,Bruscantini,niccolò.bruscantini91@libero.it,Lecce,Puglia,Italy,2024-03-03,Silver,26-35
CUST_04403,Patricia,Murray,patricia.murray87@email.it,Milano,Lombardia,Italy,2022-09-06,Silver,18-25
CUST_04404,Gionata,Cristoforetti,gionata.cristoforetti91@virgilio.it,Venezia,Veneto,Italy,2022-10-31,Bronze,36-50
CUST_04405,Telemaco,Buscetta,telemaco.buscetta24@virgilio.it,Trieste,Friuli-Venezia Giulia,Italy,2021-09-29,Bronze,26-35
CUST_04406,Giuseppina,Morgagni,giuseppina.morgagni46@virgilio.it,Napoli,Campania,Italy,2021-03-17,Gold,36-50
CUST_04407,Maria,Bianchini,maria.bianchini65@outlook.com,Milano,Lombardia,Italy,2023-11-13,Silver,18-25
CUST_04408,Clifford,Marsden,clifford.marsden36@email.it,Bologna,Emilia-Romagna,Italy,2020-02-13,Silver,50+
CUST_04409,Cameron,Sullivan,cameron.sullivan67@libero.it,Firenze,Toscana,Italy,2022-07-15,Silver,50+
CUST_04410,Janet,Davies,janet.davies40@yahoo.it,Roma,Lazio,Italy,2023-03-05,Gold,36-50
CUST_04411,Atenulf,Nordio,atenulf.nordio40@email.it,Padova,Veneto,Italy,2020-02-03,Bronze,36-50
CUST_04412,Sheila,Fry,sheila.fry99@icloud.com,Bologna,Emilia-Romagna,Italy,2022-09-07,Silver,50+
CUST_04413,Fabia,Cossiga,fabia.cossiga12@yahoo.it,Perugia,Umbria,Italy,2022-12-09,Bronze,26-35
CUST_04414,Iolanda,Valguarnera,iolanda.valguarnera10@libero.it,Verona,Veneto,Italy,2023-08-07,Silver,50+
CUST_04415,Morena,Canevascini,morena.canevascini12@hotmail.it,Palermo,Sicilia,Italy,2021-02-23,Silver,36-50
CUST_04416,Dino,Sraffa,dino.sraffa74@gmail.com,Milano,Lombardia,Italy,2021-07-08,Bronze,36-50
CUST_04417,Gianpaolo,Mercalli,gianpaolo.mercalli11@outlook.com,Napoli,Campania,Italy,2022-11-26,Silver,26-35
CUST_04418,Anita,Napolitano,anita.napolitano71@virgilio.it,Roma,Lazio,Italy,2024-06-10,Bronze,36-50
CUST_04419,Olga,Rosiello,olga.rosiello2@email.it,Cagliari,Sardegna,Italy,2021-01-11,Bronze,36-50
CUST_04420,Bradley,Pearson,bradley.pearson87@hotmail.it,Roma,Lazio,Italy,2024-06-14,Bronze,36-50
CUST_04421,Livia,Ferragni,livia.ferragni62@virgilio.it,Firenze,Toscana,Italy,2023-06-29,Bronze,36-50
CUST_04422,Alessandro,Papafava,alessandro.papafava66@yahoo.it,Bologna,Emilia-Romagna,Italy,2023-11-27,Bronze,18-25
CUST_04423,Micheletto,Chindamo,micheletto.chindamo52@gmail.com,Roma,Lazio,Italy,2019-12-12,Bronze,26-35
CUST_04424,Giorgio,Barracco,giorgio.barracco79@libero.it,Roma,Lazio,Italy,2021-07-24,Silver,26-35
CUST_04425,Sebastiano,Romiti,sebastiano.romiti96@gmail.com,Venezia,Veneto,Italy,2019-07-24,Silver,26-35
CUST_04426,Annalisa,Majorana,annalisa.majorana92@email.it,Milano,Lombardia,Italy,2021-12-17,Silver,26-35
CUST_04427,Alessandra,Stoppani,alessandra.stoppani90@icloud.com,Milano,Lombardia,Italy,2024-06-08,Bronze,18-25
CUST_04428,Franco,Zito,franco.zito32@gmail.com,Torino,Piemonte,Italy,2020-02-09,Gold,26-35
CUST_04429,Flavio,Venturi,flavio.venturi78@virgilio.it,Catania,Sicilia,Italy,2022-11-15,Silver,36-50
CUST_04430,Charlene,Wood,charlene.wood22@libero.it,Bologna,Emilia-Romagna,Italy,2018-07-04,Bronze,18-25
CUST_04431,Maurilio,Missoni,maurilio.missoni23@yahoo.it,Napoli,Campania,Italy,2023-06-27,Gold,50+
CUST_04432,Lisa,Scotti,lisa.scotti47@hotmail.it,Bologna,Emilia-Romagna,Italy,2020-11-19,Bronze,36-50
CUST_04433,Donna,Morris,donna.morris66@icloud.com,Torino,Piemonte,Italy,2020-05-03,Silver,36-50
CUST_04434,Guglielmo,Vismara,guglielmo.vismara7@email.it,Perugia,Umbria,Italy,2021-10-09,Bronze,26-35
CUST_04435,Ernesto,Bompiani,ernesto.bompiani64@email.it,Milano,Lombardia,Italy,2023-09-15,Bronze,36-50
CUST_04436,Denis,Collier,denis.collier22@icloud.com,Palermo,Sicilia,Italy,2020-02-14,Gold,36-50
CUST_04437,Virgilio,Costanzi,virgilio.costanzi15@icloud.com,Trento,Trentino-Alto Adige,Italy,2021-02-11,Bronze,50+
CUST_04438,Roberto,Malaparte,roberto.malaparte87@libero.it,Verona,Veneto,Italy,2018-08-06,Bronze,36-50
CUST_04439,Pierina,Iannelli,pierina.iannelli70@yahoo.it,Roma,Lazio,Italy,2024-05-24,Gold,36-50
CUST_04440,Alessandra,Ovadia,alessandra.ovadia38@outlook.com,Firenze,Toscana,Italy,2022-12-31,Gold,50+
CUST_04441,Rodolfo,Abate,rodolfo.abate62@outlook.com,Catania,Sicilia,Italy,2023-07-07,Silver,26-35
CUST_04442,Maura,Tognazzi,maura.tognazzi34@libero.it,Milano,Lombardia,Italy,2023-03-31,Bronze,18-25
CUST_04443,Nino,Fantini,nino.fantini1@email.it,Verona,Veneto,Italy,2020-06-20,Bronze,36-50
CUST_04444,Valentina,Antonini,valentina.antonini28@outlook.com,Catania,Sicilia,Italy,2023-01-05,Silver,18-25
CUST_04445,Donatella,Ortolani,donatella.ortolani83@gmail.com,Catania,Sicilia,Italy,2020-05-09,Bronze,18-25
CUST_04446,Maura,Giovine,maura.giovine60@virgilio.it,Milano,Lombardia,Italy,2022-02-11,Bronze,36-50
CUST_04447,Ludovico,Bocca,ludovico.bocca8@icloud.com,Catania,Sicilia,Italy,2022-11-25,Silver,26-35
CUST_04448,Flora,Vasari,flora.vasari1@virgilio.it,Palermo,Sicilia,Italy,2022-11-09,Bronze,36-50
CUST_04449,Pierina,Pedersoli,pierina.pedersoli43@outlook.com,Padova,Veneto,Italy,2020-03-29,Bronze,50+
CUST_04450,Amanda,Barnes,amanda.barnes46@yahoo.it,Milano,Lombardia,Italy,2019-03-16,Bronze,26-35
CUST_04451,Franco,Trevisani,franco.trevisani1@icloud.com,Milano,Lombardia,Italy,2023-10-22,Bronze,26-35
CUST_04452,Giuliana,Tamburini,giuliana.tamburini93@hotmail.it,Torino,Piemonte,Italy,2023-07-15,Bronze,18-25
CUST_04453,Marisa,Villadicani,marisa.villadicani52@icloud.com,Roma,Lazio,Italy,2019-11-10,Bronze,18-25
CUST_04454,Eraldo,Longhena,eraldo.longhena2@yahoo.it,Bologna,Emilia-Romagna,Italy,2020-04-26,Bronze,18-25
CUST_04455,Keith,Cook,keith.cook56@virgilio.it,Cagliari,Sardegna,Italy,2024-02-20,Silver,18-25
CUST_04456,Luigi,Platini,luigi.platini26@yahoo.it,Torino,Piemonte,Italy,2023-09-13,Gold,26-35
CUST_04457,Jayne,Nolan,jayne.nolan68@hotmail.it,Padova,Veneto,Italy,2024-06-26,Bronze,26-35
CUST_04458,Eva,Milanesi,eva.milanesi53@yahoo.it,Milano,Lombardia,Italy,2021-04-10,Silver,36-50
CUST_04459,Patricia,Morgan,patricia.morgan63@gmail.com,Roma,Lazio,Italy,2022-07-16,Bronze,50+
CUST_04460,Costantino,Caffarelli,costantino.caffarelli20@outlook.com,Milano,Lombardia,Italy,2021-02-27,Bronze,36-50
CUST_04461,Toby,Holland,toby.holland29@virgilio.it,Firenze,Toscana,Italy,2023-02-16,Bronze,36-50
CUST_04462,Valerio,Boiardo,valerio.boiardo51@icloud.com,Cagliari,Sardegna,Italy,2020-03-16,Silver,18-25
CUST_04463,Antonello,Cesaroni,antonello.cesaroni39@icloud.com,Milano,Lombardia,Italy,2020-04-26,Silver,36-50
CUST_04464,Ferdinando,Bajardi,ferdinando.bajardi55@hotmail.it,Venezia,Veneto,Italy,2019-09-28,Silver,26-35
CUST_04465,Gaspare,Canevascini,gaspare.canevascini69@outlook.com,Napoli,Campania,Italy,2023-05-31,Bronze,18-25
CUST_04466,Abdul,Gill,abdul.gill14@virgilio.it,Perugia,Umbria,Italy,2022-07-26,Bronze,50+
CUST_04467,Sebastiano,Fermi,sebastiano.fermi85@virgilio.it,Milano,Lombardia,Italy,2023-02-08,Silver,26-35
CUST_04468,Cirillo,Balbi,cirillo.balbi21@hotmail.it,Roma,Lazio,Italy,2024-02-04,Bronze,26-35
CUST_04469,Barbara,Hughes,barbara.hughes46@email.it,Milano,Lombardia,Italy,2023-08-04,Silver,50+
CUST_04470,Antonietta,Pedroni,antonietta.pedroni1@icloud.com,Napoli,Campania,Italy,2022-06-01,Silver,50+
CUST_04471,Susan,Fisher,susan.fisher91@libero.it,Firenze,Toscana,Italy,2024-06-12,Silver,26-35
CUST_04472,Nicola,Williams,nicola.williams15@libero.it,Trieste,Friuli-Venezia Giulia,Italy,2022-05-22,Gold,26-35
CUST_04473,Flavia,Stoppani,flavia.stoppani37@gmail.com,Venezia,Veneto,Italy,2020-03-06,Gold,36-50
CUST_04474,Gail,Grant,gail.grant18@email.it,Genova,Liguria,Italy,2024-06-22,Silver,36-50
CUST_04475,Vincentio,Guarato,vincentio.guarato54@icloud.com,Bologna,Emilia-Romagna,Italy,2018-12-25,Silver,18-25
CUST_04476,Armando,Ottino,armando.ottino5@hotmail.it,Milano,Lombardia,Italy,2022-10-26,Bronze,36-50
CUST_04477,Gianfrancesco,Bondumier,gianfrancesco.bondumier86@libero.it,Napoli,Campania,Italy,2021-08-12,Gold,50+
CUST_04478,Alberico,Fornaciari,alberico.fornaciari62@outlook.com,Reggio Calabria,Calabria,Italy,2022-08-11,Bronze,26-35
CUST_04479,Jessica,Cunningham,jessica.cunningham16@email.it,Padova,Veneto,Italy,2022-11-09,Bronze,50+
CUST_04480,Marian,Harris,marian.harris63@virgilio.it,Trento,Trentino-Alto Adige,Italy,2021-03-08,Bronze,50+
CUST_04481,Filippa,Strangio,filippa.strangio88@hotmail.it,Padova,Veneto,Italy,2022-11-06,Bronze,26-35
CUST_04482,Veronica,Bottaro,veronica.bottaro42@email.it,Milano,Lombardia,Italy,2023-08-26,Silver,36-50
CUST_04483,Louis,Edwards,louis.edwards65@email.it,Roma,Lazio,Italy,2021-05-09,Silver,26-35
CUST_04484,Ruggero,Bignardi,ruggero.bignardi17@yahoo.it,Milano,Lombardia,Italy,2022-01-09,Bronze,36-50
CUST_04485,Michelotto,Zabarella,michelotto.zabarella14@gmail.com,Firenze,Toscana,Italy,2021-05-13,Bronze,36-50
CUST_04486,Luciana,Praga,luciana.praga17@hotmail.it,Milano,Lombardia,Italy,2023-11-20,Gold,26-35
CUST_04487,Jake,Phillips,jake.phillips45@gmail.com,Napoli,Campania,Italy,2023-07-14,Silver,36-50
CUST_04488,Pina,Pacillo,pina.pacillo99@libero.it,Palermo,Sicilia,Italy,2024-01-24,Gold,50+
CUST_04489,Jessica,Ellis,jessica.ellis7@icloud.com,Trieste,Friuli-Venezia Giulia,Italy,2020-09-05,Bronze,26-35
CUST_04490,Ashleigh,Nash,ashleigh.nash55@gmail.com,Bari,Puglia,Italy,2019-10-06,Silver,26-35
CUST_04491,Nadia,Biagi,nadia.biagi56@virgilio.it,Perugia,Umbria,Italy,2020-03-30,Bronze,18-25
CUST_04492,Priscilla,Infantino,priscilla.infantino38@outlook.com,Milano,Lombardia,Italy,2020-08-09,Bronze,36-50
CUST_04493,Janet,Saunders,janet.saunders63@yahoo.it,Milano,Lombardia,Italy,2022-09-29,Bronze,50+
CUST_04494,Vincenzo,Barzini,vincenzo.barzini98@email.it,Palermo,Sicilia,Italy,2024-05-27,Bronze,50+
CUST_04495,Kenneth,Green,kenneth.green32@hotmail.it,Firenze,Toscana,Italy,2021-11-19,Bronze,26-35
CUST_04496,Mohammad,Williams,mohammad.williams94@hotmail.it,Roma,Lazio,Italy,2024-05-12,Platinum,36-50
CUST_04497,Livia,Bonaventura,livia.bonaventura32@outlook.com,Firenze,Toscana,Italy,2019-04-09,Bronze,26-35
CUST_04498,Mathew,Warner,mathew.warner99@yahoo.it,Roma,Lazio,Italy,2024-04-03,Bronze,26-35
CUST_04499,Nicholas,Kay,nicholas.kay34@libero.it,Napoli,Campania,Italy,2020-10-06,Bronze,36-50
CUST_04500,Lucy,Randall,lucy.randall86@email.it,Napoli,Campania,Italy,2024-03-16,Bronze,36-50
CUST_04501,Romana,Marenzio,romana.marenzio26@virgilio.it,Napoli,Campania,Italy,2019-07-17,Silver,36-50
CUST_04502,Beppe,Gaggini,beppe.gaggini91@yahoo.it,Palermo,Sicilia,Italy,2024-04-29,Bronze,50+
CUST_04503,Ugolino,Cagnin,ugolino.cagnin90@hotmail.it,Torino,Piemonte,Italy,2020-11-29,Silver,36-50
CUST_04504,Ciro,Gianinazzi,ciro.gianinazzi25@hotmail.it,Roma,Lazio,Italy,2021-07-29,Bronze,36-50
CUST_04505,Vito,Pavarotti,vito.pavarotti30@yahoo.it,Roma,Lazio,Italy,2022-07-21,Silver,18-25
CUST_04506,Sally,Miles,sally.miles17@email.it,Torino,Piemonte,Italy,2022-01-04,Silver,50+
CUST_04507,Franco,Ferragni,franco.ferragni5@outlook.com,Bari,Puglia,Italy,2023-04-23,Gold,36-50
CUST_04508,Vincentio,Grasso,vincentio.grasso25@hotmail.it,Bari,Puglia,Italy,2024-05-31,Gold,50+
CUST_04509,Antonia,Endrizzi,antonia.endrizzi55@gmail.com,Palermo,Sicilia,Italy,2023-01-22,Silver,26-35
CUST_04510,Richard,Archer,richard.archer79@libero.it,Roma,Lazio,Italy,2023-07-09,Bronze,36-50
CUST_04511,Anita,Zaccagnini,anita.zaccagnini12@gmail.com,Venezia,Veneto,Italy,2019-12-05,Silver,36-50
CUST_04512,Pierluigi,Camuccini,pierluigi.camuccini49@email.it,Bologna,Emilia-Romagna,Italy,2023-02-24,Silver,26-35
CUST_04513,Marisa,Odescalchi,marisa.odescalchi68@outlook.com,Napoli,Campania,Italy,2022-05-18,Gold,36-50
CUST_04514,Andrea,Green,andrea.green90@libero.it,Bologna,Emilia-Romagna,Italy,2024-02-12,Bronze,50+
CUST_04515,Gianna,Sauli,gianna.sauli29@icloud.com,Napoli,Campania,Italy,2022-01-18,Bronze,26-35
CUST_04516,Iolanda,Renault,iolanda.renault55@virgilio.it,Bologna,Emilia-Romagna,Italy,2023-05-10,Silver,18-25
CUST_04517,June,McKenzie,june.mckenzie8@email.it,Catania,Sicilia,Italy,2021-02-07,Bronze,36-50
CUST_04518,Emma,Brown,emma.brown83@gmail.com,Milano,Lombardia,Italy,2021-04-23,Bronze,26-35
CUST_04519,Amy,Cooper,amy.cooper39@yahoo.it,Bari,Puglia,Italy,2021-12-26,Bronze,36-50
CUST_04520,Valentina,Campanella,valentina.campanella35@icloud.com,Milano,Lombardia,Italy,2021-08-01,Silver,36-50
CUST_04521,Fabio,Esposito,fabio.esposito36@icloud.com,Milano,Lombardia,Italy,2021-04-10,Platinum,26-35
CUST_04522,Graham,Wood,graham.wood92@email.it,Lecce,Puglia,Italy,2019-06-13,Bronze,50+
CUST_04523,Amalia,Pigafetta,amalia.pigafetta32@icloud.com,Ancona,Marche,Italy,2023-12-11,Bronze,36-50
CUST_04524,Yvonne,Howe,yvonne.howe7@hotmail.it,Milano,Lombardia,Italy,2019-08-25,Bronze,50+
CUST_04525,Toni,Moresi,toni.moresi6@gmail.com,Napoli,Campania,Italy,2024-02-14,Bronze,36-50
CUST_04526,Flavia,Cuda,flavia.cuda7@icloud.com,Roma,Lazio,Italy,2020-04-20,Silver,50+
CUST_04527,Vittorio,Ruberto,vittorio.ruberto28@outlook.com,Napoli,Campania,Italy,2019-08-29,Silver,18-25
CUST_04528,Mauro,Mengolo,mauro.mengolo61@outlook.com,Padova,Veneto,Italy,2022-11-16,Bronze,26-35
CUST_04529,Amalia,Mocenigo,amalia.mocenigo78@yahoo.it,Ancona,Marche,Italy,2022-08-09,Silver,18-25
CUST_04530,Rosina,Palazzo,rosina.palazzo56@hotmail.it,Genova,Liguria,Italy,2022-07-22,Silver,26-35
CUST_04531,Norman,Bradshaw,norman.bradshaw33@virgilio.it,Torino,Piemonte,Italy,2022-12-04,Bronze,50+
CUST_04532,Piergiuseppe,Ricci,piergiuseppe.ricci47@icloud.com,Venezia,Veneto,Italy,2021-06-25,Bronze,36-50
CUST_04533,Raffaella,Missoni,raffaella.missoni39@yahoo.it,Firenze,Toscana,Italy,2023-04-17,Platinum,50+
CUST_04534,Leslie,Richardson,leslie.richardson13@gmail.com,Cagliari,Sardegna,Italy,2022-08-09,Bronze,26-35
CUST_04535,Concetta,Giunti,concetta.giunti88@hotmail.it,Trieste,Friuli-Venezia Giulia,Italy,2021-10-04,Silver,26-35
CUST_04536,Annetta,Verga,annetta.verga43@icloud.com,Bologna,Emilia-Romagna,Italy,2023-11-28,Bronze,50+
CUST_04537,Leslie,Khan,leslie.khan95@icloud.com,Firenze,Toscana,Italy,2023-07-18,Silver,26-35
CUST_04538,Giampaolo,Panicucci,giampaolo.panicucci96@icloud.com,Firenze,Toscana,Italy,2022-01-28,Silver,36-50
CUST_04539,Josh,Phillips,josh.phillips31@outlook.com,Milano,Lombardia,Italy,2023-12-25,Silver,26-35
CUST_04540,Jacob,Collins,jacob.collins27@email.it,Padova,Veneto,Italy,2024-03-26,Gold,50+
CUST_04541,Tracy,White,tracy.white12@yahoo.it,Napoli,Campania,Italy,2022-10-05,Gold,36-50
CUST_04542,Marisa,Vidoni,marisa.vidoni17@yahoo.it,Firenze,Toscana,Italy,2021-01-04,Silver,36-50
CUST_04543,Lucrezia,Grossi,lucrezia.grossi6@libero.it,Napoli,Campania,Italy,2024-03-20,Bronze,18-25
CUST_04544,Michelotto,Samele,michelotto.samele25@virgilio.it,Padova,Veneto,Italy,2020-10-29,Bronze,36-50
CUST_04545,Ricciotti,Petrucelli,ricciotti.petrucelli13@yahoo.it,Milano,Lombardia,Italy,2019-06-06,Silver,50+
CUST_04546,Clifford,Jones,clifford.jones70@icloud.com,Trieste,Friuli-Venezia Giulia,Italy,2021-09-19,Silver,50+
CUST_04547,Achille,Baracca,achille.baracca39@virgilio.it,Trento,Trentino-Alto Adige,Italy,2023-07-17,Bronze,18-25
CUST_04548,Ippazio,Antelami,ippazio.antelami98@libero.it,Ancona,Marche,Italy,2024-03-30,Bronze,26-35
CUST_04549,Martin,Evans,martin.evans69@hotmail.it,Torino,Piemonte,Italy,2023-03-10,Silver,26-35
CUST_04550,Ugolino,Chinnici,ugolino.chinnici6@hotmail.it,Roma,Lazio,Italy,2024-05-04,Bronze,26-35
CUST_04551,Veronica,Marangoni,veronica.marangoni25@email.it,Torino,Piemonte,Italy,2019-12-22,Bronze,36-50
CUST_04552,Adriano,Mantegna,adriano.mantegna71@outlook.com,Firenze,Toscana,Italy,2019-08-08,Silver,26-35
CUST_04553,Louis,Atkinson,louis.atkinson98@icloud.com,Roma,Lazio,Italy,2023-01-19,Silver,26-35
CUST_04554,Gianfrancesco,Gabbana,gianfrancesco.gabbana47@virgilio.it,Venezia,Veneto,Italy,2024-05-21,Bronze,36-50
CUST_04555,Olivia,Wright,olivia.wright81@yahoo.it,Napoli,Campania,Italy,2022-08-10,Bronze,36-50
CUST_04556,Simonetta,Medici,simonetta.medici56@yahoo.it,Trieste,Friuli-Venezia Giulia,Italy,2019-06-23,Bronze,36-50
CUST_04557,Dominic,Murphy,dominic.murphy62@email.it,Milano,Lombardia,Italy,2021-01-20,Bronze,50+
CUST_04558,Barry,Rogers,barry.rogers68@gmail.com,Genova,Liguria,Italy,2021-03-19,Silver,18-25
CUST_04559,Alessio,Leopardi,alessio.leopardi22@outlook.com,Bari,Puglia,Italy,2021-10-11,Silver,36-50
CUST_04560,Angelica,Tornatore,angelica.tornatore90@hotmail.it,Bari,Puglia,Italy,2019-05-11,Bronze,26-35
CUST_04561,Angelina,Costalonga,angelina.costalonga38@gmail.com,Trento,Trentino-Alto Adige,Italy,2024-03-07,Bronze,26-35
CUST_04562,Hannah,Ross,hannah.ross73@gmail.com,Catania,Sicilia,Italy,2022-08-31,Bronze,18-25
CUST_04563,Cesare,Barillaro,cesare.barillaro89@libero.it,Perugia,Umbria,Italy,2023-04-28,Platinum,18-25
CUST_04564,Romeo,Nordio,romeo.nordio95@email.it,Firenze,Toscana,Italy,2019-09-07,Bronze,26-35
CUST_04565,Ermanno,Cicilia,ermanno.cicilia64@yahoo.it,Napoli,Campania,Italy,2019-07-06,Gold,26-35
CUST_04566,Giustino,Ovadia,giustino.ovadia22@virgilio.it,Milano,Lombardia,Italy,2022-12-23,Gold,50+
CUST_04567,Veronica,Greco,veronica.greco97@email.it,Milano,Lombardia,Italy,2024-02-14,Silver,36-50
CUST_04568,Gianpaolo,Guarato,gianpaolo.guarato72@email.it,Roma,Lazio,Italy,2022-09-21,Silver,50+
CUST_04569,Paola,Mantegna,paola.mantegna52@outlook.com,Milano,Lombardia,Italy,2024-02-02,Bronze,36-50
CUST_04570,Jasmine,Palmer,jasmine.palmer27@hotmail.it,Roma,Lazio,Italy,2023-11-07,Silver,26-35
CUST_04571,Carmelo,Piazzi,carmelo.piazzi1@hotmail.it,Roma,Lazio,Italy,2019-10-16,Bronze,26-35
CUST_04572,Antonia,Gaiatto,antonia.gaiatto74@libero.it,Milano,Lombardia,Italy,2020-12-02,Gold,26-35
CUST_04573,Hugh,Williams,hugh.williams76@gmail.com,Cagliari,Sardegna,Italy,2023-04-09,Bronze,26-35
CUST_04574,Sharon,Sharp,sharon.sharp66@virgilio.it,Milano,Lombardia,Italy,2022-04-30,Silver,36-50
CUST_04575,Naomi,Simpson,naomi.simpson65@outlook.com,Catania,Sicilia,Italy,2021-07-03,Bronze,36-50
CUST_04576,Livia,Borzomì,livia.borzomì39@libero.it,Roma,Lazio,Italy,2022-03-16,Gold,26-35
CUST_04577,Lidia,Mocenigo,lidia.mocenigo38@outlook.com,Cagliari,Sardegna,Italy,2022-05-03,Bronze,18-25
CUST_04578,Morena,Soprano,morena.soprano71@yahoo.it,Trento,Trentino-Alto Adige,Italy,2024-03-14,Silver,18-25
CUST_04579,Barry,Hodgson,barry.hodgson22@libero.it,Palermo,Sicilia,Italy,2020-02-02,Bronze,26-35
CUST_04580,Fedele,Sraffa,fedele.sraffa6@libero.it,Palermo,Sicilia,Italy,2021-06-08,Bronze,18-25
CUST_04581,Raffaella,Caetani,raffaella.caetani38@gmail.com,Milano,Lombardia,Italy,2022-10-06,Silver,36-50
CUST_04582,Carolina,Mantegna,carolina.mantegna82@hotmail.it,Reggio Calabria,Calabria,Italy,2023-06-06,Gold,18-25
CUST_04583,Angelo,Paruta,angelo.paruta36@hotmail.it,Trieste,Friuli-Venezia Giulia,Italy,2023-02-28,Bronze,36-50
CUST_04584,Bernardo,Bertolucci,bernardo.bertolucci35@gmail.com,Trento,Trentino-Alto Adige,Italy,2024-04-21,Gold,26-35
CUST_04585,Marta,Montessori,marta.montessori83@libero.it,Palermo,Sicilia,Italy,2023-10-18,Silver,18-25
CUST_04586,Maurilio,Rizzo,maurilio.rizzo27@yahoo.it,Torino,Piemonte,Italy,2022-11-07,Gold,50+
CUST_04587,Piermaria,Casellati,piermaria.casellati1@icloud.com,Trento,Trentino-Alto Adige,Italy,2021-01-04,Bronze,36-50
CUST_04588,Mandy,May,mandy.may81@icloud.com,Firenze,Toscana,Italy,2022-05-13,Bronze,26-35
CUST_04589,Marc,Jones,marc.jones42@yahoo.it,Bologna,Emilia-Romagna,Italy,2023-05-30,Gold,50+
CUST_04590,Edward,Arnold,edward.arnold91@outlook.com,Milano,Lombardia,Italy,2023-12-13,Bronze,18-25
CUST_04591,Stanley,Harris,stanley.harris93@hotmail.it,Cagliari,Sardegna,Italy,2024-05-13,Silver,26-35
CUST_04592,Susanna,Gentileschi,susanna.gentileschi53@outlook.com,Roma,Lazio,Italy,2023-01-21,Bronze,36-50
CUST_04593,Ludovica,Amato,ludovica.amato42@gmail.com,Roma,Lazio,Italy,2022-09-19,Bronze,36-50
CUST_04594,Emma,Pasolini,emma.pasolini81@gmail.com,Bologna,Emilia-Romagna,Italy,2018-11-12,Silver,26-35
CUST_04595,Arnulfo,Marini,arnulfo.marini46@libero.it,Bari,Puglia,Italy,2019-09-29,Silver,18-25
CUST_04596,Venancio,Basadonna,venancio.basadonna94@outlook.com,Genova,Liguria,Italy,2020-07-26,Silver,50+
CUST_04597,Lucio,Vecellio,lucio.vecellio23@outlook.com,Roma,Lazio,Italy,2019-07-09,Bronze,26-35
CUST_04598,Annunziata,Conte,annunziata.conte3@yahoo.it,Milano,Lombardia,Italy,2022-02-11,Bronze,26-35
CUST_04599,Marcantonio,Tebaldi,marcantonio.tebaldi93@email.it,Bari,Puglia,Italy,2021-10-09,Bronze,36-50
CUST_04600,Ilaria,Galvani,ilaria.galvani84@outlook.com,Reggio Calabria,Calabria,Italy,2023-03-10,Bronze,50+
CUST_04601,Eraldo,Benussi,eraldo.benussi81@libero.it,Verona,Veneto,Italy,2022-10-03,Gold,18-25
CUST_04602,Annette,Parkinson,annette.parkinson57@libero.it,Napoli,Campania,Italy,2023-01-06,Silver,36-50
CUST_04603,Giada,Perozzo,giada.perozzo42@outlook.com,Cagliari,Sardegna,Italy,2022-06-19,Bronze,36-50
CUST_04604,Riccardo,Tiepolo,riccardo.tiepolo27@email.it,Torino,Piemonte,Italy,2021-06-04,Gold,26-35
CUST_04605,Carlo,Gargallo,carlo.gargallo20@virgilio.it,Bologna,Emilia-Romagna,Italy,2024-05-05,Bronze,36-50
CUST_04606,Raffaele,Luzi,raffaele.luzi30@email.it,Napoli,Campania,Italy,2019-11-29,Silver,50+
CUST_04607,Michela,Pertini,michela.pertini48@hotmail.it,Napoli,Campania,Italy,2024-04-18,Bronze,26-35
CUST_04608,Enrico,Cherubini,enrico.cherubini62@yahoo.it,Bari,Puglia,Italy,2021-08-16,Silver,18-25
CUST_04609,Martino,Bramante,martino.bramante64@hotmail.it,Bologna,Emilia-Romagna,Italy,2022-08-26,Bronze,50+
CUST_04610,Salvi,Bembo,salvi.bembo59@hotmail.it,Firenze,Toscana,Italy,2020-02-22,Bronze,36-50
CUST_04611,Beverley,Gill,beverley.gill23@libero.it,Roma,Lazio,Italy,2019-09-24,Bronze,26-35
CUST_04612,Victor,Patel,victor.patel73@virgilio.it,Milano,Lombardia,Italy,2022-04-05,Bronze,36-50
CUST_04613,Allegra,Piane,allegra.piane94@hotmail.it,Venezia,Veneto,Italy,2023-08-06,Bronze,36-50
CUST_04614,Giuseppe,Bresciani,giuseppe.bresciani83@outlook.com,Roma,Lazio,Italy,2021-05-16,Bronze,36-50
CUST_04615,Lisa,Owen,lisa.owen3@outlook.com,Roma,Lazio,Italy,2022-11-15,Bronze,50+
CUST_04616,Pasqual,Tassoni,pasqual.tassoni21@hotmail.it,Palermo,Sicilia,Italy,2021-06-06,Silver,26-35
CUST_04617,Raffaellino,Ceschi,raffaellino.ceschi51@libero.it,Palermo,Sicilia,Italy,2022-01-19,Bronze,26-35
CUST_04618,Mariana,Chinnici,mariana.chinnici9@hotmail.it,Bari,Puglia,Italy,2024-03-09,Silver,36-50
CUST_04619,Lynne,Ryan,lynne.ryan10@email.it,Napoli,Campania,Italy,2024-01-05,Bronze,26-35
CUST_04620,Santino,Zacchia,santino.zacchia32@virgilio.it,Trento,Trentino-Alto Adige,Italy,2022-09-01,Gold,36-50
CUST_04621,Gaetano,Sraffa,gaetano.sraffa83@email.it,Perugia,Umbria,Italy,2021-03-03,Gold,26-35
CUST_04622,Janice,Gardner,janice.gardner13@hotmail.it,Verona,Veneto,Italy,2020-11-08,Bronze,26-35
CUST_04623,Paolo,Ferrazzi,paolo.ferrazzi94@gmail.com,Genova,Liguria,Italy,2024-05-06,Silver,36-50
CUST_04624,Annamaria,Trevisani,annamaria.trevisani78@yahoo.it,Firenze,Toscana,Italy,2020-12-04,Bronze,36-50
CUST_04625,Georgina,Payne,georgina.payne49@email.it,Reggio Calabria,Calabria,Italy,2023-11-04,Gold,36-50
CUST_04626,Gioffre,Golgi,gioffre.golgi3@yahoo.it,Firenze,Toscana,Italy,2021-12-12,Silver,36-50
CUST_04627,Benedetto,Innocenti,benedetto.innocenti2@gmail.com,Roma,Lazio,Italy,2024-06-13,Bronze,26-35
CUST_04628,Maura,Riccati,maura.riccati17@libero.it,Napoli,Campania,Italy,2021-12-10,Bronze,26-35
CUST_04629,Luigi,Bruscantini,luigi.bruscantini99@yahoo.it,Milano,Lombardia,Italy,2021-11-07,Bronze,36-50
CUST_04630,Costanzo,Porcellato,costanzo.porcellato35@hotmail.it,Lecce,Puglia,Italy,2023-03-10,Bronze,26-35
CUST_04631,Piersanti,Ossola,piersanti.ossola81@gmail.com,Venezia,Veneto,Italy,2024-05-15,Silver,36-50
CUST_04632,Maurilio,Federici,maurilio.federici2@yahoo.it,Bologna,Emilia-Romagna,Italy,2024-06-02,Bronze,36-50
CUST_04633,Bethany,Hewitt,bethany.hewitt70@icloud.com,Palermo,Sicilia,Italy,2023-06-19,Bronze,26-35
CUST_04634,Ludovico,Murialdo,ludovico.murialdo91@yahoo.it,Napoli,Campania,Italy,2023-08-24,Bronze,36-50
CUST_04635,Carolina,Armani,carolina.armani26@hotmail.it,Milano,Lombardia,Italy,2022-11-17,Bronze,18-25
CUST_04636,Marta,Marini,marta.marini62@virgilio.it,Genova,Liguria,Italy,2023-08-25,Bronze,36-50
CUST_04637,Rhys,Williams,rhys.williams21@outlook.com,Catania,Sicilia,Italy,2024-01-10,Gold,26-35
CUST_04638,Fabrizio,Nibali,fabrizio.nibali43@virgilio.it,Torino,Piemonte,Italy,2022-07-13,Bronze,18-25
CUST_04639,Dina,Roth,dina.roth20@libero.it,Bari,Puglia,Italy,2023-02-12,Silver,36-50
CUST_04640,Eleanora,Combi,eleanora.combi8@outlook.com,Roma,Lazio,Italy,2022-10-06,Bronze,36-50
CUST_04641,Ranieri,Bazzi,ranieri.bazzi81@yahoo.it,Roma,Lazio,Italy,2022-11-15,Bronze,36-50
CUST_04642,Paulina,Giannotti,paulina.giannotti3@gmail.com,Roma,Lazio,Italy,2024-02-17,Silver,36-50
CUST_04643,Iain,Holden,iain.holden14@outlook.com,Torino,Piemonte,Italy,2021-11-15,Bronze,36-50
CUST_04644,Galasso,Paltrinieri,galasso.paltrinieri14@email.it,Padova,Veneto,Italy,2020-12-18,Bronze,26-35
CUST_04645,Ermanno,Briccialdi,ermanno.briccialdi19@gmail.com,Padova,Veneto,Italy,2022-05-22,Silver,36-50
CUST_04646,Costanzo,Berrè,costanzo.berrè29@gmail.com,Torino,Piemonte,Italy,2020-12-18,Bronze,36-50
CUST_04647,Brian,Little,brian.little30@email.it,Venezia,Veneto,Italy,2022-08-03,Bronze,26-35
CUST_04648,Gioachino,Comisso,gioachino.comisso50@hotmail.it,Catania,Sicilia,Italy,2024-03-05,Silver,36-50
CUST_04649,Stella,Lupo,stella.lupo46@outlook.com,Roma,Lazio,Italy,2023-02-08,Silver,50+
CUST_04650,Alberto,Munari,alberto.munari29@email.it,Roma,Lazio,Italy,2024-01-04,Bronze,26-35
CUST_04651,Griselda,Capuana,griselda.capuana88@yahoo.it,Lecce,Puglia,Italy,2020-08-25,Bronze,50+
CUST_04652,Liberto,Salgari,liberto.salgari63@hotmail.it,Genova,Liguria,Italy,2024-03-02,Bronze,18-25
CUST_04653,Sabatino,Argurio,sabatino.argurio15@libero.it,Reggio Calabria,Calabria,Italy,2023-01-15,Bronze,26-35
CUST_04654,Marco,Forza,marco.forza14@outlook.com,Firenze,Toscana,Italy,2019-02-27,Silver,26-35
CUST_04655,Loretta,Vanvitelli,loretta.vanvitelli46@yahoo.it,Catania,Sicilia,Italy,2023-03-04,Gold,36-50
CUST_04656,Giacomo,Fischetti,giacomo.fischetti79@icloud.com,Roma,Lazio,Italy,2024-05-03,Gold,18-25
CUST_04657,Alina,Treves,alina.treves16@icloud.com,Roma,Lazio,Italy,2019-10-30,Bronze,50+
CUST_04658,Luisa,Guicciardini,luisa.guicciardini11@gmail.com,Napoli,Campania,Italy,2022-12-16,Bronze,50+
CUST_04659,Michelle,Davies,michelle.davies78@hotmail.it,Firenze,Toscana,Italy,2024-03-20,Silver,36-50
CUST_04660,Bradley,Parkinson,bradley.parkinson23@email.it,Roma,Lazio,Italy,2018-08-22,Bronze,36-50
CUST_04661,Cameron,Smith,cameron.smith68@icloud.com,Roma,Lazio,Italy,2023-02-28,Silver,50+
CUST_04662,Carl,Edwards,carl.edwards77@hotmail.it,Milano,Lombardia,Italy,2022-06-24,Silver,50+
CUST_04663,Allegra,Soranzo,allegra.soranzo87@email.it,Catania,Sicilia,Italy,2021-10-29,Gold,36-50
CUST_04664,Gemma,Ford,gemma.ford20@outlook.com,Napoli,Campania,Italy,2023-02-23,Bronze,36-50
CUST_04665,Donna,Cipolla,donna.cipolla80@outlook.com,Milano,Lombardia,Italy,2019-06-29,Bronze,36-50
CUST_04666,Griselda,Antonetti,griselda.antonetti45@yahoo.it,Roma,Lazio,Italy,2023-08-22,Gold,36-50
CUST_04667,Nicola,Troisi,nicola.troisi35@virgilio.it,Milano,Lombardia,Italy,2018-06-08,Silver,26-35
CUST_04668,Antonello,Guarana,antonello.guarana85@icloud.com,Genova,Liguria,Italy,2021-08-07,Gold,36-50
CUST_04669,June,Jones,june.jones34@yahoo.it,Milano,Lombardia,Italy,2022-08-12,Bronze,18-25
CUST_04670,Fausto,Bignami,fausto.bignami1@hotmail.it,Bari,Puglia,Italy,2021-12-27,Silver,26-35
CUST_04671,Ippazio,Filzi,ippazio.filzi84@hotmail.it,Milano,Lombardia,Italy,2021-08-08,Silver,36-50
CUST_04672,Joanne,Wilkinson,joanne.wilkinson41@hotmail.it,Roma,Lazio,Italy,2023-12-03,Bronze,50+
CUST_04673,Monica,Lamborghini,monica.lamborghini50@virgilio.it,Trento,Trentino-Alto Adige,Italy,2024-04-13,Silver,50+
CUST_04674,Arnulfo,Scarpetta,arnulfo.scarpetta93@virgilio.it,Catania,Sicilia,Italy,2024-01-28,Silver,36-50
CUST_04675,Hazel,Fletcher,hazel.fletcher9@yahoo.it,Milano,Lombardia,Italy,2022-09-12,Bronze,36-50
CUST_04676,Filippa,Alighieri,filippa.alighieri74@email.it,Padova,Veneto,Italy,2024-02-10,Bronze,26-35
CUST_04677,Baldassare,Pedroni,baldassare.pedroni94@outlook.com,Napoli,Campania,Italy,2024-03-27,Silver,36-50
CUST_04678,Fortunata,Lamborghini,fortunata.lamborghini19@yahoo.it,Padova,Veneto,Italy,2022-02-26,Bronze,18-25
CUST_04679,Francesca,Omma,francesca.omma42@hotmail.it,Venezia,Veneto,Italy,2021-06-17,Gold,26-35
CUST_04680,Alan,James,alan.james24@email.it,Palermo,Sicilia,Italy,2020-01-14,Bronze,36-50
CUST_04681,Stefani,Canil,stefani.canil46@icloud.com,Reggio Calabria,Calabria,Italy,2022-07-01,Bronze,26-35
CUST_04682,Aldo,Maglio,aldo.maglio64@email.it,Roma,Lazio,Italy,2024-04-27,Platinum,18-25
CUST_04683,Stella,Peano,stella.peano62@email.it,Genova,Liguria,Italy,2022-11-13,Gold,50+
CUST_04684,Gianni,Parpinel,gianni.parpinel78@icloud.com,Napoli,Campania,Italy,2023-04-23,Bronze,26-35
CUST_04685,Rebecca,Harrison,rebecca.harrison18@libero.it,Milano,Lombardia,Italy,2020-03-07,Silver,18-25
CUST_04686,Torquato,Calbo,torquato.calbo50@email.it,Milano,Lombardia,Italy,2020-06-17,Bronze,18-25
CUST_04687,Luchino,Spadafora,luchino.spadafora71@virgilio.it,Milano,Lombardia,Italy,2022-06-06,Bronze,26-35
CUST_04688,Stefania,Turci,stefania.turci69@virgilio.it,Genova,Liguria,Italy,2024-05-03,Bronze,26-35
CUST_04689,Camillo,Fantozzi,camillo.fantozzi69@libero.it,Bologna,Emilia-Romagna,Italy,2021-11-26,Bronze,36-50
CUST_04690,Paula,Wright,paula.wright50@yahoo.it,Bologna,Emilia-Romagna,Italy,2024-02-01,Gold,26-35
CUST_04691,Gaetano,Tasca,gaetano.tasca75@email.it,Milano,Lombardia,Italy,2020-04-02,Silver,50+
CUST_04692,Roman,Zamengo,roman.zamengo68@libero.it,Napoli,Campania,Italy,2023-02-07,Platinum,26-35
CUST_04693,Lara,Argenti,lara.argenti90@yahoo.it,Perugia,Umbria,Italy,2023-01-13,Silver,36-50
CUST_04694,Graham,Griffiths,graham.griffiths31@icloud.com,Torino,Piemonte,Italy,2024-01-10,Bronze,36-50
CUST_04695,Annibale,Gramsci,annibale.gramsci1@libero.it,Genova,Liguria,Italy,2018-05-17,Silver,36-50
CUST_04696,Frederick,Moss,frederick.moss3@icloud.com,Verona,Veneto,Italy,2020-10-30,Platinum,36-50
CUST_04697,Virgilio,Marini,virgilio.marini72@virgilio.it,Verona,Veneto,Italy,2021-01-16,Silver,50+
CUST_04698,Owen,Thompson,owen.thompson18@yahoo.it,Bologna,Emilia-Romagna,Italy,2024-05-01,Silver,26-35
CUST_04699,Mariano,Stoppani,mariano.stoppani8@icloud.com,Trieste,Friuli-Venezia Giulia,Italy,2020-07-19,Gold,36-50
CUST_04700,Panfilo,Crispi,panfilo.crispi47@hotmail.it,Torino,Piemonte,Italy,2019-04-01,Bronze,50+
CUST_04701,Aldo,Nadi,aldo.nadi38@virgilio.it,Trento,Trentino-Alto Adige,Italy,2022-10-01,Silver,18-25
CUST_04702,Giulietta,Nievo,giulietta.nievo19@email.it,Roma,Lazio,Italy,2022-09-22,Gold,18-25
CUST_04703,Molly,Thomas,molly.thomas32@libero.it,Firenze,Toscana,Italy,2023-12-21,Platinum,26-35
CUST_04704,Leah,Davies,leah.davies29@gmail.com,Milano,Lombardia,Italy,2024-04-30,Bronze,36-50
CUST_04705,Michelangelo,Marazzi,michelangelo.marazzi96@hotmail.it,Verona,Veneto,Italy,2022-10-08,Silver,26-35
CUST_04706,Gianpietro,Tasso,gianpietro.tasso16@hotmail.it,Torino,Piemonte,Italy,2024-04-07,Silver,26-35
CUST_04707,Guido,Bixio,guido.bixio49@gmail.com,Roma,Lazio,Italy,2023-07-14,Bronze,36-50
CUST_04708,Tracey,Morgan,tracey.morgan90@email.it,Roma,Lazio,Italy,2021-05-05,Silver,36-50
CUST_04709,Elena,Gucci,elena.gucci48@gmail.com,Trento,Trentino-Alto Adige,Italy,2024-04-05,Bronze,26-35
CUST_04710,Tina,Pederiva,tina.pederiva90@yahoo.it,Padova,Veneto,Italy,2023-04-23,Bronze,26-35
CUST_04711,Veronica,Badoglio,veronica.badoglio85@yahoo.it,Bologna,Emilia-Romagna,Italy,2022-03-07,Bronze,36-50
CUST_04712,Angelina,Littizzetto,angelina.littizzetto62@hotmail.it,Genova,Liguria,Italy,2023-05-12,Silver,50+
CUST_04713,Gianluca,Corbo,gianluca.corbo4@hotmail.it,Napoli,Campania,Italy,2022-02-12,Bronze,36-50
CUST_04714,Massimiliano,Perozzo,massimiliano.perozzo47@hotmail.it,Torino,Piemonte,Italy,2020-03-12,Bronze,36-50
CUST_04715,Flavia,Cibin,flavia.cibin11@libero.it,Cagliari,Sardegna,Italy,2023-07-06,Bronze,26-35
CUST_04716,Mohamed,Morgan,mohamed.morgan10@gmail.com,Milano,Lombardia,Italy,2023-11-25,Bronze,26-35
CUST_04717,Calogero,Pascarella,calogero.pascarella73@email.it,Napoli,Campania,Italy,2023-07-19,Bronze,36-50
CUST_04718,Umberto,Gentili,umberto.gentili20@hotmail.it,Torino,Piemonte,Italy,2021-02-09,Bronze,50+
CUST_04719,Piermaria,Giunti,piermaria.giunti61@hotmail.it,Napoli,Campania,Italy,2024-05-09,Silver,36-50
CUST_04720,Sharon,Whitehouse,sharon.whitehouse96@outlook.com,Napoli,Campania,Italy,2019-01-12,Silver,50+
CUST_04721,Antonina,Corradi,antonina.corradi61@email.it,Bologna,Emilia-Romagna,Italy,2021-09-30,Bronze,50+
CUST_04722,Pompeo,Mazzanti,pompeo.mazzanti93@icloud.com,Roma,Lazio,Italy,2021-04-24,Bronze,18-25
CUST_04723,Claudia,Moneta,claudia.moneta57@gmail.com,Napoli,Campania,Italy,2019-06-05,Silver,18-25
CUST_04724,Ricciotti,Veneziano,ricciotti.veneziano37@yahoo.it,Roma,Lazio,Italy,2022-02-20,Bronze,18-25
CUST_04725,Donatello,Foconi,donatello.foconi20@gmail.com,Roma,Lazio,Italy,2023-02-17,Platinum,26-35
CUST_04726,Nigel,Smith,nigel.smith83@gmail.com,Milano,Lombardia,Italy,2024-02-08,Silver,18-25
CUST_04727,Denise,Morris,denise.morris78@hotmail.it,Bari,Puglia,Italy,2024-06-18,Bronze,50+
CUST_04728,Fiamma,Cicilia,fiamma.cicilia65@hotmail.it,Napoli,Campania,Italy,2023-11-04,Bronze,18-25
CUST_04729,Beatrice,Vendetti,beatrice.vendetti2@email.it,Genova,Liguria,Italy,2022-06-13,Silver,26-35
CUST_04730,Nicole,Jackson,nicole.jackson55@virgilio.it,Catania,Sicilia,Italy,2023-07-12,Bronze,26-35
CUST_04731,Giulietta,Finzi,giulietta.finzi71@outlook.com,Palermo,Sicilia,Italy,2023-12-20,Bronze,50+
CUST_04732,Beverley,Quinn,beverley.quinn74@outlook.com,Napoli,Campania,Italy,2022-06-07,Bronze,36-50
CUST_04733,Sophia,Cicala,sophia.cicala91@libero.it,Torino,Piemonte,Italy,2023-10-04,Silver,50+
CUST_04734,Karen,Dickinson,karen.dickinson55@hotmail.it,Torino,Piemonte,Italy,2022-07-07,Silver,50+
CUST_04735,Josephine,Fox,josephine.fox35@yahoo.it,Genova,Liguria,Italy,2022-01-15,Bronze,36-50
CUST_04736,Donna,Hayes,donna.hayes67@email.it,Napoli,Campania,Italy,2022-09-18,Silver,26-35
CUST_04737,Lodovico,Trevisan,lodovico.trevisan17@libero.it,Padova,Veneto,Italy,2023-05-05,Bronze,26-35
CUST_04738,Durante,Riccati,durante.riccati52@gmail.com,Trieste,Friuli-Venezia Giulia,Italy,2023-07-17,Silver,26-35
CUST_04739,Peter,Jones,peter.jones29@email.it,Roma,Lazio,Italy,2021-11-18,Bronze,36-50
CUST_04740,Marta,Columbo,marta.columbo24@yahoo.it,Roma,Lazio,Italy,2022-11-29,Silver,18-25
CUST_04741,Filippa,Zeffirelli,filippa.zeffirelli89@virgilio.it,Genova,Liguria,Italy,2024-03-13,Platinum,18-25
CUST_04742,Bryan,Sanderson,bryan.sanderson62@icloud.com,Firenze,Toscana,Italy,2024-06-02,Bronze,36-50
CUST_04743,Graham,Clark,graham.clark84@email.it,Milano,Lombardia,Italy,2021-02-04,Bronze,36-50
CUST_04744,Patrick,Stone,patrick.stone49@hotmail.it,Trento,Trentino-Alto Adige,Italy,2020-11-07,Bronze,36-50
CUST_04745,Ermenegildo,Mercati,ermenegildo.mercati7@icloud.com,Roma,Lazio,Italy,2023-05-06,Bronze,26-35
CUST_04746,Glenn,Murphy,glenn.murphy83@email.it,Perugia,Umbria,Italy,2022-03-08,Bronze,50+
CUST_04747,Russell,Reynolds,russell.reynolds25@outlook.com,Catania,Sicilia,Italy,2019-01-04,Gold,36-50
CUST_04748,Baldassare,Volterra,baldassare.volterra14@yahoo.it,Bari,Puglia,Italy,2021-10-29,Gold,18-25
CUST_04749,Vito,Casale,vito.casale10@icloud.com,Roma,Lazio,Italy,2023-11-02,Bronze,36-50
CUST_04750,Fiorino,Mercati,fiorino.mercati78@icloud.com,Roma,Lazio,Italy,2023-10-21,Silver,50+
CUST_04751,Rosa,Combi,rosa.combi4@libero.it,Bologna,Emilia-Romagna,Italy,2022-07-27,Silver,18-25
CUST_04752,Damien,Jones,damien.jones37@hotmail.it,Roma,Lazio,Italy,2022-06-20,Silver,26-35
CUST_04753,Lilla,Badoglio,lilla.badoglio70@yahoo.it,Firenze,Toscana,Italy,2022-12-12,Bronze,36-50
CUST_04754,Jennifer,Atkinson,jennifer.atkinson9@libero.it,Firenze,Toscana,Italy,2021-01-16,Bronze,18-25
CUST_04755,Alison,Newton,alison.newton77@gmail.com,Roma,Lazio,Italy,2022-09-17,Bronze,50+
CUST_04756,Marina,Metella,marina.metella97@outlook.com,Roma,Lazio,Italy,2018-09-06,Bronze,26-35
CUST_04757,Clifford,Thomas,clifford.thomas25@libero.it,Verona,Veneto,Italy,2022-06-25,Silver,36-50
CUST_04758,Tiziana,Porcellato,tiziana.porcellato82@gmail.com,Roma,Lazio,Italy,2021-10-07,Silver,36-50
CUST_04759,Carolyn,Clark,carolyn.clark31@outlook.com,Milano,Lombardia,Italy,2023-05-04,Bronze,36-50
CUST_04760,Piergiorgio,Marconi,piergiorgio.marconi11@gmail.com,Genova,Liguria,Italy,2023-03-11,Bronze,26-35
CUST_04761,Glenn,Miah,glenn.miah73@virgilio.it,Lecce,Puglia,Italy,2022-01-04,Gold,26-35
CUST_04762,Rembrandt,Legnante,rembrandt.legnante6@gmail.com,Firenze,Toscana,Italy,2018-07-21,Silver,18-25
CUST_04763,Enzo,Farina,enzo.farina41@yahoo.it,Milano,Lombardia,Italy,2021-04-06,Gold,26-35
CUST_04764,Sian,Roberts,sian.roberts40@gmail.com,Bologna,Emilia-Romagna,Italy,2023-03-04,Bronze,26-35
CUST_04765,Coriolano,Cheda,coriolano.cheda46@outlook.com,Cagliari,Sardegna,Italy,2019-10-01,Silver,50+
CUST_04766,Fiorino,Aulenti,fiorino.aulenti51@libero.it,Verona,Veneto,Italy,2020-02-18,Silver,26-35
CUST_04767,Mariana,Interiano,mariana.interiano41@email.it,Genova,Liguria,Italy,2023-03-24,Gold,36-50
CUST_04768,Norman,Lewis,norman.lewis93@icloud.com,Firenze,Toscana,Italy,2023-08-25,Bronze,26-35
CUST_04769,Clelia,Zola,clelia.zola17@yahoo.it,Bologna,Emilia-Romagna,Italy,2021-09-07,Bronze,36-50
CUST_04770,Daria,Gianetti,daria.gianetti43@email.it,Milano,Lombardia,Italy,2022-07-19,Bronze,50+
CUST_04771,Cassandra,Giannetti,cassandra.giannetti95@yahoo.it,Palermo,Sicilia,Italy,2024-04-26,Gold,26-35
CUST_04772,Gianni,Aulenti,gianni.aulenti65@hotmail.it,Catania,Sicilia,Italy,2024-04-26,Gold,50+
CUST_04773,Micheletto,Botta,micheletto.botta4@email.it,Lecce,Puglia,Italy,2021-08-08,Platinum,36-50
CUST_04774,Gloria,Sinisi,gloria.sinisi62@gmail.com,Roma,Lazio,Italy,2023-11-06,Platinum,50+
CUST_04775,Donato,Tebaldi,donato.tebaldi38@hotmail.it,Milano,Lombardia,Italy,2023-01-03,Bronze,36-50
CUST_04776,Rossana,Scotto,rossana.scotto20@virgilio.it,Bologna,Emilia-Romagna,Italy,2024-06-01,Bronze,26-35
CUST_04777,Lara,Paltrinieri,lara.paltrinieri11@yahoo.it,Catania,Sicilia,Italy,2022-06-28,Bronze,26-35
CUST_04778,Lynn,Walsh,lynn.walsh92@libero.it,Verona,Veneto,Italy,2023-09-20,Bronze,18-25
CUST_04779,Fiorino,Pedersoli,fiorino.pedersoli28@hotmail.it,Roma,Lazio,Italy,2023-09-11,Gold,36-50
CUST_04780,Silvestro,Sgalambro,silvestro.sgalambro99@hotmail.it,Roma,Lazio,Italy,2022-08-01,Gold,50+
CUST_04781,Edoardo,Dallapé,edoardo.dallapé65@icloud.com,Napoli,Campania,Italy,2023-10-18,Bronze,36-50
CUST_04782,Fredo,Gemito,fredo.gemito58@hotmail.it,Firenze,Toscana,Italy,2021-04-27,Silver,26-35
CUST_04783,Yvonne,Pickering,yvonne.pickering44@outlook.com,Trieste,Friuli-Venezia Giulia,Italy,2020-04-09,Gold,50+
CUST_04784,Amedeo,Pizzetti,amedeo.pizzetti47@email.it,Napoli,Campania,Italy,2022-03-28,Bronze,36-50
CUST_04785,Marina,Anguillara,marina.anguillara6@email.it,Verona,Veneto,Italy,2024-04-24,Bronze,26-35
CUST_04786,Greco,Pontecorvo,greco.pontecorvo31@libero.it,Venezia,Veneto,Italy,2022-08-07,Bronze,18-25
CUST_04787,Gianfrancesco,Fioravanti,gianfrancesco.fioravanti79@yahoo.it,Bari,Puglia,Italy,2023-03-07,Bronze,18-25
CUST_04788,Maria,Fittipaldi,maria.fittipaldi20@virgilio.it,Firenze,Toscana,Italy,2023-02-18,Silver,50+
CUST_04789,Baccio,Eco,baccio.eco13@gmail.com,Padova,Veneto,Italy,2020-05-13,Bronze,50+
CUST_04790,Raimondo,Stoppani,raimondo.stoppani19@outlook.com,Firenze,Toscana,Italy,2022-01-22,Bronze,26-35
CUST_04791,Bethany,Barnes,bethany.barnes71@yahoo.it,Bologna,Emilia-Romagna,Italy,2023-06-19,Platinum,26-35
CUST_04792,Gloria,Modiano,gloria.modiano64@yahoo.it,Roma,Lazio,Italy,2024-05-28,Silver,36-50
CUST_04793,Stefania,Satriani,stefania.satriani59@icloud.com,Napoli,Campania,Italy,2020-08-30,Bronze,50+
CUST_04794,Carol,Yates,carol.yates22@outlook.com,Firenze,Toscana,Italy,2022-03-01,Platinum,36-50
CUST_04795,Christian,Hart,christian.hart21@yahoo.it,Roma,Lazio,Italy,2020-01-02,Bronze,36-50
CUST_04796,Vanessa,Gradenigo,vanessa.gradenigo36@icloud.com,Lecce,Puglia,Italy,2021-03-14,Bronze,26-35
CUST_04797,Ann,Byrne,ann.byrne46@yahoo.it,Roma,Lazio,Italy,2021-12-27,Gold,36-50
CUST_04798,Jayne,Young,jayne.young10@hotmail.it,Verona,Veneto,Italy,2022-10-11,Bronze,26-35
CUST_04799,Pompeo,Pirelli,pompeo.pirelli91@virgilio.it,Reggio Calabria,Calabria,Italy,2021-02-13,Silver,50+
CUST_04800,Maura,Bassi,maura.bassi34@virgilio.it,Milano,Lombardia,Italy,2021-02-05,Bronze,26-35
CUST_04801,Concetta,Parpinel,concetta.parpinel33@virgilio.it,Palermo,Sicilia,Italy,2023-09-24,Bronze,50+
CUST_04802,Barbara,Wright,barbara.wright84@hotmail.it,Roma,Lazio,Italy,2024-05-17,Silver,26-35
CUST_04803,Liana,Mazzeo,liana.mazzeo16@virgilio.it,Milano,Lombardia,Italy,2021-09-11,Bronze,50+
CUST_04804,Panfilo,Valguarnera,panfilo.valguarnera6@icloud.com,Torino,Piemonte,Italy,2023-05-23,Silver,26-35
CUST_04805,Janet,Burgess,janet.burgess37@email.it,Perugia,Umbria,Italy,2021-04-20,Silver,26-35
CUST_04806,Venancio,Baroffio,venancio.baroffio53@hotmail.it,Milano,Lombardia,Italy,2024-04-04,Gold,36-50
CUST_04807,Umberto,Cantimori,umberto.cantimori57@icloud.com,Venezia,Veneto,Italy,2023-05-01,Silver,18-25
CUST_04808,Rocco,Saracino,rocco.saracino66@icloud.com,Napoli,Campania,Italy,2023-10-27,Bronze,50+
CUST_04809,Ramona,Basso,ramona.basso48@yahoo.it,Trieste,Friuli-Venezia Giulia,Italy,2019-06-11,Gold,36-50
CUST_04810,Allan,Martin,allan.martin88@email.it,Milano,Lombardia,Italy,2023-01-10,Silver,36-50
CUST_04811,Tina,Gozzano,tina.gozzano65@virgilio.it,Palermo,Sicilia,Italy,2022-09-20,Silver,50+
CUST_04812,Geraldine,Law,geraldine.law34@gmail.com,Palermo,Sicilia,Italy,2021-07-08,Gold,50+
CUST_04813,Ugolino,Vanvitelli,ugolino.vanvitelli80@gmail.com,Palermo,Sicilia,Italy,2021-04-30,Silver,36-50
CUST_04814,Paolo,Barracco,paolo.barracco95@libero.it,Ancona,Marche,Italy,2022-12-13,Bronze,50+
CUST_04815,Philip,Mellor,philip.mellor90@gmail.com,Padova,Veneto,Italy,2023-06-18,Silver,18-25
CUST_04816,Anita,Pedersoli,anita.pedersoli20@yahoo.it,Milano,Lombardia,Italy,2019-03-08,Bronze,18-25
CUST_04817,Ugo,Bembo,ugo.bembo38@email.it,Napoli,Campania,Italy,2022-11-23,Bronze,36-50
CUST_04818,Franco,Maderno,franco.maderno21@email.it,Torino,Piemonte,Italy,2020-09-06,Silver,26-35
CUST_04819,Paula,Birch,paula.birch10@libero.it,Firenze,Toscana,Italy,2020-06-07,Bronze,36-50
CUST_04820,Ranieri,Pezzali,ranieri.pezzali50@virgilio.it,Napoli,Campania,Italy,2023-02-17,Bronze,26-35
CUST_04821,Valentina,Marinetti,valentina.marinetti86@yahoo.it,Torino,Piemonte,Italy,2021-08-15,Bronze,26-35
CUST_04822,Matilda,Lucciano,matilda.lucciano45@virgilio.it,Napoli,Campania,Italy,2022-04-25,Silver,50+
CUST_04823,Romolo,Dellucci,romolo.dellucci60@virgilio.it,Lecce,Puglia,Italy,2021-11-24,Bronze,36-50
CUST_04824,Victor,Chapman,victor.chapman14@yahoo.it,Milano,Lombardia,Italy,2023-03-26,Silver,50+
CUST_04825,Piersanti,Majewski,piersanti.majewski24@yahoo.it,Cagliari,Sardegna,Italy,2022-06-15,Bronze,36-50
CUST_04826,Daria,Berrè,daria.berrè51@email.it,Napoli,Campania,Italy,2024-05-18,Bronze,26-35
CUST_04827,Graziella,Traetta,graziella.traetta26@email.it,Genova,Liguria,Italy,2021-11-09,Bronze,26-35
CUST_04828,Elmo,Scarfoglio,elmo.scarfoglio43@yahoo.it,Padova,Veneto,Italy,2023-08-04,Silver,26-35
CUST_04829,Geoffrey,Smith,geoffrey.smith41@icloud.com,Torino,Piemonte,Italy,2021-04-18,Bronze,50+
CUST_04830,Renata,Salvo,renata.salvo78@virgilio.it,Napoli,Campania,Italy,2022-08-20,Platinum,18-25
CUST_04831,Wendy,Hill,wendy.hill28@virgilio.it,Torino,Piemonte,Italy,2022-10-30,Gold,26-35
CUST_04832,Carlo,Tasca,carlo.tasca15@outlook.com,Torino,Piemonte,Italy,2021-09-23,Gold,50+
CUST_04833,Costanzo,Errigo,costanzo.errigo59@gmail.com,Perugia,Umbria,Italy,2022-06-18,Gold,36-50
CUST_04834,Ruth,Sinclair,ruth.sinclair70@hotmail.it,Padova,Veneto,Italy,2021-06-07,Bronze,26-35
CUST_04835,Melania,Vergerio,melania.vergerio61@hotmail.it,Milano,Lombardia,Italy,2018-07-03,Silver,26-35
CUST_04836,Charlotte,Talbot,charlotte.talbot82@libero.it,Milano,Lombardia,Italy,2021-01-06,Silver,50+
CUST_04837,Kate,Clark,kate.clark41@gmail.com,Napoli,Campania,Italy,2023-06-09,Silver,50+
CUST_04838,Durante,Persico,durante.persico77@email.it,Milano,Lombardia,Italy,2023-09-15,Gold,26-35
CUST_04839,Piergiuseppe,Missoni,piergiuseppe.missoni8@icloud.com,Genova,Liguria,Italy,2021-06-09,Silver,26-35
CUST_04840,Jay,Brady,jay.brady56@virgilio.it,Roma,Lazio,Italy,2022-02-24,Platinum,50+
CUST_04841,Roberto,Asmundo,roberto.asmundo28@gmail.com,Bologna,Emilia-Romagna,Italy,2019-04-04,Bronze,36-50
CUST_04842,Ferdinando,Sansoni,ferdinando.sansoni28@gmail.com,Milano,Lombardia,Italy,2021-03-01,Gold,50+
CUST_04843,Camilla,Finotto,camilla.finotto98@email.it,Firenze,Toscana,Italy,2023-09-26,Silver,36-50
CUST_04844,Tonia,Santorio,tonia.santorio35@outlook.com,Palermo,Sicilia,Italy,2023-01-22,Silver,50+
CUST_04845,Marian,Thompson,marian.thompson82@hotmail.it,Napoli,Campania,Italy,2020-12-12,Bronze,26-35
CUST_04846,Carlo,Greggio,carlo.greggio11@hotmail.it,Lecce,Puglia,Italy,2021-04-18,Silver,26-35
CUST_04847,Luigi,Dallapé,luigi.dallapé9@outlook.com,Trieste,Friuli-Venezia Giulia,Italy,2023-11-15,Gold,36-50
CUST_04848,Letizia,Catalano,letizia.catalano52@yahoo.it,Torino,Piemonte,Italy,2020-12-20,Bronze,36-50
CUST_04849,Carlo,Carnera,carlo.carnera39@virgilio.it,Milano,Lombardia,Italy,2021-10-03,Silver,50+
CUST_04850,Isa,Salata,isa.salata54@libero.it,Padova,Veneto,Italy,2023-04-19,Bronze,18-25
CUST_04851,Ellie,Cole,ellie.cole86@outlook.com,Cagliari,Sardegna,Italy,2022-11-13,Platinum,50+
CUST_04852,Emma,Orsini,emma.orsini24@gmail.com,Padova,Veneto,Italy,2022-05-30,Bronze,26-35
CUST_04853,Joel,Bell,joel.bell12@email.it,Milano,Lombardia,Italy,2024-02-29,Bronze,36-50
CUST_04854,Marie,Cunningham,marie.cunningham44@outlook.com,Reggio Calabria,Calabria,Italy,2021-01-17,Bronze,18-25
CUST_04855,Calcedonio,Trevisan,calcedonio.trevisan22@libero.it,Roma,Lazio,Italy,2023-08-06,Silver,36-50
CUST_04856,Isabella,Pastine,isabella.pastine45@email.it,Catania,Sicilia,Italy,2020-08-04,Bronze,36-50
CUST_04857,Lilla,Tornatore,lilla.tornatore62@virgilio.it,Cagliari,Sardegna,Italy,2023-02-05,Silver,26-35
CUST_04858,Daria,Curatoli,daria.curatoli69@hotmail.it,Roma,Lazio,Italy,2024-01-24,Gold,26-35
CUST_04859,Aaron,Webster,aaron.webster90@email.it,Cagliari,Sardegna,Italy,2022-05-25,Gold,36-50
CUST_04860,Shane,Rogers,shane.rogers46@email.it,Firenze,Toscana,Italy,2023-07-13,Bronze,50+
CUST_04861,Nicolò,Vigliotti,nicolò.vigliotti2@libero.it,Lecce,Puglia,Italy,2023-11-20,Platinum,26-35
CUST_04862,Nino,Battelli,nino.battelli10@hotmail.it,Firenze,Toscana,Italy,2020-05-24,Silver,26-35
CUST_04863,Justin,Patel,justin.patel42@icloud.com,Ancona,Marche,Italy,2023-06-17,Bronze,26-35
CUST_04864,Patrick,Lewis,patrick.lewis2@hotmail.it,Milano,Lombardia,Italy,2024-03-25,Bronze,50+
CUST_04865,Marissa,Donatoni,marissa.donatoni59@hotmail.it,Catania,Sicilia,Italy,2022-12-07,Bronze,26-35
CUST_04866,Mario,Ziani,mario.ziani64@icloud.com,Bologna,Emilia-Romagna,Italy,2020-10-20,Gold,18-25
CUST_04867,Sylvia,Conti,sylvia.conti15@email.it,Napoli,Campania,Italy,2020-04-25,Bronze,36-50
CUST_04868,Samantha,Anderson,samantha.anderson34@gmail.com,Roma,Lazio,Italy,2021-04-24,Bronze,36-50
CUST_04869,Ettore,Collodi,ettore.collodi58@hotmail.it,Catania,Sicilia,Italy,2020-02-03,Silver,18-25
CUST_04870,Ferdinando,Bergoglio,ferdinando.bergoglio82@virgilio.it,Roma,Lazio,Italy,2022-08-28,Silver,50+
CUST_04871,Piero,Marzorati,piero.marzorati82@yahoo.it,Bologna,Emilia-Romagna,Italy,2019-09-19,Silver,36-50
CUST_04872,Lodovico,Sabatini,lodovico.sabatini5@libero.it,Roma,Lazio,Italy,2021-01-26,Silver,36-50
CUST_04873,Ivo,Fabbri,ivo.fabbri96@libero.it,Ancona,Marche,Italy,2022-04-23,Bronze,26-35
CUST_04874,Beverley,Cooper,beverley.cooper54@hotmail.it,Milano,Lombardia,Italy,2022-06-22,Gold,50+
CUST_04875,Danilo,Cheda,danilo.cheda77@email.it,Roma,Lazio,Italy,2022-11-20,Bronze,26-35
CUST_04876,Gaspare,Agazzi,gaspare.agazzi28@icloud.com,Roma,Lazio,Italy,2023-06-17,Silver,26-35
CUST_04877,Donna,Grisoni,donna.grisoni27@libero.it,Torino,Piemonte,Italy,2019-05-31,Silver,18-25
CUST_04878,Alberico,Sauli,alberico.sauli87@gmail.com,Roma,Lazio,Italy,2019-11-05,Bronze,36-50
CUST_04879,Stefano,Tarantino,stefano.tarantino48@icloud.com,Napoli,Campania,Italy,2019-08-09,Platinum,36-50
CUST_04880,Alessia,Ajello,alessia.ajello3@outlook.com,Trieste,Friuli-Venezia Giulia,Italy,2022-03-24,Bronze,36-50
CUST_04881,Concetta,Taccola,concetta.taccola40@yahoo.it,Catania,Sicilia,Italy,2019-05-01,Bronze,26-35
CUST_04882,Gilberto,Gagliardi,gilberto.gagliardi90@virgilio.it,Venezia,Veneto,Italy,2023-08-12,Gold,36-50
CUST_04883,Bianca,Silvestri,bianca.silvestri84@virgilio.it,Milano,Lombardia,Italy,2021-01-25,Silver,36-50
CUST_04884,Rodolfo,Platini,rodolfo.platini53@email.it,Palermo,Sicilia,Italy,2024-04-18,Silver,26-35
CUST_04885,Christian,Jones,christian.jones46@icloud.com,Roma,Lazio,Italy,2022-07-13,Silver,50+
CUST_04886,Shannon,Faulkner,shannon.faulkner70@email.it,Verona,Veneto,Italy,2022-05-05,Gold,26-35
CUST_04887,Rembrandt,Botta,rembrandt.botta67@icloud.com,Roma,Lazio,Italy,2023-09-28,Bronze,36-50
CUST_04888,Cecilia,Alboni,cecilia.alboni15@hotmail.it,Torino,Piemonte,Italy,2023-06-27,Bronze,18-25
CUST_04889,Leah,Begum,leah.begum59@email.it,Torino,Piemonte,Italy,2023-01-24,Bronze,36-50
CUST_04890,Gioele,Verri,gioele.verri48@hotmail.it,Trieste,Friuli-Venezia Giulia,Italy,2024-04-13,Bronze,50+
CUST_04891,Kyle,Duffy,kyle.duffy71@hotmail.it,Milano,Lombardia,Italy,2022-03-22,Silver,50+
CUST_04892,Wendy,Barber,wendy.barber70@email.it,Bologna,Emilia-Romagna,Italy,2023-11-04,Bronze,26-35
CUST_04893,Gustavo,Volterra,gustavo.volterra49@outlook.com,Roma,Lazio,Italy,2022-01-02,Bronze,26-35
CUST_04894,Pierina,Foletti,pierina.foletti85@email.it,Catania,Sicilia,Italy,2023-12-13,Bronze,18-25
CUST_04895,Christian,McLean,christian.mclean82@outlook.com,Cagliari,Sardegna,Italy,2021-04-23,Silver,50+
CUST_04896,Armando,Falloppio,armando.falloppio90@yahoo.it,Napoli,Campania,Italy,2021-06-30,Gold,36-50
CUST_04897,Enrico,Bersani,enrico.bersani12@yahoo.it,Napoli,Campania,Italy,2023-05-08,Bronze,26-35
CUST_04898,Fiamma,Navone,fiamma.navone12@gmail.com,Perugia,Umbria,Italy,2020-12-30,Silver,18-25
CUST_04899,Amleto,Columbo,amleto.columbo79@email.it,Bologna,Emilia-Romagna,Italy,2021-02-09,Bronze,50+
CUST_04900,Silvia,Balbo,silvia.balbo14@virgilio.it,Napoli,Campania,Italy,2021-08-03,Silver,36-50
CUST_04901,Barbara,Bibi,barbara.bibi96@yahoo.it,Venezia,Veneto,Italy,2023-05-10,Bronze,26-35
CUST_04902,Sarah,Watson,sarah.watson82@virgilio.it,Palermo,Sicilia,Italy,2024-02-16,Bronze,26-35
CUST_04903,Gelsomina,Mancini,gelsomina.mancini65@gmail.com,Milano,Lombardia,Italy,2023-05-03,Silver,26-35
CUST_04904,Marco,Brugnaro,marco.brugnaro86@outlook.com,Padova,Veneto,Italy,2023-11-30,Gold,36-50
CUST_04905,Armando,Cantimori,armando.cantimori54@libero.it,Napoli,Campania,Italy,2022-10-16,Bronze,50+
CUST_04906,Piermaria,Emo,piermaria.emo29@virgilio.it,Milano,Lombardia,Italy,2019-09-15,Silver,50+
CUST_04907,Ernesto,Lovato,ernesto.lovato71@email.it,Verona,Veneto,Italy,2020-01-22,Silver,36-50
CUST_04908,Danielle,Khan,danielle.khan15@libero.it,Torino,Piemonte,Italy,2022-11-02,Gold,50+
CUST_04909,Jacqueline,Robson,jacqueline.robson61@yahoo.it,Milano,Lombardia,Italy,2021-09-20,Bronze,26-35
CUST_04910,Cristina,Zanazzo,cristina.zanazzo45@virgilio.it,Genova,Liguria,Italy,2021-01-19,Bronze,26-35
CUST_04911,Federigo,Santoro,federigo.santoro53@email.it,Trieste,Friuli-Venezia Giulia,Italy,2022-06-09,Gold,50+
CUST_04912,Luigina,Omma,luigina.omma1@icloud.com,Trento,Trentino-Alto Adige,Italy,2023-04-22,Bronze,26-35
CUST_04913,Amleto,Caboto,amleto.caboto29@outlook.com,Ancona,Marche,Italy,2022-01-12,Bronze,26-35
CUST_04914,Marissa,Mannoia,marissa.mannoia35@outlook.com,Trieste,Friuli-Venezia Giulia,Italy,2023-10-27,Bronze,50+
CUST_04915,Luigi,Pacetti,luigi.pacetti40@email.it,Milano,Lombardia,Italy,2023-08-02,Gold,18-25
CUST_04916,Leanne,Lambert,leanne.lambert87@libero.it,Torino,Piemonte,Italy,2023-07-28,Bronze,36-50
CUST_04917,Viridiana,Parini,viridiana.parini1@email.it,Padova,Veneto,Italy,2024-06-13,Gold,50+
CUST_04918,Pierina,Boito,pierina.boito5@gmail.com,Torino,Piemonte,Italy,2021-07-13,Bronze,36-50
CUST_04919,Michelle,Richardson,michelle.richardson4@hotmail.it,Venezia,Veneto,Italy,2023-03-21,Bronze,18-25
CUST_04920,Maria,Renier,maria.renier48@icloud.com,Venezia,Veneto,Italy,2024-01-04,Bronze,26-35
CUST_04921,Rosaria,Vigliotti,rosaria.vigliotti43@hotmail.it,Torino,Piemonte,Italy,2022-12-12,Bronze,18-25
CUST_04922,Baccio,Maglio,baccio.maglio74@email.it,Cagliari,Sardegna,Italy,2023-10-10,Silver,26-35
CUST_04923,Sabatino,Chindamo,sabatino.chindamo31@email.it,Napoli,Campania,Italy,2022-03-08,Silver,36-50
CUST_04924,Elizabeth,Ellis,elizabeth.ellis25@email.it,Napoli,Campania,Italy,2022-12-29,Bronze,26-35
CUST_04925,Dario,Leoncavallo,dario.leoncavallo7@email.it,Reggio Calabria,Calabria,Italy,2019-07-14,Bronze,26-35
CUST_04926,Louise,Jones,louise.jones17@email.it,Napoli,Campania,Italy,2024-06-14,Silver,36-50
CUST_04927,Marcello,Trombetta,marcello.trombetta94@hotmail.it,Roma,Lazio,Italy,2023-10-24,Gold,36-50
CUST_04928,Piergiuseppe,Trezzini,piergiuseppe.trezzini52@icloud.com,Napoli,Campania,Italy,2024-01-21,Silver,50+
CUST_04929,Jake,Armstrong,jake.armstrong67@hotmail.it,Verona,Veneto,Italy,2023-06-01,Gold,26-35
CUST_04930,Giacobbe,Forza,giacobbe.forza56@libero.it,Verona,Veneto,Italy,2020-10-20,Bronze,50+
CUST_04931,Daria,Biagi,daria.biagi13@hotmail.it,Verona,Veneto,Italy,2019-02-22,Gold,36-50
CUST_04932,Corrado,Trupiano,corrado.trupiano65@yahoo.it,Catania,Sicilia,Italy,2024-01-16,Bronze,26-35
CUST_04933,Calogero,Sordi,calogero.sordi81@email.it,Roma,Lazio,Italy,2022-02-02,Bronze,26-35
CUST_04934,Lidia,Luna,lidia.luna98@outlook.com,Trieste,Friuli-Venezia Giulia,Italy,2021-05-03,Gold,26-35
CUST_04935,Pompeo,Mercalli,pompeo.mercalli71@hotmail.it,Trento,Trentino-Alto Adige,Italy,2022-11-14,Gold,36-50
CUST_04936,Giuliano,Trincavelli,giuliano.trincavelli42@libero.it,Roma,Lazio,Italy,2022-03-20,Silver,26-35
CUST_04937,Aria,Nitto,aria.nitto12@yahoo.it,Milano,Lombardia,Italy,2023-03-31,Bronze,50+
CUST_04938,Gerald,Harris,gerald.harris4@email.it,Lecce,Puglia,Italy,2022-07-09,Bronze,36-50
CUST_04939,Domenico,Zanichelli,domenico.zanichelli2@hotmail.it,Trieste,Friuli-Venezia Giulia,Italy,2023-06-05,Bronze,50+
CUST_04940,Henry,Wilson,henry.wilson4@yahoo.it,Trento,Trentino-Alto Adige,Italy,2024-01-02,Gold,18-25
CUST_04941,Stefano,Travia,stefano.travia74@email.it,Trento,Trentino-Alto Adige,Italy,2020-11-15,Bronze,26-35
CUST_04942,Lina,Tanzini,lina.tanzini4@hotmail.it,Bologna,Emilia-Romagna,Italy,2021-09-23,Gold,18-25
CUST_04943,Gerard,Thompson,gerard.thompson59@icloud.com,Genova,Liguria,Italy,2022-04-18,Bronze,26-35
CUST_04944,Silvio,Errigo,silvio.errigo24@libero.it,Bologna,Emilia-Romagna,Italy,2024-05-16,Gold,50+
CUST_04945,Clare,Armstrong,clare.armstrong84@libero.it,Milano,Lombardia,Italy,2021-12-05,Gold,18-25
CUST_04946,Valentina,Giannini,valentina.giannini39@libero.it,Bari,Puglia,Italy,2022-01-04,Bronze,26-35
CUST_04947,Isabella,Maccanelli,isabella.maccanelli69@libero.it,Napoli,Campania,Italy,2023-04-03,Bronze,18-25
CUST_04948,Fulvio,Abbagnale,fulvio.abbagnale93@email.it,Genova,Liguria,Italy,2022-03-17,Gold,26-35
CUST_04949,Danilo,Armani,danilo.armani99@outlook.com,Napoli,Campania,Italy,2024-05-03,Silver,50+
CUST_04950,Olivia,Parry,olivia.parry85@gmail.com,Napoli,Campania,Italy,2024-02-23,Silver,36-50
CUST_04951,Rosario,Casagrande,rosario.casagrande36@yahoo.it,Roma,Lazio,Italy,2022-08-28,Silver,36-50
CUST_04952,Nathan,Allen,nathan.allen19@gmail.com,Firenze,Toscana,Italy,2023-03-21,Bronze,26-35
CUST_04953,Max,Russell,max.russell82@yahoo.it,Roma,Lazio,Italy,2019-07-26,Gold,50+
CUST_04954,Loredana,Fogazzaro,loredana.fogazzaro15@virgilio.it,Roma,Lazio,Italy,2023-06-03,Bronze,36-50
CUST_04955,Nicoletta,Pozzecco,nicoletta.pozzecco77@yahoo.it,Lecce,Puglia,Italy,2023-06-19,Gold,26-35
CUST_04956,Claire,Freeman,claire.freeman14@hotmail.it,Roma,Lazio,Italy,2021-11-23,Bronze,26-35
CUST_04957,Luke,Carter,luke.carter37@outlook.com,Roma,Lazio,Italy,2021-01-16,Silver,50+
CUST_04958,Piergiuseppe,Beccheria,piergiuseppe.beccheria24@yahoo.it,Venezia,Veneto,Italy,2024-03-19,Bronze,36-50
CUST_04959,Mariano,Nibali,mariano.nibali10@virgilio.it,Venezia,Veneto,Italy,2022-03-30,Bronze,36-50
CUST_04960,Annalisa,Franzese,annalisa.franzese47@libero.it,Roma,Lazio,Italy,2023-04-03,Bronze,26-35
CUST_04961,Agostino,Finetti,agostino.finetti51@yahoo.it,Verona,Veneto,Italy,2019-03-09,Silver,26-35
CUST_04962,Graziella,Lombardi,graziella.lombardi63@gmail.com,Verona,Veneto,Italy,2022-03-07,Silver,36-50
CUST_04963,Chloe,Kaur,chloe.kaur53@yahoo.it,Roma,Lazio,Italy,2023-11-16,Gold,36-50
CUST_04964,Giovanni,Boito,giovanni.boito63@yahoo.it,Firenze,Toscana,Italy,2022-01-17,Bronze,36-50
CUST_04965,Livio,Mantegazza,livio.mantegazza27@email.it,Perugia,Umbria,Italy,2023-01-17,Silver,36-50
CUST_04966,Tonino,Vidoni,tonino.vidoni49@icloud.com,Padova,Veneto,Italy,2020-12-22,Silver,26-35
CUST_04967,Luigi,Albertini,luigi.albertini82@virgilio.it,Palermo,Sicilia,Italy,2022-03-12,Bronze,36-50
CUST_04968,Damiano,Montecchi,damiano.montecchi21@hotmail.it,Milano,Lombardia,Italy,2024-04-04,Bronze,50+
CUST_04969,Massimiliano,Petrocelli,massimiliano.petrocelli39@gmail.com,Napoli,Campania,Italy,2022-11-21,Bronze,50+
CUST_04970,Lidia,Badoer,lidia.badoer23@gmail.com,Bologna,Emilia-Romagna,Italy,2024-03-03,Bronze,26-35
CUST_04971,Roberta,Duodo,roberta.duodo16@icloud.com,Roma,Lazio,Italy,2024-03-03,Bronze,26-35
CUST_04972,Fulvio,Montalcini,fulvio.montalcini45@virgilio.it,Napoli,Campania,Italy,2024-04-24,Silver,50+
CUST_04973,Diane,Warner,diane.warner79@gmail.com,Venezia,Veneto,Italy,2024-02-24,Bronze,36-50
CUST_04974,Roberta,Moretti,roberta.moretti21@outlook.com,Firenze,Toscana,Italy,2018-05-16,Silver,36-50
CUST_04975,Giada,Soffici,giada.soffici16@libero.it,Verona,Veneto,Italy,2024-04-12,Gold,50+
CUST_04976,Salvatore,Barberini,salvatore.barberini78@gmail.com,Padova,Veneto,Italy,2020-05-29,Silver,36-50
CUST_04977,Hilary,Myers,hilary.myers69@gmail.com,Firenze,Toscana,Italy,2019-04-19,Silver,36-50
CUST_04978,Fabia,Ciampi,fabia.ciampi67@hotmail.it,Padova,Veneto,Italy,2019-07-13,Bronze,18-25
CUST_04979,Santino,Cremonesi,santino.cremonesi28@icloud.com,Milano,Lombardia,Italy,2021-11-02,Gold,18-25
CUST_04980,Joel,Gardiner,joel.gardiner15@libero.it,Padova,Veneto,Italy,2023-02-13,Bronze,18-25
CUST_04981,Eliana,Scaduto,eliana.scaduto4@icloud.com,Roma,Lazio,Italy,2022-02-13,Silver,50+
CUST_04982,Victoria,Valier,victoria.valier18@libero.it,Milano,Lombardia,Italy,2019-01-14,Platinum,26-35
CUST_04983,Virginia,Monti,virginia.monti11@hotmail.it,Genova,Liguria,Italy,2022-06-26,Silver,36-50
CUST_04984,Romolo,Porcellato,romolo.porcellato35@outlook.com,Napoli,Campania,Italy,2022-04-27,Silver,50+
CUST_04985,Luciana,Bertolucci,luciana.bertolucci62@libero.it,Cagliari,Sardegna,Italy,2023-08-27,Bronze,36-50
CUST_04986,Ryan,Power,ryan.power12@icloud.com,Torino,Piemonte,Italy,2021-06-08,Bronze,36-50
CUST_04987,Romana,Tremonti,romana.tremonti91@outlook.com,Firenze,Toscana,Italy,2021-01-11,Silver,26-35
CUST_04988,Damien,Taylor,damien.taylor60@virgilio.it,Napoli,Campania,Italy,2021-04-15,Bronze,50+
CUST_04989,Leonardo,Zetticci,leonardo.zetticci56@email.it,Napoli,Campania,Italy,2021-07-31,Silver,26-35
CUST_04990,Nicholas,Williams,nicholas.williams25@outlook.com,Torino,Piemonte,Italy,2023-01-11,Bronze,18-25
CUST_04991,Liliana,Mennea,liliana.mennea23@libero.it,Palermo,Sicilia,Italy,2022-06-18,Gold,26-35
CUST_04992,Angelina,Valentino,angelina.valentino88@outlook.com,Bari,Puglia,Italy,2021-10-09,Bronze,26-35
CUST_04993,Aldo,Folliero,aldo.folliero51@yahoo.it,Padova,Veneto,Italy,2021-12-22,Silver,26-35
CUST_04994,Terence,Russell,terence.russell75@outlook.com,Lecce,Puglia,Italy,2021-12-16,Silver,36-50
CUST_04995,Aurora,Montanariello,aurora.montanariello22@libero.it,Roma,Lazio,Italy,2024-05-29,Bronze,26-35
CUST_04996,Nicoletta,Nitto,nicoletta.nitto93@virgilio.it,Catania,Sicilia,Italy,2021-02-19,Bronze,36-50
CUST_04997,Baccio,Contarini,baccio.contarini56@virgilio.it,Torino,Piemonte,Italy,2023-11-17,Bronze,18-25
CUST_04998,Hugo,Bajamonti,hugo.bajamonti55@outlook.com,Palermo,Sicilia,Italy,2023-06-20,Bronze,18-25
CUST_04999,Martino,Panicucci,martino.panicucci41@yahoo.it,Napoli,Campania,Italy,2018-06-26,Bronze,36-50
CUST_05000,Elena,Udinesi,elena.udinesi78@email.it,Reggio Calabria,Calabria,Italy,2024-06-22,Bronze,50+
